// Mechanically generated; edit the approved inventory, not these bytes.
// Inventory SHA256: 35a289f0367283f4a437a08e3ec970a4657c65d1605852b86f7d7f1223940c2e
// Parent inventory SHA256: 4b450f0b57dbf2b2dad70872b21ef5615ccfc639d831ac54c68f12e09b83fdd4
// Host SHA256: 0d8f3222ad796b024fb525118658bb1ce946e4357e35ba6e5ecd127883757393
constexpr char kInventorySha256[] = "35A289F0367283F4A437A08E3EC970A4657C65D1605852B86F7D7F1223940C2E";
constexpr std::uint8_t kReportingBytes0[] = {
    0x40,0x53,0x48,0x83,0xec,0x20,0x48,0x8b,0x81,0x80,0x00,0x00,0x00,0x48,0x8b,0xd9,
    0x48,0x85,0xc0,0x74,0x69,0x83,0x78,0x68,0x00,0x74,0x63,0x48,0x8b,0x40,0x60,0x48,
    0x83,0x38,0x00,0x74,0x59,0x48,0x8b,0x15,0x74,0xd0,0xe1,0x00,0x48,0x85,0xd2,0x75,
    0x24,0x48,0x8d,0x0d,0xb0,0xd5,0x53,0x00,0xe8,0x43,0xb3,0xaa,0xff,0x48,0x89,0x05,
    0x5c,0xd0,0xe1,0x00,0xe8,0x77,0x23,0xab,0xff,0x48,0x8b,0x15,0x50,0xd0,0xe1,0x00,
    0x48,0x85,0xd2,0x74,0x38,0x48,0x8b,0x83,0x80,0x00,0x00,0x00,0x48,0x8b,0x48,0x60,
    0x48,0x8b,0x01,0x48,0x8b,0x48,0x50,0x48,0x85,0xc9,0x74,0x12,0x0f,0x1f,0x40,0x00,
    0x48,0x3b,0xca,0x74,0x18,0x48,0x8b,0x49,0x78,0x48,0x85,0xc9,0x75,0xf2,0x33,0xc0,
    0x48,0x8b,0x80,0xcc,0x05,0x00,0x00,0x48,0x83,0xc4,0x20,0x5b,0xc3,0x48,0x8b,0x83,
    0x80,0x00,0x00,0x00,0x48,0x8b,0x48,0x60,0x48,0x8b,0x01,0x48,0x8b,0x80,0xcc,0x05,
    0x00,0x00,0x48,0x83,0xc4,0x20,0x5b,0xc3,
};
constexpr std::uint8_t kReportingBytes1[] = {
    0x40,0x53,0x48,0x83,0xec,0x20,0x48,0x8b,0x81,0x80,0x00,0x00,0x00,0x48,0x8b,0xd9,
    0x48,0x85,0xc0,0x74,0x69,0x83,0x78,0x68,0x00,0x74,0x63,0x48,0x8b,0x40,0x60,0x48,
    0x83,0x38,0x00,0x74,0x59,0x48,0x8b,0x15,0x24,0xac,0xe1,0x00,0x48,0x85,0xd2,0x75,
    0x24,0x48,0x8d,0x0d,0x60,0xb1,0x53,0x00,0xe8,0xf3,0x8e,0xaa,0xff,0x48,0x89,0x05,
    0x0c,0xac,0xe1,0x00,0xe8,0x27,0xff,0xaa,0xff,0x48,0x8b,0x15,0x00,0xac,0xe1,0x00,
    0x48,0x85,0xd2,0x74,0x31,0x48,0x8b,0x83,0x80,0x00,0x00,0x00,0x48,0x8b,0x48,0x60,
    0x48,0x8b,0x01,0x48,0x8b,0x48,0x50,0x48,0x85,0xc9,0x74,0x12,0x0f,0x1f,0x40,0x00,
    0x48,0x3b,0xca,0x74,0x11,0x48,0x8b,0x49,0x78,0x48,0x85,0xc9,0x75,0xf2,0x33,0xc0,
    0x48,0x83,0xc4,0x20,0x5b,0xc3,0x4c,0x8b,0x83,0x80,0x00,0x00,0x00,0x49,0x8b,0x40,
    0x60,0x4c,0x8b,0x08,0x4d,0x85,0xc9,0x74,0xe5,0x4d,0x85,0xc0,0x74,0x60,0x41,0x83,
    0x78,0x68,0x00,0x74,0x59,0x4d,0x85,0xc9,0x74,0x54,0x48,0x85,0xd2,0x75,0x24,0x48,
    0x8d,0x0d,0xe2,0xb0,0x53,0x00,0xe8,0x75,0x8e,0xaa,0xff,0x48,0x89,0x05,0x8e,0xab,
    0xe1,0x00,0xe8,0xa9,0xfe,0xaa,0xff,0x48,0x8b,0x15,0x82,0xab,0xe1,0x00,0x48,0x85,
    0xd2,0x74,0x48,0x48,0x8b,0x83,0x80,0x00,0x00,0x00,0x48,0x8b,0x48,0x60,0x48,0x8b,
    0x01,0x48,0x8b,0x48,0x50,0x48,0x85,0xc9,0x74,0x14,0x66,0x0f,0x1f,0x44,0x00,0x00,
    0x48,0x3b,0xca,0x74,0x26,0x48,0x8b,0x49,0x78,0x48,0x85,0xc9,0x75,0xf2,0x33,0xc0,
    0xf7,0x80,0x98,0x03,0x00,0x00,0x00,0x01,0x00,0x00,0x0f,0x84,0x6e,0xff,0xff,0xff,
    0xb8,0x01,0x00,0x00,0x00,0x48,0x83,0xc4,0x20,0x5b,0xc3,0x48,0x8b,0x83,0x80,0x00,
    0x00,0x00,0x48,0x8b,0x48,0x60,0x48,0x8b,0x01,0xeb,0xd5,
};
constexpr std::uint8_t kReportingBytes2[] = {
    0xf6,0x41,0x60,0x20,0x75,0x13,0x48,0xb8,0x00,0x00,0x00,0x00,0x00,0x00,0x00,0x20,
    0x48,0x85,0x41,0x0c,0x75,0x03,0x33,0xc0,0xc3,0xb8,0x01,0x00,0x00,0x00,0xc3,
};
constexpr std::uint8_t kReportingBytes3[] = {
    0x48,0x8b,0x41,0x0c,0x48,0xc1,0xe8,0x3d,0x83,0xe0,0x01,0xc3,
};
constexpr std::uint8_t kReportingBytes4[] = {
    0x48,0x8b,0xc4,0x55,0x41,0x54,0x41,0x55,0x41,0x56,0x41,0x57,0x48,0x8d,0xa8,0x58,
    0xfd,0xff,0xff,0x48,0x81,0xec,0x80,0x03,0x00,0x00,0x48,0xc7,0x85,0xc8,0x00,0x00,
    0x00,0xfe,0xff,0xff,0xff,0x48,0x89,0x58,0x10,0x48,0x89,0x70,0x18,0x48,0x89,0x78,
    0x20,0x48,0x8b,0x05,0xe8,0xc7,0xa8,0x00,0x48,0x33,0xc4,0x48,0x89,0x85,0x70,0x02,
    0x00,0x00,0x4c,0x8b,0xe9,0x48,0x89,0x4d,0x60,0x48,0x8b,0x0d,0xb0,0xb3,0xd6,0x00,
    0x48,0x85,0xc9,0x0f,0x84,0xed,0x13,0x00,0x00,0x48,0x8b,0x09,0x48,0x85,0xc9,0x74,
    0x0e,0x48,0x8b,0x01,0xff,0x50,0x40,0x84,0xc0,0x0f,0x84,0xd7,0x13,0x00,0x00,0x4c,
    0x8d,0x05,0x0a,0xb9,0x77,0x00,0xba,0x51,0x03,0x00,0x00,0x48,0x8b,0x0d,0xc6,0x29,
    0xa4,0x00,0xe8,0x79,0x03,0x67,0xff,0x45,0x33,0xff,0x4c,0x89,0x7d,0xd8,0x4c,0x89,
    0x7d,0xe0,0x4c,0x89,0x7d,0xc8,0x4c,0x89,0x7d,0xd0,0x4c,0x89,0x7d,0xb8,0x4c,0x89,
    0x7d,0xc0,0x4c,0x89,0x7d,0x18,0x4c,0x89,0x7d,0x20,0x48,0x8d,0x1d,0x5f,0x53,0xa9,
    0x00,0x48,0x89,0x5c,0x24,0x20,0x4c,0x8d,0x4d,0xd8,0x4c,0x8d,0x05,0x5f,0xb9,0x77,
    0x00,0x48,0x8d,0x15,0xc8,0xba,0x77,0x00,0x48,0x8b,0x0d,0x09,0xca,0xa8,0x00,0xe8,
    0x4c,0x52,0x5e,0xff,0x48,0x89,0x5c,0x24,0x20,0x4c,0x8d,0x4d,0xc8,0x4c,0x8d,0x05,
    0x64,0xba,0x77,0x00,0x48,0x8d,0x15,0xa5,0xbb,0x77,0x00,0x48,0x8b,0x0d,0xe6,0xc9,
    0xa8,0x00,0xe8,0x29,0x52,0x5e,0xff,0x48,0x89,0x5c,0x24,0x20,0x4c,0x8d,0x4d,0xb8,
    0x4c,0x8d,0x05,0xf1,0xbb,0x77,0x00,0x48,0x8d,0x15,0x42,0xbc,0x77,0x00,0x48,0x8b,
    0x0d,0xc3,0xc9,0xa8,0x00,0xe8,0x06,0x52,0x5e,0xff,0x48,0x89,0x5c,0x24,0x20,0x4c,
    0x8d,0x4d,0x18,0x4c,0x8d,0x05,0xce,0xba,0x77,0x00,0x48,0x8d,0x15,0x87,0xbc,0x77,
    0x00,0x48,0x8b,0x0d,0xa0,0xc9,0xa8,0x00,0xe8,0xe3,0x51,0x5e,0xff,0x8b,0x45,0xc0,
    0x85,0xc0,0x74,0x04,0xff,0xc8,0x75,0x48,0x48,0x8d,0x1d,0x89,0xbd,0x77,0x00,0x48,
    0x8b,0x4d,0xb8,0x48,0x3b,0xcb,0x74,0x38,0xc7,0x45,0xc4,0x04,0x00,0x00,0x00,0xc7,
    0x45,0xc0,0x04,0x00,0x00,0x00,0xba,0x08,0x00,0x00,0x00,0x44,0x8b,0xc2,0xe8,0x7d,
    0x0b,0x62,0xff,0x48,0x89,0x45,0xb8,0x48,0x63,0x4d,0xc0,0x85,0xc9,0x74,0x11,0x4c,
    0x8b,0xc1,0x4d,0x03,0xc0,0x48,0x8b,0xd3,0x48,0x8b,0xc8,0xe8,0x36,0xa7,0x2f,0x00,
    0x8b,0x45,0xe0,0x85,0xc0,0x74,0x04,0xff,0xc8,0x75,0x26,0x83,0x3d,0xd6,0xb6,0xd6,
    0x00,0x00,0x75,0x1d,0xc7,0x05,0xca,0xb6,0xd6,0x00,0x01,0x00,0x00,0x00,0x48,0x8d,
    0x15,0xab,0xbd,0x77,0x00,0x48,0x8b,0x0d,0x8c,0x28,0xa4,0x00,0xe8,0x4f,0x01,0x67,
    0xff,0x49,0x8b,0x45,0x68,0x8b,0x88,0xd8,0x00,0x00,0x00,0xc1,0xe9,0x1b,0x80,0xe1,
    0x01,0x89,0x4d,0xf8,0x44,0x8b,0x25,0x21,0x4a,0xa4,0x00,0x83,0x3d,0xb6,0x49,0xa9,
    0x00,0x00,0x0f,0x95,0x44,0x24,0x70,0x8b,0x88,0xc4,0x00,0x00,0x00,0x03,0x88,0xc0,
    0x00,0x00,0x00,0x89,0x4d,0xe8,0x8b,0xf1,0x2b,0xb0,0xcc,0x00,0x00,0x00,0x2b,0xb0,
    0xc8,0x00,0x00,0x00,0x48,0x8b,0x0d,0x1d,0x81,0xd6,0x00,0x48,0x8b,0x89,0x90,0x00,
    0x00,0x00,0xe8,0x29,0xa0,0x68,0xff,0x48,0x8b,0xc8,0x48,0x8d,0x55,0x40,0xe8,0x2d,
    0xcf,0x5f,0xff,0x90,0x48,0x8b,0x0d,0xfd,0x80,0xd6,0x00,0xe8,0x10,0x9e,0xf3,0xff,
    0x44,0x8b,0xb0,0xf0,0x02,0x00,0x00,0x48,0x8b,0x0d,0xea,0x80,0xd6,0x00,0xe8,0xfd,
    0x9d,0xf3,0xff,0x48,0x8d,0x55,0x30,0x48,0x8b,0x48,0x50,0xe8,0x00,0xcf,0x5f,0xff,
    0x90,0x49,0x8b,0x5d,0x68,0x48,0x63,0xbb,0x54,0x01,0x00,0x00,0x49,0x8b,0xc7,0x48,
    0x89,0x45,0x00,0x89,0x7d,0x08,0x89,0x7d,0x0c,0x85,0xff,0x74,0x12,0x8d,0x14,0x3f,
    0x33,0xc9,0x44,0x8d,0x41,0x08,0xe8,0x75,0x0a,0x62,0xff,0x48,0x89,0x45,0x00,0x85,
    0xff,0x74,0x16,0x4c,0x8b,0xc7,0x4d,0x03,0xc0,0x48,0x8b,0x93,0x4c,0x01,0x00,0x00,
    0x48,0x8b,0xc8,0xe8,0x2e,0xa6,0x2f,0x00,0x90,0x83,0x3d,0x54,0x77,0xa7,0x00,0x00,
    0x74,0x73,0x44,0x89,0x3d,0x4b,0x77,0xa7,0x00,0x41,0xb9,0x01,0x00,0x00,0x00,0x45,
    0x33,0xc0,0x48,0x8d,0x15,0xc7,0xc5,0x77,0x00,0x48,0x8d,0x4d,0x28,0xe8,0x9e,0x35,
    0x68,0xff,0x41,0x8b,0xd7,0x4d,0x8b,0x45,0x68,0x45,0x8b,0x88,0x98,0x00,0x00,0x00,
    0x45,0x85,0xc9,0x7e,0x40,0x4d,0x8b,0x80,0x90,0x00,0x00,0x00,0x49,0x8b,0xcf,0x48,
    0x8b,0x45,0x28,0x44,0x8b,0x55,0x2c,0x41,0x39,0x44,0x08,0x04,0x75,0x07,0x45,0x39,
    0x54,0x08,0x08,0x74,0x0d,0xff,0xc2,0x48,0x83,0xc1,0x4c,0x41,0x3b,0xd1,0x7d,0x15,
    0xeb,0xe5,0x48,0x63,0xc2,0x48,0x6b,0xc0,0x4c,0x42,0x8b,0x14,0x00,0x89,0x15,0xe5,
    0x76,0xa7,0x00,0xeb,0x06,0x8b,0x15,0xdd,0x76,0xa7,0x00,0x4c,0x8d,0x3d,0xde,0x72,
    0x47,0x00,0x83,0xfa,0xff,0x0f,0x84,0xf7,0x00,0x00,0x00,0x33,0xc0,0x4d,0x8b,0x4d,
    0x68,0x45,0x8b,0x41,0x78,0x45,0x85,0xc0,0x0f,0x8e,0xe4,0x00,0x00,0x00,0x4d,0x8b,
    0x49,0x70,0x33,0xc9,0x41,0x39,0x14,0x09,0x74,0x10,0xff,0xc0,0x48,0x83,0xc1,0x18,
    0x41,0x3b,0xc0,0x7c,0xef,0xe9,0xc8,0x00,0x00,0x00,0x48,0x98,0x48,0x8d,0x1c,0x40,
    0x49,0x8d,0x49,0x04,0x48,0x8d,0x0c,0xd9,0x48,0x8d,0x55,0x98,0xe8,0x6f,0x64,0xf5,
    0xff,0x90,0x8b,0x45,0xa0,0x85,0xc0,0x0f,0x84,0x91,0x00,0x00,0x00,0xff,0xc8,0x85,
    0xc0,0x0f,0x8e,0x87,0x00,0x00,0x00,0x49,0x8b,0x45,0x68,0x48,0x8b,0x48,0x70,0x48,
    0x8d,0x0c,0xd9,0x48,0x83,0xc1,0x04,0x48,0x8d,0x55,0x88,0xe8,0x40,0x64,0xf5,0xff,
    0x48,0x8b,0xd8,0x48,0x8d,0x45,0x00,0x48,0x3b,0xc3,0x74,0x4d,0x48,0x63,0x7b,0x08,
    0x89,0x7d,0x0c,0x89,0x7d,0x08,0x48,0x8b,0x45,0x00,0x48,0x85,0xc0,0x75,0x04,0x85,
    0xff,0x74,0x36,0x8d,0x14,0x3f,0x41,0xb8,0x08,0x00,0x00,0x00,0x48,0x8b,0xc8,0xe8,
    0x1c,0x09,0x62,0xff,0x48,0x89,0x45,0x00,0x85,0xff,0x74,0x1d,0x83,0x7b,0x08,0x00,
    0x74,0x05,0x48,0x8b,0x13,0xeb,0x03,0x49,0x8b,0xd7,0x4c,0x8b,0xc7,0x4d,0x03,0xc0,
    0x48,0x8b,0xc8,0xe8,0xce,0xa4,0x2f,0x00,0x90,0x33,0xc0,0x48,0x89,0x45,0x90,0x48,
    0x8b,0x4d,0x88,0x48,0x85,0xc9,0x74,0x06,0xe8,0x23,0x05,0x62,0xff,0x90,0x33,0xc9,
    0x48,0x89,0x4d,0xa0,0x48,0x8b,0x4d,0x98,0x48,0x85,0xc9,0x74,0x05,0xe8,0x0e,0x05,
    0x62,0xff,0x49,0x8b,0xdf,0x83,0x7d,0x38,0x00,0x48,0x0f,0x45,0x5d,0x30,0x4d,0x8b,
    0xdf,0x83,0x7d,0x48,0x00,0x4c,0x0f,0x45,0x5d,0x40,0x4d,0x8b,0xd7,0x85,0xff,0x4c,
    0x8b,0x6d,0x00,0x4d,0x0f,0x45,0xd5,0x4d,0x8b,0xc7,0x83,0x7d,0xd0,0x00,0x4c,0x0f,
    0x45,0x45,0xc8,0x49,0x8b,0xd7,0x83,0x7d,0xc0,0x00,0x48,0x0f,0x45,0x55,0xb8,0x4c,
    0x8d,0x0d,0xd2,0xb3,0x77,0x00,0x48,0x8d,0x05,0x03,0xb4,0x77,0x00,0x48,0x8b,0xc8,
    0x80,0x7c,0x24,0x70,0x00,0x49,0x0f,0x45,0xc9,0x80,0x7d,0xf8,0x00,0x49,0x0f,0x45,
    0xc1,0x48,0x89,0x5c,0x24,0x68,0x44,0x89,0x74,0x24,0x60,0x89,0x74,0x24,0x58,0x4c,
    0x89,0x5c,0x24,0x50,0x4c,0x89,0x54,0x24,0x48,0x48,0x89,0x44,0x24,0x40,0x8b,0x5d,
    0xe8,0x89,0x5c,0x24,0x38,0x4c,0x89,0x44,0x24,0x30,0x48,0x89,0x54,0x24,0x28,0x48,
    0x89,0x4c,0x24,0x20,0x45,0x8b,0xcc,0x4c,0x8d,0x05,0xd2,0xdf,0x77,0x00,0xba,0x51,
    0x03,0x00,0x00,0x48,0x8b,0x0d,0x7e,0x25,0xa4,0x00,0xe8,0x31,0xff,0x66,0xff,0x48,
    0x8b,0x05,0x2a,0xaf,0xd6,0x00,0x89,0x98,0x9c,0x00,0x00,0x00,0xc6,0x80,0xa1,0x00,
    0x00,0x00,0x01,0x48,0x8b,0x08,0x48,0x85,0xc9,0x74,0x08,0x48,0x8b,0x01,0x8b,0xd3,
    0xff,0x50,0x60,0x48,0x8b,0x05,0x06,0xaf,0xd6,0x00,0x44,0x89,0xb0,0x94,0x00,0x00,
    0x00,0xc6,0x80,0xa0,0x00,0x00,0x00,0x01,0x49,0x8b,0xd7,0x85,0xff,0x49,0x0f,0x45,
    0xd5,0x48,0x8d,0x8d,0xe0,0x00,0x00,0x00,0xe8,0x73,0x50,0x5f,0xff,0x90,0x48,0x8b,
    0x90,0x80,0x00,0x00,0x00,0x48,0x8b,0x05,0xd4,0xae,0xd6,0x00,0x48,0x8b,0x08,0x48,
    0x85,0xc9,0x74,0x07,0x48,0x8b,0x01,0xff,0x50,0x70,0x90,0x48,0x8b,0x85,0x60,0x01,
    0x00,0x00,0x48,0x85,0xc0,0x74,0x1b,0xc6,0x00,0x00,0x48,0x8d,0x85,0xe0,0x00,0x00,
    0x00,0x48,0x8b,0x8d,0x60,0x01,0x00,0x00,0x48,0x3b,0xc8,0x74,0x05,0xe8,0xce,0x03,
    0x62,0xff,0x49,0x8b,0xd7,0x83,0x7d,0x48,0x00,0x48,0x0f,0x45,0x55,0x40,0x48,0x8d,
    0x8d,0xe0,0x00,0x00,0x00,0xe8,0x16,0x50,0x5f,0xff,0x90,0x4c,0x8b,0xb0,0x80,0x00,
    0x00,0x00,0x48,0x8b,0x35,0x77,0xae,0xd6,0x00,0x49,0x8b,0xd6,0x48,0x8d,0x4d,0x88,
    0xe8,0x7b,0x69,0x5d,0xff,0x48,0x8b,0xf8,0x48,0x8d,0x9e,0x84,0x00,0x00,0x00,0x48,
    0x3b,0xd8,0x74,0x4a,0x8b,0x50,0x08,0x89,0x53,0x0c,0x89,0x53,0x08,0x48,0x8b,0x0b,
    0x48,0x85,0xc9,0x75,0x04,0x85,0xd2,0x74,0x10,0x03,0xd2,0x41,0xb8,0x08,0x00,0x00,
    0x00,0xe8,0x2a,0x07,0x62,0xff,0x48,0x89,0x03,0x48,0x63,0x43,0x08,0x85,0xc0,0x74,
    0x1d,0x83,0x7f,0x08,0x00,0x74,0x05,0x48,0x8b,0x17,0xeb,0x03,0x49,0x8b,0xd7,0x4c,
    0x8b,0xc0,0x4d,0x03,0xc0,0x48,0x8b,0x0b,0xe8,0xd9,0xa2,0x2f,0x00,0x90,0x45,0x33,
    0xed,0x4c,0x89,0x6d,0x90,0x48,0x8b,0x4d,0x88,0x48,0x85,0xc9,0x74,0x05,0xe8,0x2d,
    0x03,0x62,0xff,0xc6,0x86,0xa1,0x00,0x00,0x00,0x01,0x48,0x8b,0x0e,0x48,0x85,0xc9,
    0x74,0x0a,0x48,0x8b,0x01,0x49,0x8b,0xd6,0xff,0x50,0x78,0x90,0x48,0x8b,0x85,0x60,
    0x01,0x00,0x00,0x48,0x85,0xc0,0x74,0x1b,0xc6,0x00,0x00,0x48,0x8d,0x85,0xe0,0x00,
    0x00,0x00,0x48,0x8b,0x8d,0x60,0x01,0x00,0x00,0x48,0x3b,0xc8,0x74,0x05,0xe8,0xed,
    0x02,0x62,0xff,0x49,0x8b,0xd7,0x83,0x7d,0x38,0x00,0x48,0x0f,0x45,0x55,0x30,0x48,
    0x8d,0x8d,0xe0,0x00,0x00,0x00,0xe8,0x35,0x4f,0x5f,0xff,0x90,0x48,0x8b,0x90,0x80,
    0x00,0x00,0x00,0x48,0x8b,0x0d,0x96,0xad,0xd6,0x00,0xe8,0x61,0x6e,0x02,0x00,0x90,
    0x48,0x8b,0x85,0x60,0x01,0x00,0x00,0x48,0x85,0xc0,0x74,0x1b,0xc6,0x00,0x00,0x48,
    0x8d,0x85,0xe0,0x00,0x00,0x00,0x48,0x8b,0x8d,0x60,0x01,0x00,0x00,0x48,0x3b,0xc8,
    0x74,0x05,0xe8,0x99,0x02,0x62,0xff,0xc6,0x85,0x70,0x01,0x00,0x00,0x00,0x33,0xd2,
    0x44,0x8d,0x42,0x7f,0x48,0x8d,0x8d,0x71,0x01,0x00,0x00,0xe8,0x1c,0xa2,0x2f,0x00,
    0xc6,0x85,0xf0,0x01,0x00,0x00,0x00,0x33,0xd2,0x44,0x8d,0x42,0x7f,0x48,0x8d,0x8d,
    0xf1,0x01,0x00,0x00,0xe8,0x03,0xa2,0x2f,0x00,0x4c,0x8b,0x65,0x60,0x49,0x8b,0x44,
    0x24,0x68,0x48,0x8b,0x48,0x50,0x48,0x8b,0xb9,0xb0,0x00,0x00,0x00,0x48,0x85,0xff,
    0x0f,0x84,0x08,0x05,0x00,0x00,0xbe,0xdf,0xff,0x00,0x00,0x0f,0x1f,0x44,0x00,0x00,
    0x8b,0x47,0x70,0x48,0x0f,0xba,0xe0,0x1e,0x0f,0x83,0xe0,0x04,0x00,0x00,0x48,0x8b,
    0x47,0x50,0xf6,0x80,0x42,0x01,0x00,0x00,0x01,0x0f,0x85,0xcf,0x04,0x00,0x00,0x83,
    0x7f,0x08,0xff,0x74,0x0e,0x48,0x8b,0x47,0x48,0x48,0x89,0x45,0x28,0x48,0x8d,0x45,
    0x28,0xeb,0x1c,0x41,0xb9,0x01,0x00,0x00,0x00,0x45,0x8b,0xc1,0x48,0x8d,0x15,0x3d,
    0x6f,0x47,0x00,0x48,0x8d,0x8d,0xb0,0x00,0x00,0x00,0xe8,0x21,0x31,0x68,0xff,0x48,
    0x8b,0x08,0xe8,0xd9,0x44,0x00,0x00,0x85,0xc0,0x0f,0x84,0x8f,0x04,0x00,0x00,0x83,
    0x7f,0x08,0xff,0x74,0x14,0x48,0x8b,0x47,0x48,0x48,0x89,0x85,0x88,0x00,0x00,0x00,
    0x48,0x8d,0x85,0x88,0x00,0x00,0x00,0xeb,0x1c,0x41,0xb9,0x01,0x00,0x00,0x00,0x45,
    0x8b,0xc1,0x48,0x8d,0x15,0xf7,0x6e,0x47,0x00,0x48,0x8d,0x8d,0xc0,0x00,0x00,0x00,
    0xe8,0xdb,0x30,0x68,0xff,0x48,0x8b,0x18,0x48,0x89,0x5d,0x10,0x41,0xb9,0x01,0x00,
    0x00,0x00,0x45,0x33,0xc0,0x48,0x8d,0x15,0x8c,0xd8,0x77,0x00,0x48,0x8d,0x8d,0xb8,
    0x00,0x00,0x00,0xe8,0xb8,0x30,0x68,0xff,0x39,0x18,0x75,0x0c,0x8b,0x4d,0x14,0x39,
    0x48,0x04,0x0f,0x84,0x26,0x04,0x00,0x00,0x49,0x8b,0x4c,0x24,0x68,0x4c,0x63,0x87,
    0x8c,0x00,0x00,0x00,0x4c,0x03,0xc1,0x4c,0x89,0x6c,0x24,0x78,0x4c,0x89,0x6d,0x80,
    0x4c,0x8b,0x17,0x8b,0x47,0x70,0x83,0xe0,0x01,0x89,0x44,0x24,0x28,0x48,0x89,0x4c,
    0x24,0x20,0x45,0x33,0xc9,0x48,0x8d,0x54,0x24,0x78,0x48,0x8b,0xcf,0x41,0xff,0x92,
    0x98,0x02,0x00,0x00,0x48,0x8b,0x47,0x50,0xf7,0x80,0x40,0x01,0x00,0x00,0x00,0x00,
    0x02,0x00,0x0f,0x84,0x0f,0x01,0x00,0x00,0x48,0x8b,0x44,0x24,0x78,0x0f,0xb7,0x08,
    0x66,0x83,0xe9,0x54,0x66,0x85,0xce,0x74,0x7f,0x48,0x8d,0x15,0x0c,0x57,0x77,0x00,
    0x48,0x8d,0x4d,0x50,0xe8,0xe7,0x66,0x5d,0xff,0x90,0x8b,0x55,0x58,0x89,0x55,0x84,
    0x89,0x55,0x80,0x48,0x83,0x7c,0x24,0x78,0x00,0x75,0x04,0x85,0xd2,0x74,0x3a,0x03,
    0xd2,0x41,0xb8,0x08,0x00,0x00,0x00,0x48,0x8b,0x4c,0x24,0x78,0xe8,0x9f,0x04,0x62,
    0xff,0x48,0x89,0x44,0x24,0x78,0x48,0x63,0x4d,0x80,0x85,0xc9,0x74,0x1b,0x49,0x8b,
    0xd7,0x83,0x7d,0x58,0x00,0x48,0x0f,0x45,0x55,0x50,0x4c,0x8b,0xc1,0x4d,0x03,0xc0,
    0x48,0x8b,0xc8,0xe8,0x4e,0xa0,0x2f,0x00,0x90,0x4c,0x89,0x6d,0x58,0x48,0x8b,0x4d,
    0x50,0x48,0x85,0xc9,0x0f,0x84,0xc7,0x01,0x00,0x00,0xe8,0xa1,0x00,0x62,0xff,0x4c,
    0x89,0x6d,0x50,0xe9,0xb9,0x01,0x00,0x00,0x48,0x8d,0x15,0xed,0x4f,0x77,0x00,0x48,
    0x8d,0x4d,0xa8,0xe8,0x68,0x66,0x5d,0xff,0x90,0x8b,0x55,0xb0,0x89,0x55,0x84,0x89,
    0x55,0x80,0x48,0x83,0x7c,0x24,0x78,0x00,0x75,0x04,0x85,0xd2,0x74,0x3a,0x03,0xd2,
    0x41,0xb8,0x08,0x00,0x00,0x00,0x48,0x8b,0x4c,0x24,0x78,0xe8,0x20,0x04,0x62,0xff,
    0x48,0x89,0x44,0x24,0x78,0x48,0x63,0x4d,0x80,0x85,0xc9,0x74,0x1b,0x49,0x8b,0xd7,
    0x83,0x7d,0xb0,0x00,0x48,0x0f,0x45,0x55,0xa8,0x4c,0x8b,0xc1,0x4d,0x03,0xc0,0x48,
    0x8b,0xc8,0xe8,0xcf,0x9f,0x2f,0x00,0x90,0x4c,0x89,0x6d,0xb0,0x48,0x8b,0x4d,0xa8,
    0x48,0x85,0xc9,0x0f,0x84,0x48,0x01,0x00,0x00,0xe8,0x22,0x00,0x62,0xff,0x4c,0x89,
    0x6d,0xa8,0xe9,0x3a,0x01,0x00,0x00,0x83,0x7f,0x08,0xff,0x74,0x14,0x48,0x8b,0x47,
    0x48,0x48,0x89,0x85,0x90,0x00,0x00,0x00,0x48,0x8d,0x85,0x90,0x00,0x00,0x00,0xeb,
    0x1c,0x41,0xb9,0x01,0x00,0x00,0x00,0x45,0x8b,0xc1,0x48,0x8d,0x15,0x2f,0x6d,0x47,
    0x00,0x48,0x8d,0x8d,0xd8,0x00,0x00,0x00,0xe8,0x13,0x2f,0x68,0xff,0x48,0x8b,0x18,
    0x48,0x89,0x5d,0x10,0x41,0xb9,0x01,0x00,0x00,0x00,0x45,0x33,0xc0,0x48,0x8d,0x15,
    0x44,0xe5,0x77,0x00,0x48,0x8d,0x8d,0xa8,0x00,0x00,0x00,0xe8,0xf0,0x2e,0x68,0xff,
    0x3b,0x18,0x0f,0x85,0xd9,0x00,0x00,0x00,0x8b,0x40,0x04,0x39,0x45,0x14,0x0f,0x85,
    0xcd,0x00,0x00,0x00,0x48,0x8d,0x45,0x98,0x48,0x89,0x45,0x10,0x49,0x8b,0xcd,0x48,
    0x89,0x4d,0x98,0x8b,0x45,0x80,0x89,0x45,0xa0,0x89,0x45,0xa4,0x85,0xc0,0x74,0x18,
    0x8d,0x14,0x00,0x33,0xc9,0x44,0x8d,0x41,0x08,0xe8,0x42,0x03,0x62,0xff,0x48,0x8b,
    0xc8,0x48,0x89,0x45,0x98,0x8b,0x45,0xa0,0x85,0xc0,0x74,0x10,0x4c,0x63,0xc0,0x4d,
    0x03,0xc0,0x48,0x8b,0x54,0x24,0x78,0xe8,0xfa,0x9e,0x2f,0x00,0x4c,0x8d,0x45,0x98,
    0x48,0x8d,0x55,0x70,0x49,0x8b,0xcc,0xe8,0x94,0xd0,0xfe,0xff,0x48,0x8b,0xd8,0x48,
    0x8d,0x44,0x24,0x78,0x48,0x3b,0xc3,0x74,0x52,0x8b,0x53,0x08,0x89,0x55,0x84,0x89,
    0x55,0x80,0x48,0x83,0x7c,0x24,0x78,0x00,0x75,0x04,0x85,0xd2,0x74,0x17,0x03,0xd2,
    0x41,0xb8,0x08,0x00,0x00,0x00,0x48,0x8b,0x4c,0x24,0x78,0xe8,0xe0,0x02,0x62,0xff,
    0x48,0x89,0x44,0x24,0x78,0x83,0x7d,0x80,0x00,0x74,0x20,0x83,0x7b,0x08,0x00,0x74,
    0x05,0x48,0x8b,0x13,0xeb,0x03,0x49,0x8b,0xd7,0x4c,0x63,0x45,0x80,0x4d,0x03,0xc0,
    0x48,0x8b,0x4c,0x24,0x78,0xe8,0x8c,0x9e,0x2f,0x00,0x90,0x4c,0x89,0x6d,0x78,0x48,
    0x8b,0x4d,0x70,0x48,0x85,0xc9,0x74,0x09,0xe8,0xe3,0xfe,0x61,0xff,0x4c,0x89,0x6d,
    0x70,0x49,0x8b,0xd7,0x83,0x7d,0x80,0x00,0x48,0x0f,0x45,0x54,0x24,0x78,0x48,0x8d,
    0x8d,0xe0,0x00,0x00,0x00,0xe8,0x26,0x4b,0x5f,0xff,0x90,0x48,0x8b,0x98,0x80,0x00,
    0x00,0x00,0x83,0x7f,0x08,0xff,0x74,0x14,0x48,0x8b,0x47,0x48,0x48,0x89,0x85,0xa0,
    0x00,0x00,0x00,0x48,0x8d,0x85,0xa0,0x00,0x00,0x00,0xeb,0x1c,0x41,0xb9,0x01,0x00,
    0x00,0x00,0x45,0x8b,0xc1,0x48,0x8d,0x15,0xd4,0x6b,0x47,0x00,0x48,0x8d,0x8d,0xd0,
    0x00,0x00,0x00,0xe8,0xb8,0x2d,0x68,0xff,0x48,0x8b,0x10,0x49,0x8b,0xcc,0xe8,0x8d,
    0xdd,0xfe,0xff,0x44,0x0f,0xbe,0xc8,0x48,0x89,0x5c,0x24,0x20,0x4c,0x8d,0x05,0x21,
    0x6b,0x77,0x00,0xba,0x80,0x00,0x00,0x00,0x48,0x8d,0x8d,0xf0,0x01,0x00,0x00,0xff,
    0x15,0xdb,0x74,0x46,0x00,0x48,0x63,0xd8,0x48,0x8b,0x8d,0x60,0x01,0x00,0x00,0x48,
    0x85,0xc9,0x74,0x1b,0xc6,0x01,0x00,0x48,0x8d,0x85,0xe0,0x00,0x00,0x00,0x48,0x8b,
    0x8d,0x60,0x01,0x00,0x00,0x48,0x3b,0xc8,0x74,0x05,0xe8,0x31,0xfe,0x61,0xff,0x85,
    0xdb,0x7e,0x40,0x48,0x8d,0x85,0x70,0x01,0x00,0x00,0x48,0x83,0xc9,0xff,0x66,0x90,
    0x48,0xff,0xc1,0x80,0x3c,0x08,0x00,0x75,0xf7,0x48,0x03,0xcb,0x48,0x81,0xf9,0x80,
    0x00,0x00,0x00,0x73,0x1e,0x4c,0x8d,0x85,0xf0,0x01,0x00,0x00,0xba,0x80,0x00,0x00,
    0x00,0x48,0x8d,0x8d,0x70,0x01,0x00,0x00,0xff,0x15,0xf2,0x76,0x46,0x00,0xe9,0x83,
    0x00,0x00,0x00,0x83,0x7f,0x08,0xff,0x74,0x14,0x48,0x8b,0x47,0x48,0x48,0x89,0x85,
    0x98,0x00,0x00,0x00,0x48,0x8d,0x85,0x98,0x00,0x00,0x00,0xeb,0x1c,0x41,0xb9,0x01,
    0x00,0x00,0x00,0x45,0x8b,0xc1,0x48,0x8d,0x15,0x03,0x6b,0x47,0x00,0x48,0x8d,0x8d,
    0x80,0x00,0x00,0x00,0xe8,0xe7,0x2c,0x68,0xff,0x48,0x8b,0x00,0x48,0x89,0x45,0xf0,
    0x48,0x8d,0x55,0x88,0x48,0x8d,0x4d,0xf0,0xe8,0xc3,0x32,0x6a,0xff,0x90,0x83,0x78,
    0x08,0x00,0x74,0x05,0x4c,0x8b,0x00,0xeb,0x03,0x4d,0x8b,0xc7,0x48,0x8d,0x15,0xcd,
    0xf2,0x77,0x00,0x48,0x8b,0x0d,0x9e,0xe9,0xa9,0x00,0xe8,0x61,0xf7,0x66,0xff,0x90,
    0x4c,0x89,0x6d,0x90,0x48,0x8b,0x4d,0x88,0x48,0x85,0xc9,0x74,0x09,0xe8,0x6e,0xfd,
    0x61,0xff,0x4c,0x89,0x6d,0x88,0x4c,0x89,0x6d,0x80,0x48,0x8b,0x4c,0x24,0x78,0x48,
    0x85,0xc9,0x74,0x0a,0xe8,0x57,0xfd,0x61,0xff,0x4c,0x89,0x6c,0x24,0x78,0x48,0x8b,
    0xbf,0x90,0x00,0x00,0x00,0x48,0x85,0xff,0x0f,0x85,0x02,0xfb,0xff,0xff,0x48,0x8d,
    0x95,0x70,0x01,0x00,0x00,0x48,0x8b,0x0d,0x04,0xa8,0xd6,0x00,0xe8,0xcf,0x68,0x02,
    0x00,0x33,0xd2,0x48,0x8b,0x0d,0x1e,0x77,0xd6,0x00,0xe8,0x81,0xb4,0xf3,0xff,0x4c,
    0x8b,0xa8,0x90,0x05,0x00,0x00,0x4d,0x85,0xed,0x0f,0x84,0xd8,0x00,0x00,0x00,0x45,
    0x33,0xf6,0x45,0x39,0xb5,0xbc,0x02,0x00,0x00,0x0f,0x8e,0xc8,0x00,0x00,0x00,0x33,
    0xf6,0x49,0x8b,0x85,0xb4,0x02,0x00,0x00,0x48,0x8b,0x3c,0x30,0x48,0x85,0xff,0x0f,
    0x84,0x9a,0x00,0x00,0x00,0x83,0xbf,0x7c,0x02,0x00,0x00,0x00,0x74,0x09,0x48,0x8b,
    0x97,0x74,0x02,0x00,0x00,0xeb,0x03,0x49,0x8b,0xd7,0x48,0x8d,0x8d,0xe0,0x00,0x00,
    0x00,0xe8,0x2a,0x49,0x5f,0xff,0x90,0x4c,0x8b,0xa0,0x80,0x00,0x00,0x00,0x48,0x8b,
    0x9f,0xe8,0x02,0x00,0x00,0xf3,0x48,0x0f,0x2c,0x87,0x64,0x02,0x00,0x00,0x48,0x89,
    0x45,0xf0,0x48,0x8b,0x3d,0x77,0xa7,0xd6,0x00,0xc6,0x87,0xa0,0x00,0x00,0x00,0x01,
    0x48,0x8b,0xcb,0xe8,0x38,0x03,0x02,0x00,0x84,0xc0,0x75,0x1c,0x48,0x8b,0x0f,0x48,
    0x85,0xc9,0x74,0x14,0x48,0x8b,0x01,0x44,0x8b,0x4d,0xf0,0x4d,0x8b,0xc4,0x48,0x8b,
    0xd3,0xff,0x90,0xd8,0x00,0x00,0x00,0x90,0x48,0x8b,0x85,0x60,0x01,0x00,0x00,0x48,
    0x85,0xc0,0x74,0x1b,0xc6,0x00,0x00,0x48,0x8d,0x85,0xe0,0x00,0x00,0x00,0x48,0x8b,
    0x8d,0x60,0x01,0x00,0x00,0x48,0x3b,0xc8,0x74,0x05,0xe8,0x51,0xfc,0x61,0xff,0x41,
    0xff,0xc6,0x48,0x83,0xc6,0x08,0x45,0x3b,0xb5,0xbc,0x02,0x00,0x00,0x0f,0x8c,0x3e,
    0xff,0xff,0xff,0x4c,0x8b,0x65,0x60,0x48,0x8d,0x05,0x92,0x01,0x78,0x00,0x4c,0x8d,
    0x0d,0xf3,0xef,0x77,0x00,0x0f,0xb6,0x5c,0x24,0x70,0x84,0xdb,0x4c,0x0f,0x45,0xc8,
    0x4c,0x8d,0x05,0xc1,0xec,0x77,0x00,0xba,0xa6,0x0f,0x00,0x00,0x48,0x8b,0x0d,0x25,
    0x1d,0xa4,0x00,0xe8,0xd8,0xf6,0x66,0xff,0x48,0x8b,0x05,0xd1,0xa6,0xd6,0x00,0x48,
    0x8b,0x08,0x48,0x85,0xc9,0x74,0x09,0x48,0x8b,0x01,0x0f,0xb6,0xd3,0xff,0x50,0x20,
    0x49,0x8b,0xd7,0x83,0x7d,0xc0,0x00,0x48,0x0f,0x45,0x55,0xb8,0x48,0x8d,0x8d,0xe0,
    0x00,0x00,0x00,0xe8,0x38,0x48,0x5f,0xff,0x90,0x4c,0x8b,0xb0,0x80,0x00,0x00,0x00,
    0x48,0x8b,0x35,0x99,0xa6,0xd6,0x00,0x49,0x8b,0xd6,0x48,0x8d,0x4d,0x88,0xe8,0x9d,
    0x61,0x5d,0xff,0x48,0x8b,0xf8,0x48,0x8d,0x5e,0x74,0x48,0x3b,0xd8,0x74,0x4a,0x8b,
    0x50,0x08,0x89,0x53,0x0c,0x89,0x53,0x08,0x48,0x8b,0x0b,0x48,0x85,0xc9,0x75,0x04,
    0x85,0xd2,0x74,0x10,0x03,0xd2,0x41,0xb8,0x08,0x00,0x00,0x00,0xe8,0x4f,0xff,0x61,
    0xff,0x48,0x89,0x03,0x48,0x63,0x43,0x08,0x85,0xc0,0x74,0x1d,0x83,0x7f,0x08,0x00,
    0x74,0x05,0x48,0x8b,0x17,0xeb,0x03,0x49,0x8b,0xd7,0x4c,0x8b,0xc0,0x4d,0x03,0xc0,
    0x48,0x8b,0x0b,0xe8,0xfe,0x9a,0x2f,0x00,0x90,0x45,0x33,0xed,0x4c,0x89,0x6d,0x90,
    0x48,0x8b,0x4d,0x88,0x48,0x85,0xc9,0x74,0x05,0xe8,0x52,0xfb,0x61,0xff,0xc6,0x86,
    0xa1,0x00,0x00,0x00,0x01,0x48,0x8b,0x0e,0x48,0x85,0xc9,0x74,0x0d,0x48,0x8b,0x01,
    0x49,0x8b,0xd6,0xff,0x90,0xb8,0x00,0x00,0x00,0x90,0x48,0x8b,0x85,0x60,0x01,0x00,
    0x00,0x48,0x85,0xc0,0x74,0x1b,0xc6,0x00,0x00,0x48,0x8d,0x85,0xe0,0x00,0x00,0x00,
    0x48,0x8b,0x8d,0x60,0x01,0x00,0x00,0x48,0x3b,0xc8,0x74,0x05,0xe8,0x0f,0xfb,0x61,
    0xff,0x4d,0x8b,0xcf,0x83,0x7d,0xe0,0x00,0x4c,0x0f,0x45,0x4d,0xd8,0x4c,0x8d,0x05,
    0xb4,0xf0,0x77,0x00,0xba,0xa6,0x0f,0x00,0x00,0x48,0x8b,0x0d,0x08,0x1c,0xa4,0x00,
    0xe8,0xbb,0xf5,0x66,0xff,0x49,0x8b,0xd7,0x83,0x7d,0xe0,0x00,0x48,0x0f,0x45,0x55,
    0xd8,0x48,0x8d,0x8d,0xe0,0x00,0x00,0x00,0xe8,0x33,0x47,0x5f,0xff,0x90,0x48,0x8b,
    0x90,0x80,0x00,0x00,0x00,0x48,0x8b,0x05,0x94,0xa5,0xd6,0x00,0x48,0x8b,0x08,0x48,
    0x85,0xc9,0x74,0x07,0x48,0x8b,0x01,0xff,0x50,0x08,0x90,0x48,0x8b,0x85,0x60,0x01,
    0x00,0x00,0x48,0x85,0xc0,0x74,0x1b,0xc6,0x00,0x00,0x48,0x8d,0x85,0xe0,0x00,0x00,
    0x00,0x48,0x8b,0x8d,0x60,0x01,0x00,0x00,0x48,0x3b,0xc8,0x74,0x05,0xe8,0x8e,0xfa,
    0x61,0xff,0x4d,0x8b,0xcf,0x83,0x7d,0xd0,0x00,0x4c,0x0f,0x45,0x4d,0xc8,0x4c,0x8d,
    0x05,0xf3,0xf2,0x77,0x00,0xba,0xa6,0x0f,0x00,0x00,0x48,0x8b,0x0d,0x87,0x1b,0xa4,
    0x00,0xe8,0x3a,0xf5,0x66,0xff,0x49,0x8b,0xd7,0x83,0x7d,0xd0,0x00,0x48,0x0f,0x45,
    0x55,0xc8,0x48,0x8d,0x8d,0xe0,0x00,0x00,0x00,0xe8,0xb2,0x46,0x5f,0xff,0x90,0x48,
    0x8b,0x90,0x80,0x00,0x00,0x00,0x48,0x8b,0x05,0x13,0xa5,0xd6,0x00,0x48,0x8b,0x08,
    0x48,0x85,0xc9,0x74,0x07,0x48,0x8b,0x01,0xff,0x50,0x18,0x90,0x48,0x8b,0x85,0x60,
    0x01,0x00,0x00,0x48,0x85,0xc0,0x74,0x1b,0xc6,0x00,0x00,0x48,0x8d,0x85,0xe0,0x00,
    0x00,0x00,0x48,0x8b,0x8d,0x60,0x01,0x00,0x00,0x48,0x3b,0xc8,0x74,0x05,0xe8,0x0d,
    0xfa,0x61,0xff,0x48,0x8b,0x05,0xd6,0xa4,0xd6,0x00,0x8b,0x55,0xe8,0x89,0x90,0x9c,
    0x00,0x00,0x00,0xc6,0x80,0xa1,0x00,0x00,0x00,0x01,0x48,0x8b,0x08,0x48,0x85,0xc9,
    0x74,0x06,0x48,0x8b,0x01,0xff,0x50,0x60,0x48,0x8b,0x05,0xb1,0xa4,0xd6,0x00,0x8b,
    0x55,0xf8,0x88,0x50,0x60,0xc6,0x80,0xa1,0x00,0x00,0x00,0x01,0x48,0x8b,0x08,0x48,
    0x85,0xc9,0x74,0x09,0x48,0x8b,0x01,0xff,0x90,0x80,0x00,0x00,0x00,0x49,0x8b,0xd7,
    0x83,0x7d,0x20,0x00,0x48,0x0f,0x45,0x55,0x18,0x48,0x8d,0x8d,0xe0,0x00,0x00,0x00,
    0xe8,0x0b,0x46,0x5f,0xff,0x90,0x4c,0x8b,0xb0,0x80,0x00,0x00,0x00,0x48,0x8b,0x35,
    0x6c,0xa4,0xd6,0x00,0x49,0x8b,0xd6,0x48,0x8d,0x4d,0x88,0xe8,0x70,0x5f,0x5d,0xff,
    0x48,0x8b,0xf8,0x48,0x8d,0x5e,0x64,0x48,0x3b,0xd8,0x74,0x4a,0x8b,0x50,0x08,0x89,
    0x53,0x0c,0x89,0x53,0x08,0x48,0x8b,0x0b,0x48,0x85,0xc9,0x75,0x04,0x85,0xd2,0x74,
    0x10,0x03,0xd2,0x41,0xb8,0x08,0x00,0x00,0x00,0xe8,0x22,0xfd,0x61,0xff,0x48,0x89,
    0x03,0x48,0x63,0x43,0x08,0x85,0xc0,0x74,0x1d,0x83,0x7f,0x08,0x00,0x74,0x05,0x48,
    0x8b,0x17,0xeb,0x03,0x49,0x8b,0xd7,0x4c,0x8b,0xc0,0x4d,0x03,0xc0,0x48,0x8b,0x0b,
    0xe8,0xd1,0x98,0x2f,0x00,0x90,0x4c,0x89,0x6d,0x90,0x48,0x8b,0x4d,0x88,0x48,0x85,
    0xc9,0x74,0x05,0xe8,0x28,0xf9,0x61,0xff,0xc6,0x86,0xa1,0x00,0x00,0x00,0x01,0x48,
    0x8b,0x0e,0x48,0x85,0xc9,0x74,0x0a,0x48,0x8b,0x01,0x49,0x8b,0xd6,0xff,0x50,0x10,
    0x90,0x48,0x8b,0x85,0x60,0x01,0x00,0x00,0x48,0x85,0xc0,0x74,0x1b,0xc6,0x00,0x00,
    0x48,0x8d,0x85,0xe0,0x00,0x00,0x00,0x48,0x8b,0x8d,0x60,0x01,0x00,0x00,0x48,0x3b,
    0xc8,0x74,0x05,0xe8,0xe8,0xf8,0x61,0xff,0x48,0x63,0x15,0xa5,0x3b,0xa4,0x00,0x48,
    0x8d,0x4d,0x88,0xe8,0x38,0xd3,0xff,0xff,0x90,0x83,0x78,0x08,0x00,0x74,0x05,0x48,
    0x8b,0x10,0xeb,0x03,0x49,0x8b,0xd7,0x48,0x8d,0x0d,0xea,0xf1,0x77,0x00,0xe8,0x1d,
    0x38,0x00,0x00,0x90,0x4c,0x89,0x6d,0x90,0x48,0x8b,0x4d,0x88,0x48,0x85,0xc9,0x74,
    0x05,0xe8,0xaa,0xf8,0x61,0xff,0x49,0x8b,0x54,0x24,0x68,0x48,0x8b,0x92,0x5c,0x01,
    0x00,0x00,0x48,0x8d,0x4d,0x88,0xe8,0xf5,0xd2,0xff,0xff,0x90,0x83,0x78,0x08,0x00,
    0x74,0x05,0x48,0x8b,0x10,0xeb,0x03,0x49,0x8b,0xd7,0x48,0x8d,0x0d,0xf7,0xf4,0x77,
    0x00,0xe8,0xda,0x37,0x00,0x00,0x90,0x4c,0x89,0x6d,0x90,0x48,0x8b,0x4d,0x88,0x48,
    0x85,0xc9,0x74,0x05,0xe8,0x67,0xf8,0x61,0xff,0x49,0x8b,0x44,0x24,0x68,0x48,0x8b,
    0x48,0x50,0x48,0x8b,0x99,0xb0,0x00,0x00,0x00,0x48,0x85,0xdb,0x0f,0x84,0x07,0x01,
    0x00,0x00,0x8b,0x43,0x70,0x48,0x0f,0xba,0xe0,0x1e,0x0f,0x83,0xe9,0x00,0x00,0x00,
    0x48,0x8b,0x43,0x50,0xf6,0x80,0x42,0x01,0x00,0x00,0x01,0x0f,0x85,0xd8,0x00,0x00,
    0x00,0x83,0x7b,0x08,0xff,0x74,0x0e,0x48,0x8b,0x43,0x48,0x48,0x89,0x45,0xf0,0x48,
    0x8d,0x45,0xf0,0xeb,0x1c,0x41,0xb9,0x01,0x00,0x00,0x00,0x45,0x8b,0xc1,0x48,0x8d,
    0x15,0x4b,0x65,0x47,0x00,0x48,0x8d,0x8d,0x80,0x00,0x00,0x00,0xe8,0x2f,0x27,0x68,
    0xff,0x48,0x8b,0x08,0xe8,0xe7,0x3a,0x00,0x00,0x85,0xc0,0x0f,0x84,0x98,0x00,0x00,
    0x00,0x49,0x8b,0x4c,0x24,0x68,0x4c,0x63,0x83,0x8c,0x00,0x00,0x00,0x4c,0x03,0xc1,
    0x4c,0x89,0x6c,0x24,0x78,0x4c,0x89,0x6d,0x80,0x4c,0x8b,0x13,0x8b,0x43,0x70,0x83,
    0xe0,0x01,0x89,0x44,0x24,0x28,0x48,0x89,0x4c,0x24,0x20,0x45,0x33,0xc9,0x48,0x8d,
    0x54,0x24,0x78,0x48,0x8b,0xcb,0x41,0xff,0x92,0x98,0x02,0x00,0x00,0x48,0x8d,0x55,
    0x88,0x48,0x8b,0xcb,0xe8,0xc7,0xbf,0x5f,0xff,0x90,0x49,0x8b,0xd7,0x83,0x7d,0x80,
    0x00,0x48,0x0f,0x45,0x54,0x24,0x78,0x83,0x78,0x08,0x00,0x74,0x05,0x48,0x8b,0x08,
    0xeb,0x03,0x49,0x8b,0xcf,0xe8,0xe6,0x36,0x00,0x00,0x90,0x4c,0x89,0x6d,0x90,0x48,
    0x8b,0x4d,0x88,0x48,0x85,0xc9,0x74,0x09,0xe8,0x73,0xf7,0x61,0xff,0x4c,0x89,0x6d,
    0x88,0x4c,0x89,0x6d,0x80,0x48,0x8b,0x4c,0x24,0x78,0x48,0x85,0xc9,0x74,0x0a,0xe8,
    0x5c,0xf7,0x61,0xff,0x4c,0x89,0x6c,0x24,0x78,0x48,0x8b,0x9b,0x90,0x00,0x00,0x00,
    0x48,0x85,0xdb,0x0f,0x85,0xf9,0xfe,0xff,0xff,0x41,0x8b,0xfd,0x49,0x8b,0x44,0x24,
    0x68,0x44,0x39,0x68,0x68,0x0f,0x8e,0x9b,0x00,0x00,0x00,0x49,0x8b,0xdd,0x66,0x90,
    0x48,0x8b,0x40,0x60,0x44,0x8b,0x04,0x18,0x48,0x8d,0x15,0xf9,0xf4,0x77,0x00,0x48,
    0x8d,0x4d,0xa8,0xe8,0xe8,0x47,0x5d,0xff,0x90,0x49,0x8b,0x44,0x24,0x68,0x48,0x8b,
    0x48,0x60,0x44,0x8b,0x44,0x19,0x04,0x48,0x8d,0x15,0xc6,0x66,0x77,0x00,0x48,0x8d,
    0x4d,0x98,0xe8,0xc9,0x47,0x5d,0xff,0x90,0x49,0x8b,0xd7,0x83,0x7d,0xa0,0x00,0x48,
    0x0f,0x45,0x55,0x98,0x49,0x8b,0xcf,0x83,0x7d,0xb0,0x00,0x48,0x0f,0x45,0x4d,0xa8,
    0xe8,0x3b,0x36,0x00,0x00,0x90,0x4c,0x89,0x6d,0xa0,0x48,0x8b,0x4d,0x98,0x48,0x85,
    0xc9,0x74,0x09,0xe8,0xc8,0xf6,0x61,0xff,0x4c,0x89,0x6d,0x98,0x4c,0x89,0x6d,0xb0,
    0x48,0x8b,0x4d,0xa8,0x48,0x85,0xc9,0x74,0x09,0xe8,0xb2,0xf6,0x61,0xff,0x4c,0x89,
    0x6d,0xa8,0xff,0xc7,0x48,0x83,0xc3,0x0c,0x49,0x8b,0x44,0x24,0x68,0x3b,0x78,0x68,
    0x0f,0x8c,0x6a,0xff,0xff,0xff,0x41,0x8b,0xdd,0x49,0x8b,0x44,0x24,0x68,0x39,0x58,
    0x78,0x0f,0x8e,0xa5,0x00,0x00,0x00,0x49,0x8b,0xfd,0x66,0x0f,0x1f,0x44,0x00,0x00,
    0x48,0x8b,0x40,0x70,0x44,0x8b,0x04,0x38,0x48,0x8d,0x15,0xe9,0xf5,0x77,0x00,0x48,
    0x8d,0x4d,0xa8,0xe8,0x38,0x47,0x5d,0xff,0x90,0x49,0x8b,0x44,0x24,0x68,0x48,0x8b,
    0x50,0x70,0x48,0x63,0xc3,0x48,0x8d,0x0c,0x40,0x48,0x8d,0x0c,0xcd,0x04,0x00,0x00,
    0x00,0x48,0x03,0xca,0x48,0x8d,0x55,0x98,0xe8,0xf3,0x54,0xf5,0xff,0x90,0x49,0x8b,
    0xd7,0x83,0x7d,0xa0,0x00,0x48,0x0f,0x45,0x55,0x98,0x49,0x8b,0xcf,0x83,0x7d,0xb0,
    0x00,0x48,0x0f,0x45,0x4d,0xa8,0xe8,0x85,0x35,0x00,0x00,0x90,0x4c,0x89,0x6d,0xa0,
    0x48,0x8b,0x4d,0x98,0x48,0x85,0xc9,0x74,0x09,0xe8,0x12,0xf6,0x61,0xff,0x4c,0x89,
    0x6d,0x98,0x4c,0x89,0x6d,0xb0,0x48,0x8b,0x4d,0xa8,0x48,0x85,0xc9,0x74,0x09,0xe8,
    0xfc,0xf5,0x61,0xff,0x4c,0x89,0x6d,0xa8,0xff,0xc3,0x48,0x83,0xc7,0x18,0x49,0x8b,
    0x44,0x24,0x68,0x3b,0x58,0x78,0x0f,0x8c,0x64,0xff,0xff,0xff,0x48,0x8b,0x0d,0xad,
    0xa0,0xd6,0x00,0xe8,0xe8,0xd9,0x01,0x00,0x48,0x8b,0x0d,0xa1,0xa0,0xd6,0x00,0xe8,
    0x3c,0xe4,0x01,0x00,0x89,0x45,0x68,0x44,0x89,0x6d,0x6c,0x45,0x33,0xc0,0x48,0x8d,
    0x55,0x88,0x48,0x8d,0x4d,0x68,0xe8,0x45,0x05,0xfd,0xff,0x90,0x83,0x78,0x08,0x00,
    0x74,0x03,0x4c,0x8b,0x38,0x4d,0x8b,0xcf,0x4c,0x8d,0x05,0xf9,0x0d,0x78,0x00,0xba,
    0x51,0x03,0x00,0x00,0x48,0x8b,0x0d,0xad,0x16,0xa4,0x00,0xe8,0x60,0xf0,0x66,0xff,
    0x90,0x4c,0x89,0x6d,0x90,0x48,0x8b,0x4d,0x88,0x48,0x85,0xc9,0x74,0x06,0xe8,0x7d,
    0xf5,0x61,0xff,0x90,0x48,0x8b,0x45,0x00,0x48,0x85,0xc0,0x74,0x09,0x48,0x8b,0xc8,
    0xe8,0x6b,0xf5,0x61,0xff,0x90,0x4c,0x89,0x6d,0x38,0x48,0x8b,0x4d,0x30,0x48,0x85,
    0xc9,0x74,0x09,0xe8,0x58,0xf5,0x61,0xff,0x4c,0x89,0x6d,0x30,0x4c,0x89,0x6d,0x48,
    0x48,0x8b,0x4d,0x40,0x48,0x85,0xc9,0x74,0x09,0xe8,0x42,0xf5,0x61,0xff,0x4c,0x89,
    0x6d,0x40,0x4c,0x89,0x6d,0x20,0x48,0x8b,0x4d,0x18,0x48,0x85,0xc9,0x74,0x09,0xe8,
    0x2c,0xf5,0x61,0xff,0x4c,0x89,0x6d,0x18,0x4c,0x89,0x6d,0xc0,0x48,0x8b,0x4d,0xb8,
    0x48,0x85,0xc9,0x74,0x09,0xe8,0x16,0xf5,0x61,0xff,0x4c,0x89,0x6d,0xb8,0x4c,0x89,
    0x6d,0xd0,0x48,0x8b,0x4d,0xc8,0x48,0x85,0xc9,0x74,0x09,0xe8,0x00,0xf5,0x61,0xff,
    0x4c,0x89,0x6d,0xc8,0x4c,0x89,0x6d,0xe0,0x48,0x8b,0x4d,0xd8,0x48,0x85,0xc9,0x74,
    0x05,0xe8,0xea,0xf4,0x61,0xff,0x48,0x8b,0x8d,0x70,0x02,0x00,0x00,0x48,0x33,0xcc,
    0xe8,0x4b,0x94,0x2f,0x00,0x4c,0x8d,0x9c,0x24,0x80,0x03,0x00,0x00,0x49,0x8b,0x5b,
    0x38,0x49,0x8b,0x73,0x40,0x49,0x8b,0x7b,0x48,0x49,0x8b,0xe3,0x41,0x5f,0x41,0x5e,
    0x41,0x5d,0x41,0x5c,0x5d,0xc3,
};
constexpr std::uint8_t kReportingBytes5[] = {
    0x48,0x89,0x4c,0x24,0x08,0x55,0x53,0x56,0x57,0x41,0x54,0x41,0x55,0x41,0x56,0x41,
    0x57,0x48,0x8d,0x6c,0x24,0xe1,0x48,0x81,0xec,0x88,0x00,0x00,0x00,0x48,0xc7,0x45,
    0xbf,0xfe,0xff,0xff,0xff,0x4c,0x8b,0xf1,0x33,0xf6,0x89,0x75,0xb7,0x48,0x89,0x31,
    0x48,0x89,0x71,0x08,0xbb,0x01,0x00,0x00,0x00,0x89,0x5d,0xb7,0x33,0xd2,0x48,0x8b,
    0x0d,0x63,0x78,0xd5,0x00,0xe8,0xc6,0xb5,0xf2,0xff,0x48,0x8b,0x0d,0x77,0x1f,0xa3,
    0x00,0x48,0x85,0xc0,0x0f,0x84,0xce,0x02,0x00,0x00,0x48,0x8b,0xb8,0x90,0x05,0x00,
    0x00,0x48,0x89,0x7d,0x77,0x48,0x85,0xff,0x0f,0x84,0xb1,0x02,0x00,0x00,0x44,0x8b,
    0x8f,0xbc,0x02,0x00,0x00,0x4c,0x8d,0x05,0xd4,0xe4,0x76,0x00,0xba,0xa6,0x0f,0x00,
    0x00,0xe8,0xfa,0xf8,0x65,0xff,0x44,0x8b,0xe6,0x39,0xb7,0xbc,0x02,0x00,0x00,0x0f,
    0x8e,0xa4,0x02,0x00,0x00,0x8b,0xce,0x48,0x89,0x4d,0x6f,0x0f,0x1f,0x44,0x00,0x00,
    0x48,0x8b,0x87,0xb4,0x02,0x00,0x00,0x4c,0x8b,0x2c,0x01,0x4c,0x8b,0xfe,0x48,0x89,
    0x75,0xff,0x8b,0xfe,0x48,0xc7,0x45,0x07,0x00,0x00,0x00,0x00,0x49,0x8d,0xb5,0x74,
    0x02,0x00,0x00,0x48,0x8d,0x45,0xff,0x48,0x3b,0xc6,0x74,0x47,0x48,0x63,0x7e,0x08,
    0x89,0x7d,0x0b,0x89,0x7d,0x07,0x85,0xff,0x74,0x39,0x8d,0x14,0x3f,0x33,0xc9,0x44,
    0x8d,0x41,0x08,0xe8,0x88,0x01,0x61,0xff,0x4c,0x8b,0xf8,0x48,0x89,0x45,0xff,0x85,
    0xff,0x74,0x20,0x83,0x7e,0x08,0x00,0x74,0x05,0x48,0x8b,0x16,0xeb,0x07,0x48,0x8d,
    0x15,0x7b,0x6a,0x46,0x00,0x4c,0x8b,0xc7,0x4d,0x03,0xc0,0x49,0x8b,0xcf,0xe8,0x33,
    0x9d,0x2e,0x00,0xf3,0x49,0x0f,0x2c,0xb5,0x64,0x02,0x00,0x00,0x89,0x75,0x0f,0xc6,
    0x45,0x13,0x01,0x49,0x8b,0x8d,0xe8,0x02,0x00,0x00,0xe8,0x21,0x04,0x01,0x00,0x84,
    0xc0,0x41,0x0f,0x94,0xc5,0x44,0x88,0x6d,0x13,0x48,0x8d,0x15,0x68,0xe1,0x76,0x00,
    0x48,0x8d,0x4d,0xef,0xe8,0x47,0x63,0x5c,0xff,0x90,0x83,0xcb,0x02,0x89,0x5d,0xb7,
    0x83,0x78,0x08,0x00,0x74,0x05,0x48,0x8b,0x10,0xeb,0x07,0x48,0x8d,0x15,0x1e,0x6a,
    0x46,0x00,0x48,0x8d,0x0d,0x17,0x6a,0x46,0x00,0x85,0xff,0x49,0x0f,0x45,0xcf,0xff,
    0x15,0x73,0x75,0x45,0x00,0x85,0xc0,0x0f,0x84,0x84,0x00,0x00,0x00,0x48,0x8d,0x15,
    0x94,0xe2,0x76,0x00,0x48,0x8d,0x4d,0xdf,0xe8,0x03,0x63,0x5c,0xff,0x90,0x83,0xcb,
    0x04,0x89,0x5d,0xb7,0x83,0x78,0x08,0x00,0x74,0x05,0x48,0x8b,0x10,0xeb,0x07,0x48,
    0x8d,0x15,0xda,0x69,0x46,0x00,0x48,0x8d,0x0d,0xd3,0x69,0x46,0x00,0x85,0xff,0x49,
    0x0f,0x45,0xcf,0xff,0x15,0x2f,0x75,0x45,0x00,0x85,0xc0,0x74,0x44,0x48,0x8d,0x15,
    0xa0,0x60,0x76,0x00,0x48,0x8d,0x4d,0xcf,0xe8,0xc3,0x62,0x5c,0xff,0x83,0xcb,0x08,
    0x89,0x5d,0xb7,0x83,0x78,0x08,0x00,0x74,0x05,0x48,0x8b,0x10,0xeb,0x07,0x48,0x8d,
    0x15,0x9b,0x69,0x46,0x00,0x48,0x8d,0x0d,0x94,0x69,0x46,0x00,0x85,0xff,0x49,0x0f,
    0x45,0xcf,0xff,0x15,0xf0,0x74,0x45,0x00,0x85,0xc0,0x74,0x05,0x40,0xb7,0x01,0xeb,
    0x03,0x40,0x32,0xff,0xf6,0xc3,0x08,0x74,0x20,0x83,0xe3,0xf7,0x89,0x5d,0xb7,0x33,
    0xc0,0x48,0x89,0x45,0xd7,0x48,0x8b,0x4d,0xcf,0x48,0x85,0xc9,0x74,0x0b,0xe8,0x8d,
    0xfc,0x60,0xff,0x33,0xc0,0x48,0x89,0x45,0xcf,0xf6,0xc3,0x04,0x74,0x22,0x83,0xe3,
    0xfb,0x89,0x5d,0xb7,0x48,0xc7,0x45,0xe7,0x00,0x00,0x00,0x00,0x48,0x8b,0x4d,0xdf,
    0x48,0x85,0xc9,0x74,0x0b,0xe8,0x66,0xfc,0x60,0xff,0x33,0xc0,0x48,0x89,0x45,0xdf,
    0xf6,0xc3,0x02,0x74,0x24,0x83,0xe3,0xfd,0x89,0x5d,0xb7,0x48,0xc7,0x45,0xf7,0x00,
    0x00,0x00,0x00,0x48,0x8b,0x4d,0xef,0x48,0x85,0xc9,0x74,0x0d,0xe8,0x3f,0xfc,0x60,
    0xff,0x48,0xc7,0x45,0xef,0x00,0x00,0x00,0x00,0x40,0x84,0xff,0x74,0x6d,0x49,0x63,
    0x7e,0x08,0x8d,0x4f,0x01,0x41,0x89,0x4e,0x08,0x41,0x8b,0x56,0x0c,0x3b,0xca,0x7e,
    0x2f,0x41,0xb8,0x18,0x00,0x00,0x00,0xe8,0xf4,0xf1,0x5c,0xff,0x41,0x89,0x46,0x0c,
    0x49,0x8b,0x0e,0x48,0x85,0xc9,0x75,0x04,0x85,0xc0,0x74,0x14,0x8d,0x14,0x40,0xc1,
    0xe2,0x03,0x41,0xb8,0x08,0x00,0x00,0x00,0xe8,0xb3,0xff,0x60,0xff,0x49,0x89,0x06,
    0x49,0x8b,0x16,0x48,0x8d,0x0c,0x7f,0x48,0x8d,0x3c,0xca,0x48,0x89,0x7d,0x7f,0x48,
    0x89,0x7d,0xc7,0x48,0x85,0xff,0x74,0x13,0x48,0x8d,0x55,0xff,0x48,0x8b,0xcf,0xe8,
    0x9c,0x60,0x5c,0xff,0x89,0x77,0x10,0x44,0x88,0x6f,0x14,0x4d,0x85,0xff,0x74,0x08,
    0x49,0x8b,0xcf,0xe8,0xb8,0xfb,0x60,0xff,0x41,0xff,0xc4,0x48,0x8b,0x4d,0x6f,0x48,
    0x83,0xc1,0x08,0x48,0x89,0x4d,0x6f,0x48,0x8b,0x7d,0x77,0x44,0x3b,0xa7,0xbc,0x02,
    0x00,0x00,0xbe,0x00,0x00,0x00,0x00,0x0f,0x8c,0x83,0xfd,0xff,0xff,0xeb,0x1a,0x4c,
    0x8d,0x05,0xda,0xe8,0x76,0x00,0xeb,0x07,0x4c,0x8d,0x05,0x61,0xea,0x76,0x00,0xba,
    0x15,0x03,0x00,0x00,0xe8,0x47,0xf6,0x65,0xff,0x49,0x8b,0xc6,0x48,0x81,0xc4,0x88,
    0x00,0x00,0x00,0x41,0x5f,0x41,0x5e,0x41,0x5d,0x41,0x5c,0x5f,0x5e,0x5b,0x5d,0xc3,
    0xcc,
};
constexpr std::uint8_t kReportingBytes6[] = {
    0x40,0x53,0x48,0x83,0xec,0x20,0xf3,0x0f,0x58,0x89,0xa4,0x00,0x00,0x00,0x0f,0xb6,
    0x81,0xa0,0x00,0x00,0x00,0x48,0x8b,0xd9,0xf3,0x0f,0x11,0x89,0xa4,0x00,0x00,0x00,
    0x84,0xc0,0x74,0x07,0xc6,0x81,0xa1,0x00,0x00,0x00,0x01,0x80,0xb9,0xa1,0x00,0x00,
    0x00,0x00,0x74,0x37,0x0f,0x2f,0x0d,0xc5,0xff,0x44,0x00,0x76,0x2e,0xc7,0x81,0xa4,
    0x00,0x00,0x00,0x00,0x00,0x00,0x00,0x84,0xc0,0x74,0x0c,0xc6,0x81,0xa0,0x00,0x00,
    0x00,0x00,0xe8,0xa9,0x12,0x00,0x00,0x48,0x8b,0xcb,0xc6,0x83,0xa1,0x00,0x00,0x00,
    0x00,0x48,0x83,0xc4,0x20,0x5b,0xe9,0x95,0xe2,0xff,0xff,0x48,0x83,0xc4,0x20,0x5b,
    0xc3,
};
constexpr std::uint8_t kReportingBytes7[] = {
    0x48,0x8b,0xc4,0x55,0x41,0x54,0x41,0x55,0x41,0x56,0x41,0x57,0x48,0x8d,0xa8,0xf8,
    0xfe,0xff,0xff,0x48,0x81,0xec,0xe0,0x01,0x00,0x00,0x48,0xc7,0x45,0xa8,0xfe,0xff,
    0xff,0xff,0x48,0x89,0x58,0x10,0x48,0x89,0x70,0x18,0x48,0x89,0x78,0x20,0x48,0x8b,
    0x05,0xeb,0x2c,0xa6,0x00,0x48,0x33,0xc4,0x48,0x89,0x85,0xd0,0x00,0x00,0x00,0x4c,
    0x8b,0xf9,0x48,0x89,0x4d,0xa0,0x48,0x8d,0x4c,0x24,0x50,0xe8,0x30,0x6f,0xfe,0xff,
    0x90,0x8b,0x54,0x24,0x58,0x41,0x89,0x97,0x98,0x00,0x00,0x00,0x48,0x8d,0x4c,0x24,
    0x40,0xe8,0x7a,0x60,0x65,0xff,0x90,0x83,0x78,0x08,0x00,0x74,0x05,0x48,0x8b,0x38,
    0xeb,0x07,0x48,0x8d,0x3d,0x87,0xda,0x44,0x00,0x45,0x33,0xf6,0x44,0x89,0x75,0x40,
    0x48,0x85,0xff,0x74,0x59,0x48,0x8d,0x5d,0x44,0x48,0x8b,0xcf,0xff,0x15,0xb6,0xdd,
    0x43,0x00,0x8d,0x70,0x01,0x44,0x8d,0x34,0x36,0x41,0x81,0xfe,0x80,0x00,0x00,0x00,
    0x76,0x10,0xba,0x08,0x00,0x00,0x00,0x41,0x8b,0xce,0xe8,0xd1,0x6e,0x5f,0xff,0x48,
    0x8b,0xd8,0x33,0xc0,0x48,0x89,0x44,0x24,0x38,0x48,0x89,0x44,0x24,0x30,0x44,0x89,
    0x74,0x24,0x28,0x48,0x89,0x5c,0x24,0x20,0x44,0x8b,0xce,0x4c,0x8b,0xc7,0x33,0xd2,
    0x8b,0x4d,0x40,0xff,0x15,0x77,0xdd,0x43,0x00,0x45,0x33,0xf6,0xeb,0x03,0x49,0x8b,
    0xde,0x48,0x89,0x9d,0xc4,0x00,0x00,0x00,0x4c,0x8b,0xc3,0x48,0x8d,0x15,0xa6,0x5d,
    0x76,0x00,0x49,0x8b,0xcf,0xe8,0x76,0xda,0xff,0xff,0x90,0x48,0x8b,0x85,0xc4,0x00,
    0x00,0x00,0x48,0x85,0xc0,0x74,0x19,0xc6,0x00,0x00,0x48,0x8d,0x45,0x44,0x48,0x8b,
    0x8d,0xc4,0x00,0x00,0x00,0x48,0x3b,0xc8,0x74,0x06,0xe8,0x11,0x6d,0x5f,0xff,0x90,
    0x48,0xc7,0x44,0x24,0x48,0x00,0x00,0x00,0x00,0x48,0x8b,0x4c,0x24,0x40,0x48,0x85,
    0xc9,0x74,0x05,0xe8,0xf8,0x6c,0x5f,0xff,0x41,0x8b,0x97,0x98,0x00,0x00,0x00,0x48,
    0x8d,0x4c,0x24,0x40,0xe8,0x97,0x5f,0x65,0xff,0x90,0x83,0x78,0x08,0x00,0x74,0x05,
    0x48,0x8b,0x38,0xeb,0x07,0x48,0x8d,0x3d,0xa4,0xd9,0x44,0x00,0x44,0x89,0x75,0x40,
    0x48,0x85,0xff,0x74,0x59,0x48,0x8d,0x5d,0x44,0x48,0x8b,0xcf,0xff,0x15,0xd6,0xdc,
    0x43,0x00,0x8d,0x70,0x01,0x44,0x8d,0x34,0x36,0x41,0x81,0xfe,0x80,0x00,0x00,0x00,
    0x76,0x10,0xba,0x08,0x00,0x00,0x00,0x41,0x8b,0xce,0xe8,0xf1,0x6d,0x5f,0xff,0x48,
    0x8b,0xd8,0x33,0xc0,0x48,0x89,0x44,0x24,0x38,0x48,0x89,0x44,0x24,0x30,0x44,0x89,
    0x74,0x24,0x28,0x48,0x89,0x5c,0x24,0x20,0x44,0x8b,0xce,0x4c,0x8b,0xc7,0x33,0xd2,
    0x8b,0x4d,0x40,0xff,0x15,0x97,0xdc,0x43,0x00,0x45,0x33,0xf6,0xeb,0x03,0x49,0x8b,
    0xde,0x48,0x89,0x9d,0xc4,0x00,0x00,0x00,0x4c,0x8b,0xc3,0x48,0x8d,0x15,0x26,0x5b,
    0x76,0x00,0x49,0x8b,0xcf,0xe8,0x96,0xd9,0xff,0xff,0x90,0x48,0x8b,0x85,0xc4,0x00,
    0x00,0x00,0x48,0x85,0xc0,0x74,0x19,0xc6,0x00,0x00,0x48,0x8d,0x45,0x44,0x48,0x8b,
    0x8d,0xc4,0x00,0x00,0x00,0x48,0x3b,0xc8,0x74,0x06,0xe8,0x31,0x6c,0x5f,0xff,0x90,
    0x48,0xc7,0x44,0x24,0x48,0x00,0x00,0x00,0x00,0x48,0x8b,0x4c,0x24,0x40,0x48,0x85,
    0xc9,0x74,0x05,0xe8,0x18,0x6c,0x5f,0xff,0x45,0x8b,0xe6,0x8b,0x44,0x24,0x58,0x85,
    0xc0,0x0f,0x8e,0xcc,0x04,0x00,0x00,0x4d,0x8b,0xee,0x66,0x0f,0x1f,0x44,0x00,0x00,
    0x48,0x8b,0x44,0x24,0x50,0x41,0x83,0x7c,0x05,0x08,0x00,0x74,0x07,0x49,0x8b,0x54,
    0x05,0x00,0xeb,0x07,0x48,0x8d,0x15,0xb5,0xd8,0x44,0x00,0x48,0x8d,0x4d,0x40,0xe8,
    0x3c,0xb8,0x5c,0xff,0x4c,0x8b,0xf8,0x45,0x8b,0xc4,0x48,0x8d,0x15,0x47,0x5e,0x76,
    0x00,0x48,0x8d,0x4d,0x80,0xe8,0x96,0xbc,0x5a,0xff,0x90,0x83,0x78,0x08,0x00,0x74,
    0x05,0x48,0x8b,0x38,0xeb,0x07,0x48,0x8d,0x3d,0x83,0xd8,0x44,0x00,0x44,0x89,0x75,
    0xb0,0x48,0x85,0xff,0x74,0x59,0x48,0x8d,0x5d,0xb4,0x48,0x8b,0xcf,0xff,0x15,0xb5,
    0xdb,0x43,0x00,0x8d,0x70,0x01,0x44,0x8d,0x34,0x36,0x41,0x81,0xfe,0x80,0x00,0x00,
    0x00,0x76,0x10,0xba,0x08,0x00,0x00,0x00,0x41,0x8b,0xce,0xe8,0xd0,0x6c,0x5f,0xff,
    0x48,0x8b,0xd8,0x33,0xc0,0x48,0x89,0x44,0x24,0x38,0x48,0x89,0x44,0x24,0x30,0x44,
    0x89,0x74,0x24,0x28,0x48,0x89,0x5c,0x24,0x20,0x44,0x8b,0xce,0x4c,0x8b,0xc7,0x33,
    0xd2,0x8b,0x4d,0xb0,0xff,0x15,0x76,0xdb,0x43,0x00,0x45,0x33,0xf6,0xeb,0x03,0x49,
    0x8b,0xde,0x48,0x89,0x5d,0x34,0x4d,0x8b,0x87,0x80,0x00,0x00,0x00,0x48,0x8b,0xd3,
    0x4c,0x8b,0x7d,0xa0,0x49,0x8b,0xcf,0xe8,0x74,0xd8,0xff,0xff,0x90,0x48,0x8b,0x45,
    0x34,0x48,0x85,0xc0,0x74,0x16,0xc6,0x00,0x00,0x48,0x8d,0x45,0xb4,0x48,0x8b,0x4d,
    0x34,0x48,0x3b,0xc8,0x74,0x06,0xe8,0x15,0x6b,0x5f,0xff,0x90,0x48,0xc7,0x45,0x88,
    0x00,0x00,0x00,0x00,0x48,0x8b,0x4d,0x80,0x48,0x85,0xc9,0x74,0x09,0xe8,0xfe,0x6a,
    0x5f,0xff,0x4c,0x89,0x75,0x80,0x48,0x8b,0x85,0xc0,0x00,0x00,0x00,0x48,0x85,0xc0,
    0x74,0x18,0xc6,0x00,0x00,0x48,0x8d,0x45,0x40,0x48,0x8b,0x8d,0xc0,0x00,0x00,0x00,
    0x48,0x3b,0xc8,0x74,0x05,0xe8,0xd6,0x6a,0x5f,0xff,0x48,0x8b,0x44,0x24,0x50,0x41,
    0x8b,0x54,0x05,0x10,0x48,0x8d,0x4d,0x90,0xe8,0x73,0x5d,0x65,0xff,0x90,0x83,0x78,
    0x08,0x00,0x74,0x05,0x48,0x8b,0x18,0xeb,0x07,0x48,0x8d,0x1d,0x80,0xd7,0x44,0x00,
    0x44,0x89,0x75,0x40,0x48,0x85,0xdb,0x74,0x5c,0x4c,0x8d,0x75,0x44,0x48,0x8b,0xcb,
    0xff,0x15,0xb2,0xda,0x43,0x00,0x8d,0x78,0x01,0x8d,0x34,0x3f,0x81,0xfe,0x80,0x00,
    0x00,0x00,0x76,0x0f,0xba,0x08,0x00,0x00,0x00,0x8b,0xce,0xe8,0xd0,0x6b,0x5f,0xff,
    0x4c,0x8b,0xf0,0x33,0xc0,0x48,0x89,0x44,0x24,0x38,0x48,0x89,0x44,0x24,0x30,0x89,
    0x74,0x24,0x28,0x4c,0x89,0x74,0x24,0x20,0x44,0x8b,0xcf,0x4c,0x8b,0xc3,0x33,0xd2,
    0x8b,0x4d,0x40,0xff,0x15,0x77,0xda,0x43,0x00,0x4c,0x89,0xb5,0xc4,0x00,0x00,0x00,
    0x45,0x33,0xf6,0xeb,0x07,0x4c,0x89,0xb5,0xc4,0x00,0x00,0x00,0x45,0x8b,0xc4,0x48,
    0x8d,0x15,0xa2,0x5d,0x76,0x00,0x48,0x8d,0x4c,0x24,0x60,0xe8,0x00,0xbb,0x5a,0xff,
    0x90,0x83,0x78,0x08,0x00,0x74,0x05,0x48,0x8b,0x38,0xeb,0x07,0x48,0x8d,0x3d,0xed,
    0xd6,0x44,0x00,0x44,0x89,0x75,0xb0,0x48,0x85,0xff,0x74,0x59,0x48,0x8d,0x5d,0xb4,
    0x48,0x8b,0xcf,0xff,0x15,0x1f,0xda,0x43,0x00,0x8d,0x70,0x01,0x44,0x8d,0x34,0x36,
    0x41,0x81,0xfe,0x80,0x00,0x00,0x00,0x76,0x10,0xba,0x08,0x00,0x00,0x00,0x41,0x8b,
    0xce,0xe8,0x3a,0x6b,0x5f,0xff,0x48,0x8b,0xd8,0x33,0xc0,0x48,0x89,0x44,0x24,0x38,
    0x48,0x89,0x44,0x24,0x30,0x44,0x89,0x74,0x24,0x28,0x48,0x89,0x5c,0x24,0x20,0x44,
    0x8b,0xce,0x4c,0x8b,0xc7,0x33,0xd2,0x8b,0x4d,0xb0,0xff,0x15,0xe0,0xd9,0x43,0x00,
    0x45,0x33,0xf6,0xeb,0x03,0x49,0x8b,0xde,0x48,0x89,0x5d,0x34,0x4c,0x8b,0x85,0xc4,
    0x00,0x00,0x00,0x48,0x8b,0xd3,0x49,0x8b,0xcf,0xe8,0xe2,0xd6,0xff,0xff,0x90,0x48,
    0x8b,0x45,0x34,0x48,0x85,0xc0,0x74,0x16,0xc6,0x00,0x00,0x48,0x8d,0x45,0xb4,0x48,
    0x8b,0x4d,0x34,0x48,0x3b,0xc8,0x74,0x06,0xe8,0x83,0x69,0x5f,0xff,0x90,0x48,0xc7,
    0x44,0x24,0x68,0x00,0x00,0x00,0x00,0x48,0x8b,0x4c,0x24,0x60,0x48,0x85,0xc9,0x74,
    0x0a,0xe8,0x6a,0x69,0x5f,0xff,0x4c,0x89,0x74,0x24,0x60,0x48,0x8b,0x85,0xc4,0x00,
    0x00,0x00,0x48,0x85,0xc0,0x74,0x19,0xc6,0x00,0x00,0x48,0x8d,0x45,0x44,0x48,0x8b,
    0x8d,0xc4,0x00,0x00,0x00,0x48,0x3b,0xc8,0x74,0x06,0xe8,0x41,0x69,0x5f,0xff,0x90,
    0x48,0xc7,0x45,0x98,0x00,0x00,0x00,0x00,0x48,0x8b,0x4d,0x90,0x48,0x85,0xc9,0x74,
    0x09,0xe8,0x2a,0x69,0x5f,0xff,0x4c,0x89,0x75,0x90,0x48,0x8b,0x44,0x24,0x50,0x45,
    0x8b,0xc4,0x41,0x80,0x7c,0x05,0x14,0x00,0x0f,0x84,0xe5,0x00,0x00,0x00,0x48,0x8d,
    0x15,0x0b,0x5d,0x76,0x00,0x48,0x8d,0x4c,0x24,0x70,0xe8,0xd1,0xb9,0x5a,0xff,0x90,
    0x83,0x78,0x08,0x00,0x74,0x05,0x48,0x8b,0x38,0xeb,0x07,0x48,0x8d,0x3d,0xbe,0xd5,
    0x44,0x00,0x44,0x89,0x75,0xb0,0x48,0x85,0xff,0x74,0x59,0x48,0x8d,0x5d,0xb4,0x48,
    0x8b,0xcf,0xff,0x15,0xf0,0xd8,0x43,0x00,0x8d,0x70,0x01,0x44,0x8d,0x34,0x36,0x41,
    0x81,0xfe,0x80,0x00,0x00,0x00,0x76,0x10,0xba,0x08,0x00,0x00,0x00,0x41,0x8b,0xce,
    0xe8,0x0b,0x6a,0x5f,0xff,0x48,0x8b,0xd8,0x33,0xc0,0x48,0x89,0x44,0x24,0x38,0x48,
    0x89,0x44,0x24,0x30,0x44,0x89,0x74,0x24,0x28,0x48,0x89,0x5c,0x24,0x20,0x44,0x8b,
    0xce,0x4c,0x8b,0xc7,0x33,0xd2,0x8b,0x4d,0xb0,0xff,0x15,0xb1,0xd8,0x43,0x00,0x45,
    0x33,0xf6,0xeb,0x03,0x49,0x8b,0xde,0x48,0x89,0x5d,0x34,0x4c,0x8d,0x05,0x72,0x55,
    0x76,0x00,0x48,0x8b,0xd3,0x49,0x8b,0xcf,0xe8,0xb3,0xd5,0xff,0xff,0x90,0x48,0x8b,
    0x45,0x34,0x48,0x85,0xc0,0x74,0x16,0xc6,0x00,0x00,0x48,0x8d,0x45,0xb4,0x48,0x8b,
    0x4d,0x34,0x48,0x3b,0xc8,0x74,0x06,0xe8,0x54,0x68,0x5f,0xff,0x90,0x48,0xc7,0x44,
    0x24,0x78,0x00,0x00,0x00,0x00,0x48,0x8b,0x4c,0x24,0x70,0x48,0x85,0xc9,0x0f,0x84,
    0xeb,0x00,0x00,0x00,0xe8,0x37,0x68,0x5f,0xff,0x4c,0x89,0x74,0x24,0x70,0xe9,0xdc,
    0x00,0x00,0x00,0x48,0x8d,0x15,0x4e,0x5c,0x76,0x00,0x48,0x8d,0x4c,0x24,0x40,0xe8,
    0xec,0xb8,0x5a,0xff,0x90,0x83,0x78,0x08,0x00,0x74,0x05,0x48,0x8b,0x38,0xeb,0x07,
    0x48,0x8d,0x3d,0xd9,0xd4,0x44,0x00,0x44,0x89,0x75,0xb0,0x48,0x85,0xff,0x74,0x59,
    0x48,0x8d,0x5d,0xb4,0x48,0x8b,0xcf,0xff,0x15,0x0b,0xd8,0x43,0x00,0x8d,0x70,0x01,
    0x44,0x8d,0x34,0x36,0x41,0x81,0xfe,0x80,0x00,0x00,0x00,0x76,0x10,0xba,0x08,0x00,
    0x00,0x00,0x41,0x8b,0xce,0xe8,0x26,0x69,0x5f,0xff,0x48,0x8b,0xd8,0x33,0xc0,0x48,
    0x89,0x44,0x24,0x38,0x48,0x89,0x44,0x24,0x30,0x44,0x89,0x74,0x24,0x28,0x48,0x89,
    0x5c,0x24,0x20,0x44,0x8b,0xce,0x4c,0x8b,0xc7,0x33,0xd2,0x8b,0x4d,0xb0,0xff,0x15,
    0xcc,0xd7,0x43,0x00,0x45,0x33,0xf6,0xeb,0x03,0x49,0x8b,0xde,0x48,0x89,0x5d,0x34,
    0x4c,0x8d,0x05,0xad,0x4d,0x76,0x00,0x48,0x8b,0xd3,0x49,0x8b,0xcf,0xe8,0xce,0xd4,
    0xff,0xff,0x90,0x48,0x8b,0x45,0x34,0x48,0x85,0xc0,0x74,0x16,0xc6,0x00,0x00,0x48,
    0x8d,0x45,0xb4,0x48,0x8b,0x4d,0x34,0x48,0x3b,0xc8,0x74,0x06,0xe8,0x6f,0x67,0x5f,
    0xff,0x90,0x48,0xc7,0x44,0x24,0x48,0x00,0x00,0x00,0x00,0x48,0x8b,0x4c,0x24,0x40,
    0x48,0x85,0xc9,0x74,0x0a,0xe8,0x56,0x67,0x5f,0xff,0x4c,0x89,0x74,0x24,0x40,0x41,
    0xff,0xc4,0x49,0x83,0xc5,0x18,0x8b,0x44,0x24,0x58,0x44,0x3b,0xe0,0x0f,0x8c,0x3d,
    0xfb,0xff,0xff,0x48,0x63,0xf0,0x85,0xc0,0x7e,0x2f,0x49,0x8b,0xfe,0x0f,0x1f,0x00,
    0x48,0x8b,0x5c,0x24,0x50,0x48,0x03,0xdf,0x48,0xc7,0x43,0x08,0x00,0x00,0x00,0x00,
    0x48,0x8b,0x0b,0x48,0x85,0xc9,0x74,0x08,0xe8,0x13,0x67,0x5f,0xff,0x4c,0x89,0x33,
    0x48,0x83,0xc7,0x18,0x48,0xff,0xce,0x75,0xd7,0x48,0xc7,0x44,0x24,0x58,0x00,0x00,
    0x00,0x00,0x48,0x8b,0x4c,0x24,0x50,0x48,0x85,0xc9,0x74,0x05,0xe8,0xef,0x66,0x5f,
    0xff,0x48,0x8b,0x8d,0xd0,0x00,0x00,0x00,0x48,0x33,0xcc,0xe8,0x50,0x06,0x2d,0x00,
    0x4c,0x8d,0x9c,0x24,0xe0,0x01,0x00,0x00,0x49,0x8b,0x5b,0x38,0x49,0x8b,0x73,0x40,
    0x49,0x8b,0x7b,0x48,0x49,0x8b,0xe3,0x41,0x5f,0x41,0x5e,0x41,0x5d,0x41,0x5c,0x5d,
    0xc3,
};
constexpr std::uint8_t kReportingBytes8[] = {
    0x48,0x8b,0xc4,0x55,0x57,0x41,0x54,0x41,0x56,0x41,0x57,0x48,0x8d,0x68,0x88,0x48,
    0x81,0xec,0x50,0x01,0x00,0x00,0x48,0xc7,0x45,0x40,0xfe,0xff,0xff,0xff,0x48,0x89,
    0x58,0x10,0x48,0x89,0x70,0x18,0x4c,0x8b,0xf1,0x8b,0x05,0x41,0x51,0xd4,0x00,0x85,
    0xc0,0x75,0x0b,0xe8,0x68,0x8c,0xff,0xff,0x89,0x05,0x32,0x51,0xd4,0x00,0x45,0x33,
    0xe4,0x45,0x8b,0xfc,0x4c,0x89,0x64,0x24,0x70,0x4c,0x89,0x64,0x24,0x78,0x85,0xc0,
    0x0f,0x84,0x56,0x02,0x00,0x00,0x48,0x8d,0x15,0x2f,0x73,0x76,0x00,0x48,0x8d,0x4c,
    0x24,0x60,0xe8,0xa9,0x03,0x5b,0xff,0x90,0x48,0x8d,0x15,0xed,0x72,0x76,0x00,0x48,
    0x8d,0x4d,0xb0,0xe8,0x98,0x03,0x5b,0xff,0x90,0x48,0x8d,0x15,0xb4,0x72,0x76,0x00,
    0x48,0x8d,0x4d,0x90,0xe8,0x87,0x03,0x5b,0xff,0x90,0x0f,0xb6,0x15,0xdf,0x50,0xd4,
    0x00,0x48,0x8d,0x4d,0x80,0xe8,0x46,0x90,0x65,0xff,0x48,0x8b,0xf0,0x0f,0xb6,0x15,
    0xcd,0x50,0xd4,0x00,0x48,0x8d,0x4d,0xa0,0xe8,0x33,0x90,0x65,0xff,0x48,0x8b,0xf8,
    0x0f,0xb6,0x15,0xbb,0x50,0xd4,0x00,0x48,0x8d,0x4d,0xe0,0xe8,0x20,0x90,0x65,0xff,
    0x48,0x8b,0xd8,0x0f,0xb6,0x15,0xa9,0x50,0xd4,0x00,0x48,0x8d,0x4d,0xd0,0xe8,0x0d,
    0x90,0x65,0xff,0x90,0x4c,0x8d,0x45,0x90,0x48,0x8d,0x55,0x10,0x48,0x8b,0xc8,0xe8,
    0x2c,0x25,0x5b,0xff,0x90,0x4c,0x8b,0xc3,0x48,0x8d,0x55,0xf0,0x48,0x8b,0xc8,0xe8,
    0x1c,0x25,0x5b,0xff,0x90,0x4c,0x8d,0x45,0xb0,0x48,0x8d,0x55,0xc0,0x48,0x8b,0xc8,
    0xe8,0x0b,0x25,0x5b,0xff,0x90,0x4c,0x8b,0xc7,0x48,0x8d,0x55,0x20,0x48,0x8b,0xc8,
    0xe8,0xfb,0x24,0x5b,0xff,0x90,0x4c,0x8d,0x44,0x24,0x60,0x48,0x8d,0x55,0x30,0x48,
    0x8b,0xc8,0xe8,0xe9,0x24,0x5b,0xff,0x90,0x4c,0x8b,0xc6,0x48,0x8d,0x55,0x00,0x48,
    0x8b,0xc8,0xe8,0xd9,0x24,0x5b,0xff,0x48,0x8b,0xf8,0x48,0x8d,0x44,0x24,0x70,0x48,
    0x3b,0xc7,0x74,0x4c,0x48,0x63,0x5f,0x08,0x89,0x5c,0x24,0x7c,0x89,0x5c,0x24,0x78,
    0x85,0xdb,0x74,0x3c,0x8d,0x14,0x1b,0x33,0xc9,0x45,0x8d,0x44,0x24,0x08,0xe8,0x8d,
    0xa0,0x5f,0xff,0x4c,0x8b,0xf8,0x48,0x89,0x44,0x24,0x70,0x85,0xdb,0x74,0x21,0x44,
    0x39,0x67,0x08,0x74,0x05,0x48,0x8b,0x17,0xeb,0x07,0x48,0x8d,0x15,0x7f,0x09,0x45,
    0x00,0x4c,0x8b,0xc3,0x4d,0x03,0xc0,0x49,0x8b,0xcf,0xe8,0x37,0x3c,0x2d,0x00,0x90,
    0x4c,0x89,0x65,0x08,0x48,0x8b,0x4d,0x00,0x48,0x85,0xc9,0x74,0x09,0xe8,0x8e,0x9c,
    0x5f,0xff,0x4c,0x89,0x65,0x00,0x4c,0x89,0x65,0x38,0x48,0x8b,0x4d,0x30,0x48,0x85,
    0xc9,0x74,0x09,0xe8,0x78,0x9c,0x5f,0xff,0x4c,0x89,0x65,0x30,0x4c,0x89,0x65,0x28,
    0x48,0x8b,0x4d,0x20,0x48,0x85,0xc9,0x74,0x09,0xe8,0x62,0x9c,0x5f,0xff,0x4c,0x89,
    0x65,0x20,0x4c,0x89,0x65,0xc8,0x48,0x8b,0x4d,0xc0,0x48,0x85,0xc9,0x74,0x09,0xe8,
    0x4c,0x9c,0x5f,0xff,0x4c,0x89,0x65,0xc0,0x4c,0x89,0x65,0xf8,0x48,0x8b,0x4d,0xf0,
    0x48,0x85,0xc9,0x74,0x09,0xe8,0x36,0x9c,0x5f,0xff,0x4c,0x89,0x65,0xf0,0x4c,0x89,
    0x65,0x18,0x48,0x8b,0x4d,0x10,0x48,0x85,0xc9,0x74,0x09,0xe8,0x20,0x9c,0x5f,0xff,
    0x4c,0x89,0x65,0x10,0x4c,0x89,0x65,0xd8,0x48,0x8b,0x4d,0xd0,0x48,0x85,0xc9,0x74,
    0x09,0xe8,0x0a,0x9c,0x5f,0xff,0x4c,0x89,0x65,0xd0,0x4c,0x89,0x65,0xe8,0x48,0x8b,
    0x4d,0xe0,0x48,0x85,0xc9,0x74,0x09,0xe8,0xf4,0x9b,0x5f,0xff,0x4c,0x89,0x65,0xe0,
    0x4c,0x89,0x65,0xa8,0x48,0x8b,0x4d,0xa0,0x48,0x85,0xc9,0x74,0x09,0xe8,0xde,0x9b,
    0x5f,0xff,0x4c,0x89,0x65,0xa0,0x4c,0x89,0x65,0x88,0x48,0x8b,0x4d,0x80,0x48,0x85,
    0xc9,0x74,0x09,0xe8,0xc8,0x9b,0x5f,0xff,0x4c,0x89,0x65,0x80,0x4c,0x89,0x65,0x98,
    0x48,0x8b,0x4d,0x90,0x48,0x85,0xc9,0x74,0x09,0xe8,0xb2,0x9b,0x5f,0xff,0x4c,0x89,
    0x65,0x90,0x4c,0x89,0x65,0xb8,0x48,0x8b,0x4d,0xb0,0x48,0x85,0xc9,0x74,0x09,0xe8,
    0x9c,0x9b,0x5f,0xff,0x4c,0x89,0x65,0xb0,0x4c,0x89,0x64,0x24,0x68,0x48,0x8b,0x4c,
    0x24,0x60,0x48,0x85,0xc9,0x74,0x05,0xe8,0x84,0x9b,0x5f,0xff,0x48,0x8d,0x45,0x80,
    0x48,0x89,0x85,0x80,0x00,0x00,0x00,0x48,0x8d,0x15,0x38,0x6f,0x76,0x00,0x48,0x8d,
    0x4c,0x24,0x60,0xe8,0x48,0x01,0x5b,0xff,0x90,0x49,0x8d,0x96,0x84,0x00,0x00,0x00,
    0x48,0x8d,0x4d,0x80,0xe8,0x27,0x00,0x5b,0xff,0x48,0x8b,0xd8,0x49,0x8d,0x56,0x64,
    0x48,0x8d,0x4d,0xa0,0xe8,0x17,0x00,0x5b,0xff,0x49,0x8d,0x76,0x50,0x4d,0x8d,0x46,
    0x08,0x0f,0xb7,0x15,0x7c,0x4e,0xd4,0x00,0x41,0x8b,0x8e,0x98,0x00,0x00,0x00,0x89,
    0x4c,0x24,0x50,0x41,0x8b,0x8e,0x9c,0x00,0x00,0x00,0x89,0x4c,0x24,0x48,0x41,0x8b,
    0x8e,0x94,0x00,0x00,0x00,0x89,0x4c,0x24,0x40,0x48,0x89,0x5c,0x24,0x38,0x48,0x89,
    0x44,0x24,0x30,0x41,0x0f,0xb6,0x46,0x60,0x88,0x44,0x24,0x28,0x4c,0x89,0x44,0x24,
    0x20,0x4c,0x8b,0xce,0x4c,0x8d,0x44,0x24,0x60,0x48,0x8d,0x4c,0x24,0x70,0xe8,0x8d,
    0xe4,0xff,0xff,0x90,0x4c,0x89,0x64,0x24,0x68,0x48,0x8b,0x4c,0x24,0x60,0x48,0x85,
    0xc9,0x74,0x05,0xe8,0xd8,0x9a,0x5f,0xff,0x4c,0x63,0x76,0x08,0x4d,0x85,0xf6,0x7e,
    0x32,0x49,0x8b,0xfc,0x66,0x66,0x66,0x66,0x0f,0x1f,0x84,0x00,0x00,0x00,0x00,0x00,
    0x48,0x8b,0x1e,0x4c,0x89,0x64,0x1f,0x08,0x48,0x8b,0x0c,0x1f,0x48,0x85,0xc9,0x74,
    0x09,0xe8,0xaa,0x9a,0x5f,0xff,0x4c,0x89,0x24,0x1f,0x48,0x83,0xc7,0x10,0x49,0xff,
    0xce,0x75,0xdd,0x44,0x89,0x66,0x08,0x83,0x7e,0x0c,0x00,0x74,0x1a,0x44,0x89,0x66,
    0x0c,0x48,0x8b,0x0e,0x48,0x85,0xc9,0x74,0x0e,0x33,0xd2,0x44,0x8d,0x42,0x08,0xe8,
    0x3c,0x9e,0x5f,0xff,0x48,0x89,0x06,0x4d,0x85,0xff,0x74,0x08,0x49,0x8b,0xcf,0xe8,
    0x6c,0x9a,0x5f,0xff,0x4c,0x8d,0x9c,0x24,0x50,0x01,0x00,0x00,0x49,0x8b,0x5b,0x38,
    0x49,0x8b,0x73,0x40,0x49,0x8b,0xe3,0x41,0x5f,0x41,0x5e,0x41,0x5c,0x5f,0x5d,0xc3,
};
constexpr std::uint8_t kReportingBytes9[] = {
    0x48,0x8b,0xc4,0x4c,0x89,0x40,0x18,0x89,0x50,0x10,0x48,0x89,0x48,0x08,0x55,0x56,
    0x57,0x41,0x54,0x41,0x55,0x41,0x56,0x41,0x57,0x48,0x8b,0xec,0x48,0x83,0xec,0x70,
    0x48,0xc7,0x45,0xb8,0xfe,0xff,0xff,0xff,0x48,0x89,0x58,0x20,0x4d,0x8b,0xe9,0x49,
    0x8b,0xd8,0x8b,0xfa,0x48,0x8d,0x35,0xf5,0x22,0x45,0x00,0x83,0x79,0x08,0x00,0x74,
    0x05,0x48,0x8b,0x11,0xeb,0x03,0x48,0x8b,0xd6,0x48,0x8b,0xce,0x83,0x3d,0x45,0x67,
    0xd4,0x00,0x00,0x48,0x0f,0x45,0x0d,0x35,0x67,0xd4,0x00,0xff,0x15,0x37,0x2e,0x44,
    0x00,0x4c,0x8b,0x7d,0x78,0x4c,0x8b,0x65,0x70,0x85,0xc0,0x0f,0x85,0xf4,0x00,0x00,
    0x00,0x39,0x3d,0x0d,0x69,0xd4,0x00,0x0f,0x85,0xe8,0x00,0x00,0x00,0x39,0x43,0x08,
    0x74,0x05,0x48,0x8b,0x13,0xeb,0x03,0x48,0x8b,0xd6,0x48,0x8b,0xce,0x83,0x3d,0xfc,
    0x65,0xd4,0x00,0x00,0x48,0x0f,0x45,0x0d,0xec,0x65,0xd4,0x00,0xff,0x15,0xf6,0x2d,
    0x44,0x00,0x85,0xc0,0x0f,0x85,0xbb,0x00,0x00,0x00,0x0f,0xb6,0x45,0x68,0x38,0x05,
    0xcd,0x68,0xd4,0x00,0x0f,0x85,0xab,0x00,0x00,0x00,0x41,0x83,0x7c,0x24,0x08,0x00,
    0x74,0x06,0x49,0x8b,0x14,0x24,0xeb,0x03,0x48,0x8b,0xd6,0x48,0x8b,0xce,0x83,0x3d,
    0xa3,0x67,0xd4,0x00,0x00,0x48,0x0f,0x45,0x0d,0x93,0x67,0xd4,0x00,0xff,0x15,0xb5,
    0x2d,0x44,0x00,0x85,0xc0,0x75,0x7e,0x41,0x39,0x47,0x08,0x74,0x05,0x49,0x8b,0x17,
    0xeb,0x03,0x48,0x8b,0xd6,0x48,0x8b,0xce,0x83,0x3d,0xa1,0x65,0xd4,0x00,0x00,0x48,
    0x0f,0x45,0x0d,0x91,0x65,0xd4,0x00,0xff,0x15,0x8b,0x2d,0x44,0x00,0x85,0xc0,0x75,
    0x54,0x8b,0x85,0x80,0x00,0x00,0x00,0x39,0x05,0x6b,0x68,0xd4,0x00,0x75,0x46,0x8b,
    0x85,0x88,0x00,0x00,0x00,0x39,0x05,0x61,0x68,0xd4,0x00,0x75,0x38,0x8b,0x85,0x90,
    0x00,0x00,0x00,0x39,0x05,0x57,0x68,0xd4,0x00,0x75,0x2a,0x41,0x8b,0x45,0x08,0x39,
    0x05,0xeb,0x66,0xd4,0x00,0x75,0x1e,0x48,0x8b,0x45,0x60,0x8b,0x48,0x08,0x2b,0x48,
    0x34,0x8b,0x05,0x59,0x67,0xd4,0x00,0x2b,0x05,0x7f,0x67,0xd4,0x00,0x3b,0xc1,0x75,
    0x04,0x32,0xdb,0xeb,0x02,0xb3,0x01,0x88,0x1d,0x13,0x68,0xd4,0x00,0x33,0xff,0x44,
    0x8b,0xf7,0x84,0xdb,0x75,0x59,0x45,0x3b,0x75,0x08,0x7d,0x51,0x49,0x8b,0x45,0x00,
    0x48,0x8b,0x0d,0xa1,0x66,0xd4,0x00,0x83,0x7c,0x38,0x08,0x00,0x74,0x06,0x48,0x8b,
    0x14,0x38,0xeb,0x03,0x48,0x8b,0xd6,0x83,0x7c,0x0f,0x08,0x00,0x74,0x06,0x48,0x8b,
    0x0c,0x0f,0xeb,0x03,0x48,0x8b,0xce,0xff,0x15,0xeb,0x2c,0x44,0x00,0x85,0xc0,0x75,
    0x14,0x41,0xff,0xc6,0x48,0x83,0xc7,0x10,0x0f,0xb6,0x1d,0xc1,0x67,0xd4,0x00,0x84,
    0xdb,0x74,0xb3,0xeb,0x08,0xb3,0x01,0x88,0x1d,0xb3,0x67,0xd4,0x00,0x33,0xff,0x4c,
    0x8d,0x35,0xd2,0x66,0xd4,0x00,0x4c,0x89,0x75,0xc0,0x89,0x7d,0xc8,0xc7,0x45,0xcc,
    0x01,0x00,0x00,0x00,0x49,0x8d,0x46,0x10,0x48,0x89,0x45,0xd0,0xc7,0x45,0xd8,0xff,
    0xff,0xff,0xff,0x48,0xc7,0x45,0xdc,0x00,0x00,0x00,0x00,0x48,0x8d,0x4d,0xc8,0xe8,
    0x8c,0xd7,0x5b,0xff,0x4c,0x89,0x75,0xe4,0x4c,0x89,0x75,0xec,0x48,0xc7,0x45,0xf4,
    0x00,0x00,0x00,0x00,0x48,0x8b,0x45,0xd0,0x8b,0x55,0xdc,0x3b,0x50,0x18,0x0f,0x8d,
    0xcc,0x00,0x00,0x00,0x4c,0x8b,0x75,0x60,0x84,0xdb,0x0f,0x85,0x9b,0x00,0x00,0x00,
    0x48,0x8b,0x7d,0xc0,0x48,0x8b,0x0f,0x48,0x63,0xc2,0x48,0x8d,0x1c,0x80,0x4c,0x8d,
    0x04,0xd9,0x48,0x8d,0x55,0xb0,0x49,0x8b,0xce,0xe8,0xc2,0x6d,0x5d,0xff,0x48,0x63,
    0x45,0xb0,0x83,0xf8,0xff,0x74,0x6c,0x49,0x8b,0x16,0x48,0x8d,0x04,0x80,0x48,0x8d,
    0x04,0xc2,0x48,0x85,0xc0,0x74,0x5c,0x48,0x83,0xc0,0x10,0x74,0x56,0x48,0x8b,0x0f,
    0x83,0x7c,0xd9,0x18,0x00,0x74,0x07,0x48,0x8b,0x54,0xd9,0x10,0xeb,0x03,0x48,0x8b,
    0xd6,0x83,0x78,0x08,0x00,0x74,0x05,0x48,0x8b,0x08,0xeb,0x03,0x48,0x8b,0xce,0xff,
    0x15,0x03,0x2c,0x44,0x00,0x85,0xc0,0x75,0x2a,0x8b,0x45,0xcc,0xf7,0xd0,0x21,0x45,
    0xd8,0x48,0x8d,0x4d,0xc8,0xe8,0xe6,0xd6,0x5b,0xff,0x48,0x8b,0x45,0xd0,0x8b,0x55,
    0xdc,0x0f,0xb6,0x1d,0xc8,0x66,0xd4,0x00,0x3b,0x50,0x18,0x0f,0x8c,0x67,0xff,0xff,
    0xff,0xeb,0x08,0xb3,0x01,0x88,0x1d,0xb5,0x66,0xd4,0x00,0x83,0x7d,0xf4,0x00,0x74,
    0x16,0x83,0x7d,0xf8,0x00,0x74,0x10,0x48,0x8b,0x4d,0xec,0xe8,0x40,0xab,0x5d,0xff,
    0x0f,0xb6,0x1d,0x99,0x66,0xd4,0x00,0x33,0xff,0x4c,0x8d,0x35,0xb8,0x65,0xd4,0x00,
    0x84,0xdb,0x0f,0x84,0xfb,0x01,0x00,0x00,0x48,0x8d,0x05,0x91,0x64,0xd4,0x00,0x48,
    0x8b,0x5d,0x40,0x48,0x3b,0xc3,0x74,0x5a,0x8b,0x43,0x08,0x89,0x05,0x8b,0x64,0xd4,
    0x00,0x89,0x05,0x81,0x64,0xd4,0x00,0x48,0x8b,0x0d,0x72,0x64,0xd4,0x00,0x48,0x85,
    0xc9,0x75,0x04,0x85,0xc0,0x74,0x3b,0x8d,0x14,0x00,0x41,0xb8,0x08,0x00,0x00,0x00,
    0xe8,0xeb,0xb6,0x5f,0xff,0x48,0x8b,0xc8,0x48,0x89,0x05,0x51,0x64,0xd4,0x00,0x8b,
    0x05,0x53,0x64,0xd4,0x00,0x85,0xc0,0x74,0x19,0x83,0x7b,0x08,0x00,0x74,0x05,0x48,
    0x8b,0x13,0xeb,0x03,0x48,0x8b,0xd6,0x4c,0x63,0xc0,0x4d,0x03,0xc0,0xe8,0x94,0x52,
    0x2d,0x00,0x8b,0x45,0x48,0x89,0x05,0x19,0x66,0xd4,0x00,0x48,0x8d,0x05,0x16,0x63,
    0xd4,0x00,0x48,0x8b,0x55,0x50,0x48,0x3b,0xc2,0x74,0x5e,0x8b,0x42,0x08,0x89,0x05,
    0x10,0x63,0xd4,0x00,0x89,0x05,0x06,0x63,0xd4,0x00,0x48,0x8b,0x0d,0xf7,0x62,0xd4,
    0x00,0x48,0x85,0xc9,0x75,0x04,0x85,0xc0,0x74,0x3f,0x8d,0x14,0x00,0x41,0xb8,0x08,
    0x00,0x00,0x00,0xe8,0x78,0xb6,0x5f,0xff,0x48,0x8b,0xc8,0x48,0x89,0x05,0xd6,0x62,
    0xd4,0x00,0x8b,0x05,0xd8,0x62,0xd4,0x00,0x48,0x8b,0x55,0x50,0x85,0xc0,0x74,0x19,
    0x83,0x7a,0x08,0x00,0x74,0x05,0x48,0x8b,0x12,0xeb,0x03,0x48,0x8b,0xd6,0x4c,0x63,
    0xc0,0x4d,0x03,0xc0,0xe8,0x1d,0x52,0x2d,0x00,0x49,0x8b,0xd5,0x48,0x8d,0x0d,0x45,
    0x64,0xd4,0x00,0xe8,0x68,0x02,0x5b,0xff,0x48,0x8b,0x55,0x60,0x49,0x8b,0xce,0xe8,
    0xac,0xa2,0x8d,0xff,0x0f,0xb6,0x45,0x68,0x88,0x05,0x83,0x65,0xd4,0x00,0x48,0x8d,
    0x05,0x6b,0x64,0xd4,0x00,0x49,0x3b,0xc4,0x74,0x5f,0x41,0x8b,0x44,0x24,0x08,0x89,
    0x05,0x67,0x64,0xd4,0x00,0x89,0x05,0x5d,0x64,0xd4,0x00,0x48,0x8b,0x0d,0x4e,0x64,
    0xd4,0x00,0x48,0x85,0xc9,0x75,0x04,0x85,0xc0,0x74,0x3e,0x8d,0x14,0x00,0x41,0xb8,
    0x08,0x00,0x00,0x00,0xe8,0xe7,0xb5,0x5f,0xff,0x48,0x8b,0xc8,0x48,0x89,0x05,0x2d,
    0x64,0xd4,0x00,0x8b,0x05,0x2f,0x64,0xd4,0x00,0x85,0xc0,0x74,0x1c,0x41,0x83,0x7c,
    0x24,0x08,0x00,0x74,0x06,0x49,0x8b,0x14,0x24,0xeb,0x03,0x48,0x8b,0xd6,0x4c,0x63,
    0xc0,0x4d,0x03,0xc0,0xe8,0x8d,0x51,0x2d,0x00,0x48,0x8d,0x05,0x28,0x62,0xd4,0x00,
    0x49,0x3b,0xc7,0x74,0x5a,0x41,0x8b,0x47,0x08,0x89,0x05,0x25,0x62,0xd4,0x00,0x89,
    0x05,0x1b,0x62,0xd4,0x00,0x48,0x8b,0x0d,0x0c,0x62,0xd4,0x00,0x48,0x85,0xc9,0x75,
    0x04,0x85,0xc0,0x74,0x3a,0x8d,0x14,0x00,0x41,0xb8,0x08,0x00,0x00,0x00,0xe8,0x7d,
    0xb5,0x5f,0xff,0x48,0x8b,0xc8,0x48,0x89,0x05,0xeb,0x61,0xd4,0x00,0x8b,0x05,0xed,
    0x61,0xd4,0x00,0x85,0xc0,0x74,0x18,0x41,0x83,0x7f,0x08,0x00,0x74,0x03,0x49,0x8b,
    0x37,0x4c,0x63,0xc0,0x4d,0x03,0xc0,0x48,0x8b,0xd6,0xe8,0x27,0x51,0x2d,0x00,0x8b,
    0x85,0x80,0x00,0x00,0x00,0x89,0x05,0xad,0x64,0xd4,0x00,0x8b,0x85,0x88,0x00,0x00,
    0x00,0x89,0x05,0xa5,0x64,0xd4,0x00,0x8b,0x85,0x90,0x00,0x00,0x00,0x89,0x05,0x9d,
    0x64,0xd4,0x00,0xf3,0x0f,0x10,0x05,0x9d,0x64,0xd4,0x00,0x0f,0x2f,0x05,0xe6,0x22,
    0xa5,0x00,0x73,0x12,0xf3,0x0f,0x10,0x05,0xf4,0x84,0x45,0x00,0xf3,0x0f,0x11,0x05,
    0x80,0x64,0xd4,0x00,0xeb,0x06,0xe8,0xd5,0x0f,0x00,0x00,0x90,0x49,0xc7,0x44,0x24,
    0x08,0x00,0x00,0x00,0x00,0x49,0x8b,0x0c,0x24,0x48,0x85,0xc9,0x74,0x09,0xe8,0x2d,
    0xb1,0x5f,0xff,0x49,0x89,0x3c,0x24,0x49,0xc7,0x47,0x08,0x00,0x00,0x00,0x00,0x49,
    0x8b,0x0f,0x48,0x85,0xc9,0x74,0x08,0xe8,0x14,0xb1,0x5f,0xff,0x49,0x89,0x3f,0x48,
    0x8b,0x9c,0x24,0xc8,0x00,0x00,0x00,0x48,0x83,0xc4,0x70,0x41,0x5f,0x41,0x5e,0x41,
    0x5d,0x41,0x5c,0x5f,0x5e,0x5d,0xc3,
};
constexpr std::uint8_t kReportingBytes10[] = {
    0x48,0x8b,0xc4,0x55,0x41,0x56,0x41,0x57,0x48,0x8d,0x68,0xc8,0x48,0x81,0xec,0x20,
    0x01,0x00,0x00,0x48,0xc7,0x44,0x24,0x38,0xfe,0xff,0xff,0xff,0x48,0x89,0x58,0x08,
    0x48,0x89,0x70,0x10,0x48,0x89,0x78,0x18,0x0f,0x29,0x70,0xd8,0x0f,0x29,0x78,0xc8,
    0x48,0x8b,0x05,0xd9,0x44,0xa6,0x00,0x48,0x33,0xc4,0x48,0x89,0x45,0xf0,0x0f,0x28,
    0xf0,0x45,0x33,0xff,0x41,0x8b,0xff,0x44,0x89,0x7c,0x24,0x20,0xf3,0x0f,0x10,0x0d,
    0x04,0x39,0xd4,0x00,0xf3,0x0f,0x58,0xce,0xf3,0x0f,0x11,0x0d,0xf8,0x38,0xd4,0x00,
    0x0f,0x57,0xff,0xf3,0x0f,0x10,0x0d,0xe9,0x38,0xd4,0x00,0x0f,0x2f,0xcf,0x76,0x16,
    0xf3,0x0f,0x5c,0xce,0xf3,0x0f,0x11,0x0d,0xd8,0x38,0xd4,0x00,0x0f,0x2f,0xcf,0x77,
    0x05,0xe8,0x2a,0xe4,0xff,0xff,0x8b,0x0d,0x18,0x35,0xd4,0x00,0x85,0xc9,0x74,0x0c,
    0x0f,0xb6,0x15,0x04,0x35,0xd4,0x00,0xe8,0x34,0xdc,0xff,0xff,0x40,0x38,0x3d,0x6d,
    0x35,0xd4,0x00,0x74,0x2b,0xf3,0x0f,0x10,0x05,0x5f,0x35,0xd4,0x00,0xf3,0x0f,0x58,
    0xc6,0xf3,0x0f,0x11,0x05,0x53,0x35,0xd4,0x00,0x0f,0x2f,0x05,0x00,0x59,0x45,0x00,
    0x76,0x14,0x40,0x88,0x3d,0x47,0x35,0xd4,0x00,0xc6,0x05,0x41,0x35,0xd4,0x00,0x01,
    0x89,0x3d,0x36,0x35,0xd4,0x00,0x40,0x38,0x3d,0x96,0x34,0xd4,0x00,0x74,0x5f,0x40,
    0x88,0x3d,0x8d,0x34,0xd4,0x00,0x40,0x88,0x3d,0x24,0x35,0xd4,0x00,0x4c,0x8d,0x05,
    0xcc,0x58,0x76,0x00,0xba,0xa6,0x0f,0x00,0x00,0x48,0x8b,0x0d,0x38,0xa6,0xa1,0x00,
    0xe8,0xeb,0x7f,0x64,0xff,0xb2,0x01,0x8b,0x0d,0x4f,0x38,0xd4,0x00,0xe8,0xbe,0xdb,
    0xff,0xff,0x84,0xc0,0x74,0x21,0xc6,0x05,0xf3,0x34,0xd4,0x00,0x01,0x4c,0x8d,0x05,
    0xc4,0x58,0x76,0x00,0xba,0xa6,0x0f,0x00,0x00,0x48,0x8b,0x0d,0x08,0xa6,0xa1,0x00,
    0xe8,0xbb,0x7f,0x64,0xff,0xeb,0x07,0xc6,0x05,0xd3,0x34,0xd4,0x00,0x01,0xe8,0x2d,
    0x42,0x15,0x00,0x83,0xf8,0x02,0x0f,0x85,0x45,0x01,0x00,0x00,0x48,0x8d,0x4c,0x24,
    0x40,0xe8,0x1a,0x70,0xff,0xff,0x48,0x39,0x78,0x10,0x0f,0x94,0xc3,0x48,0x83,0x7c,
    0x24,0x58,0x10,0x72,0x0a,0x48,0x8b,0x4c,0x24,0x40,0xe8,0xb1,0x84,0x5f,0xff,0x84,
    0xdb,0x0f,0x84,0xb3,0x00,0x00,0x00,0x48,0x8d,0x4c,0x24,0x40,0xe8,0x1f,0x42,0x15,
    0x00,0x90,0x48,0x83,0x7c,0x24,0x50,0x00,0x0f,0x84,0x88,0x00,0x00,0x00,0x49,0x83,
    0xc9,0xff,0x45,0x33,0xc0,0x48,0x8d,0x54,0x24,0x40,0x48,0x8d,0x0d,0xb7,0xf7,0xa4,
    0x00,0xe8,0x8a,0xcc,0x5a,0xff,0x4c,0x89,0x7c,0x24,0x20,0x49,0x8b,0xdf,0x48,0x8b,
    0xc3,0x48,0xc1,0xe8,0x20,0x85,0xc0,0x75,0x10,0x48,0x8b,0x05,0x58,0xfe,0xd3,0x00,
    0x48,0x8b,0x98,0x20,0x01,0x00,0x00,0xeb,0x1f,0x48,0x8b,0x0d,0x38,0x12,0xd3,0x00,
    0xe8,0x9b,0x95,0x73,0xff,0x48,0x85,0xc0,0x74,0x32,0x48,0x8b,0xd3,0x48,0x8b,0xc8,
    0xe8,0x8b,0x07,0xb1,0xff,0x48,0x8b,0xd8,0x48,0x85,0xdb,0x74,0x1f,0x48,0x8d,0x54,
    0x24,0x40,0x48,0x8d,0x4c,0x24,0x28,0xe8,0x44,0x10,0x00,0x00,0x4c,0x8b,0x03,0x48,
    0x8b,0xd0,0x48,0x8b,0xcb,0x41,0xff,0x90,0xc0,0x02,0x00,0x00,0xc7,0x05,0x2a,0x34,
    0xd4,0x00,0x00,0x00,0x00,0x00,0x48,0x83,0x7c,0x24,0x58,0x10,0x72,0x73,0x48,0x8b,
    0x4c,0x24,0x40,0xe8,0xf8,0x83,0x5f,0xff,0xeb,0x67,0xf3,0x0f,0x10,0x05,0x0e,0x34,
    0xd4,0x00,0xf3,0x0f,0x5c,0xc6,0xf3,0x0f,0x11,0x05,0x02,0x34,0xd4,0x00,0x0f,0x2f,
    0xc7,0x77,0x1b,0x48,0x8d,0x4c,0x24,0x40,0xe8,0x23,0x6f,0xff,0xff,0xbf,0x01,0x00,
    0x00,0x00,0x4c,0x39,0x78,0x10,0x74,0x06,0x40,0x0f,0xb6,0xdf,0xeb,0x02,0x32,0xdb,
    0x40,0xf6,0xc7,0x01,0x74,0x12,0x48,0x83,0x7c,0x24,0x58,0x10,0x72,0x0a,0x48,0x8b,
    0x4c,0x24,0x40,0xe8,0xa8,0x83,0x5f,0xff,0x84,0xdb,0x74,0x15,0xe8,0xbf,0x38,0xff,
    0xff,0xf3,0x0f,0x10,0x05,0x17,0x12,0x47,0x00,0xf3,0x0f,0x11,0x05,0xaf,0x33,0xd4,
    0x00,0x80,0x3d,0xb8,0xf5,0xa4,0x00,0x00,0x0f,0x85,0x95,0x00,0x00,0x00,0xc6,0x05,
    0xab,0xf5,0xa4,0x00,0x01,0x48,0x8b,0x15,0xa8,0xf5,0xa4,0x00,0x48,0x8b,0x02,0x48,
    0x3b,0xc2,0x74,0x7f,0x80,0x78,0x65,0x00,0x74,0x20,0x80,0x78,0x64,0x00,0x74,0x13,
    0xc6,0x40,0x65,0x00,0x8b,0x48,0x68,0x89,0x48,0x60,0x48,0x8b,0x15,0x83,0xf5,0xa4,
    0x00,0xeb,0x07,0xc6,0x05,0x76,0xf5,0xa4,0x00,0x00,0x80,0x78,0x19,0x00,0x75,0x4e,
    0x48,0x8b,0x48,0x10,0x80,0x79,0x19,0x00,0x75,0x24,0x48,0x8b,0xc1,0x48,0x8b,0x09,
    0x80,0x79,0x19,0x00,0x75,0x38,0x66,0x66,0x0f,0x1f,0x84,0x00,0x00,0x00,0x00,0x00,
    0x48,0x8b,0xc1,0x48,0x8b,0x09,0x80,0x79,0x19,0x00,0x74,0xf4,0xeb,0x20,0x48,0x8b,
    0x48,0x08,0x80,0x79,0x19,0x00,0x75,0x13,0x48,0x3b,0x41,0x10,0x75,0x0d,0x48,0x8b,
    0xc1,0x48,0x8b,0x49,0x08,0x80,0x79,0x19,0x00,0x74,0xed,0x48,0x8b,0xc1,0x48,0x3b,
    0xc2,0x75,0x81,0x80,0x3d,0x08,0x36,0xd4,0x00,0x00,0x0f,0x84,0x77,0x01,0x00,0x00,
    0x41,0xb6,0x01,0x41,0x8b,0xf7,0x44,0x39,0x3d,0x83,0x34,0xd4,0x00,0x0f,0x8e,0xe1,
    0x00,0x00,0x00,0x49,0x8b,0xff,0x48,0x8b,0x05,0x6b,0x34,0xd4,0x00,0x0f,0x1f,0x00,
    0x83,0xbc,0x07,0xb8,0x00,0x00,0x00,0x00,0x74,0x0a,0x48,0x8b,0x94,0x07,0xb0,0x00,
    0x00,0x00,0xeb,0x07,0x48,0x8d,0x15,0x75,0xef,0x44,0x00,0x48,0x8d,0x4c,0x24,0x60,
    0xe8,0xfb,0xce,0x5c,0xff,0x90,0x48,0x8b,0x90,0x80,0x00,0x00,0x00,0x48,0xc7,0x44,
    0x24,0x58,0x0f,0x00,0x00,0x00,0x4c,0x89,0x7c,0x24,0x50,0xc6,0x44,0x24,0x40,0x00,
    0x80,0x3a,0x00,0x75,0x05,0x4d,0x8b,0xc7,0xeb,0x10,0x49,0x83,0xc8,0xff,0x66,0x90,
    0x49,0xff,0xc0,0x42,0x80,0x3c,0x02,0x00,0x75,0xf6,0x48,0x8d,0x4c,0x24,0x40,0xe8,
    0x8c,0xcd,0x5a,0xff,0x48,0x8b,0x1d,0xfd,0x33,0xd4,0x00,0x48,0x8d,0x54,0x24,0x40,
    0x48,0x8d,0x0d,0x79,0xf4,0xa4,0x00,0xe8,0xf4,0x66,0xff,0xff,0x89,0x84,0x1f,0xd8,
    0x00,0x00,0x00,0x48,0x8b,0x45,0xe0,0x48,0x85,0xc0,0x74,0x16,0xc6,0x00,0x00,0x48,
    0x8d,0x44,0x24,0x60,0x48,0x8b,0x4d,0xe0,0x48,0x3b,0xc8,0x74,0x05,0xe8,0x1e,0x82,
    0x5f,0xff,0x48,0x8b,0x05,0xbf,0x33,0xd4,0x00,0xff,0xc6,0x83,0xbc,0x07,0xd8,0x00,
    0x00,0x00,0xff,0x75,0x03,0x45,0x32,0xf6,0x48,0x81,0xc7,0xdc,0x00,0x00,0x00,0x3b,
    0x35,0xab,0x33,0xd4,0x00,0x0f,0x8c,0x35,0xff,0xff,0xff,0x45,0x84,0xf6,0x0f,0x84,
    0x83,0x00,0x00,0x00,0x41,0x8b,0xff,0x48,0x8b,0x05,0x1a,0x34,0xd4,0x00,0x48,0x8b,
    0x15,0x0b,0x34,0xd4,0x00,0x48,0x2b,0xc2,0x48,0xc1,0xf8,0x03,0x48,0x85,0xc0,0x74,
    0x5f,0x48,0x8d,0x44,0x24,0x28,0x48,0x89,0x44,0x24,0x20,0x49,0x8b,0xf7,0x66,0x90,
    0x48,0x8b,0x1c,0x16,0x4c,0x89,0x7c,0x24,0x28,0x4c,0x89,0x7c,0x24,0x30,0x48,0x8d,
    0x15,0x53,0x33,0xd4,0x00,0x48,0x8d,0x4c,0x24,0x28,0xe8,0xc1,0xb9,0xfe,0xff,0x90,
    0x48,0x8b,0x03,0x48,0x8d,0x54,0x24,0x28,0x48,0x8b,0xcb,0xff,0x10,0xff,0xc7,0x48,
    0x8d,0x76,0x08,0x48,0x8b,0x0d,0xbe,0x33,0xd4,0x00,0x48,0x8b,0x15,0xaf,0x33,0xd4,
    0x00,0x48,0x2b,0xca,0x48,0xc1,0xf9,0x03,0x48,0x63,0xc7,0x48,0x3b,0xc1,0x72,0xb0,
    0xc6,0x05,0x8b,0x34,0xd4,0x00,0x00,0x48,0x8b,0x4d,0xf0,0x48,0x33,0xcc,0xe8,0xcd,
    0x20,0x2d,0x00,0x4c,0x8d,0x9c,0x24,0x20,0x01,0x00,0x00,0x49,0x8b,0x5b,0x20,0x49,
    0x8b,0x73,0x28,0x49,0x8b,0x7b,0x30,0x41,0x0f,0x28,0x73,0xf0,0x41,0x0f,0x28,0x7b,
    0xe0,0x49,0x8b,0xe3,0x41,0x5f,0x41,0x5e,0x5d,0xc3,
};
constexpr std::uint8_t kReportingBytes11[] = {
    0x48,0x8b,0xc4,0x55,0x48,0x8d,0x68,0xa8,0x48,0x81,0xec,0x50,0x01,0x00,0x00,0x48,
    0xc7,0x44,0x24,0x28,0xfe,0xff,0xff,0xff,0x48,0x89,0x58,0x08,0x48,0x89,0x70,0x10,
    0x48,0x89,0x78,0x18,0x48,0x8b,0x05,0x35,0x60,0xa6,0x00,0x48,0x33,0xc4,0x48,0x89,
    0x45,0x40,0x8b,0x05,0x70,0x52,0xd4,0x00,0x85,0xc0,0x0f,0x84,0xc0,0x02,0x00,0x00,
    0xff,0xc8,0x0f,0x84,0xb8,0x02,0x00,0x00,0xc7,0x05,0x56,0x54,0xd4,0x00,0x00,0x00,
    0x00,0x00,0xc7,0x05,0x48,0x54,0xd4,0x00,0x00,0x00,0x00,0x00,0x48,0xc7,0x45,0x98,
    0x0f,0x00,0x00,0x00,0x33,0xf6,0x48,0x89,0x75,0x90,0x40,0x88,0x75,0x80,0x48,0x89,
    0x75,0xa8,0x0f,0x57,0xc0,0x66,0x0f,0x7f,0x45,0xb0,0x48,0xc7,0x45,0xd8,0x0f,0x00,
    0x00,0x00,0x48,0x89,0x75,0xd0,0x40,0x88,0x75,0xc0,0x48,0xc7,0x45,0xf8,0x0f,0x00,
    0x00,0x00,0x48,0x89,0x75,0xf0,0x40,0x88,0x75,0xe0,0x66,0x0f,0x7f,0x45,0x00,0x48,
    0x89,0x75,0x10,0x48,0x89,0x75,0x28,0x48,0x89,0x75,0x30,0x48,0x8d,0x4d,0x28,0xe8,
    0xdc,0x40,0x00,0x00,0x48,0x89,0x45,0x28,0xe8,0x03,0x5e,0x15,0x00,0x85,0xc0,0x0f,
    0x85,0xba,0x00,0x00,0x00,0x48,0xc7,0x44,0x24,0x48,0x0f,0x00,0x00,0x00,0x48,0x89,
    0x74,0x24,0x40,0x88,0x44,0x24,0x30,0x45,0x33,0xc0,0x48,0x8d,0x15,0xf6,0x74,0x76,
    0x00,0x48,0x8d,0x4c,0x24,0x30,0xe8,0xb5,0xeb,0x5a,0xff,0x90,0x49,0x83,0xc9,0xff,
    0x45,0x33,0xc0,0x48,0x8d,0x54,0x24,0x30,0x48,0x8d,0x0d,0xa9,0x13,0xa5,0x00,0xe8,
    0x7c,0xe8,0x5a,0xff,0x90,0x48,0x83,0x7c,0x24,0x48,0x10,0x72,0x0a,0x48,0x8b,0x4c,
    0x24,0x30,0xe8,0x59,0xa0,0x5f,0xff,0x48,0x8d,0x4d,0x80,0xe8,0x20,0x94,0x00,0x00,
    0x4c,0x8d,0x05,0xbd,0xa1,0x76,0x00,0x48,0x8d,0x55,0x80,0x48,0x8b,0x0d,0xa6,0x11,
    0xa5,0x00,0xe8,0x29,0x5b,0x15,0x00,0x48,0x8b,0x0d,0x4a,0xc1,0xa1,0x00,0x84,0xc0,
    0x74,0x27,0x4c,0x8d,0x05,0xf7,0x0c,0x45,0x00,0x83,0x3d,0x58,0x51,0xd4,0x00,0x00,
    0x4c,0x0f,0x45,0x05,0x48,0x51,0xd4,0x00,0x48,0x8d,0x15,0x21,0xbe,0x76,0x00,0xe8,
    0xec,0x99,0x64,0xff,0xe9,0x8c,0x01,0x00,0x00,0x4c,0x8d,0x05,0x70,0xbe,0x76,0x00,
    0xba,0x15,0x03,0x00,0x00,0xe8,0xc6,0x9a,0x64,0xff,0xe9,0x76,0x01,0x00,0x00,0x83,
    0xf8,0x02,0x0f,0x85,0x6d,0x01,0x00,0x00,0x80,0x3d,0x01,0x53,0xd4,0x00,0x00,0x0f,
    0x84,0x60,0x01,0x00,0x00,0x48,0x8d,0x4d,0x80,0xe8,0xa2,0x93,0x00,0x00,0x48,0x89,
    0x74,0x24,0x30,0x48,0x89,0x74,0x24,0x38,0x48,0x89,0x74,0x24,0x40,0x48,0x63,0x15,
    0xec,0x52,0xd4,0x00,0x48,0x8d,0x4c,0x24,0x30,0xe8,0x42,0xb9,0x00,0x00,0x8b,0xfe,
    0x48,0x8b,0x44,0x24,0x38,0x48,0x2b,0x44,0x24,0x30,0x48,0xc1,0xf8,0x05,0x48,0x85,
    0xc0,0x0f,0x84,0xbf,0x00,0x00,0x00,0x48,0x8b,0xde,0x66,0x0f,0x1f,0x44,0x00,0x00,
    0x48,0x8d,0x4c,0x24,0x70,0xff,0x15,0x15,0x19,0x44,0x00,0x85,0xc0,0x0f,0x85,0x87,
    0x00,0x00,0x00,0x48,0x89,0x74,0x24,0x20,0x48,0x8d,0x54,0x24,0x20,0x48,0x8d,0x4c,
    0x24,0x70,0xff,0x15,0x08,0x19,0x44,0x00,0x48,0x8b,0x54,0x24,0x20,0x48,0x85,0xd2,
    0x74,0x68,0x48,0xc7,0x44,0x24,0x68,0x0f,0x00,0x00,0x00,0x48,0x89,0x74,0x24,0x60,
    0xc6,0x44,0x24,0x50,0x00,0x80,0x3a,0x00,0x75,0x05,0x4c,0x8b,0xc6,0xeb,0x0e,0x49,
    0x83,0xc8,0xff,0x49,0xff,0xc0,0x42,0x80,0x3c,0x02,0x00,0x75,0xf6,0x48,0x8d,0x4c,
    0x24,0x50,0xe8,0x59,0xea,0x5a,0xff,0x48,0xc1,0xe3,0x05,0x48,0x03,0x5c,0x24,0x30,
    0x48,0x8d,0x54,0x24,0x50,0x48,0x8b,0xcb,0xe8,0xf3,0xee,0xfb,0xff,0x48,0x83,0x7c,
    0x24,0x68,0x10,0x72,0x0a,0x48,0x8b,0x4c,0x24,0x50,0xe8,0x01,0x9f,0x5f,0xff,0x48,
    0x8d,0x4c,0x24,0x20,0xff,0x15,0x9e,0x18,0x44,0x00,0xff,0xc7,0x48,0x63,0xdf,0x48,
    0x8b,0x44,0x24,0x38,0x48,0x2b,0x44,0x24,0x30,0x48,0xc1,0xf8,0x05,0x48,0x3b,0xd8,
    0x0f,0x82,0x4a,0xff,0xff,0xff,0x48,0x8d,0x54,0x24,0x30,0x48,0x8d,0x4d,0x80,0xe8,
    0x8c,0x5c,0x15,0x00,0x90,0x48,0x8b,0x5c,0x24,0x30,0x48,0x85,0xdb,0x74,0x46,0x48,
    0x8b,0x7c,0x24,0x38,0x48,0x3b,0xdf,0x74,0x33,0x0f,0x1f,0x80,0x00,0x00,0x00,0x00,
    0x48,0x83,0x7b,0x18,0x10,0x72,0x08,0x48,0x8b,0x0b,0xe8,0xa1,0x9e,0x5f,0xff,0x48,
    0xc7,0x43,0x18,0x0f,0x00,0x00,0x00,0x48,0x89,0x73,0x10,0xc6,0x03,0x00,0x48,0x83,
    0xc3,0x20,0x48,0x3b,0xdf,0x75,0xd9,0x48,0x8b,0x5c,0x24,0x30,0x48,0x8b,0xcb,0xe8,
    0x7c,0x9e,0x5f,0xff,0x90,0x48,0x8d,0x4d,0x80,0xe8,0x92,0x24,0xff,0xff,0xeb,0x18,
    0x4c,0x8d,0x05,0x49,0xba,0x76,0x00,0xba,0x15,0x03,0x00,0x00,0x48,0x8b,0x0d,0x75,
    0xbf,0xa1,0x00,0xe8,0x28,0x99,0x64,0xff,0x48,0x8b,0x4d,0x40,0x48,0x33,0xcc,0xe8,
    0xbc,0x3d,0x2d,0x00,0x4c,0x8d,0x9c,0x24,0x50,0x01,0x00,0x00,0x49,0x8b,0x5b,0x10,
    0x49,0x8b,0x73,0x18,0x49,0x8b,0x7b,0x20,0x49,0x8b,0xe3,0x5d,0xc3,
};
constexpr std::uint8_t kReportingBytes12[] = {
    0x8b,0x0d,0xfa,0x18,0x90,0x00,0x83,0xe9,0x02,0x74,0x17,0xff,0xc9,0x74,0x0d,0xff,
    0xc9,0x74,0x03,0x33,0xc0,0xc3,0xb8,0x03,0x00,0x00,0x00,0xc3,0xb8,0x02,0x00,0x00,
    0x00,0xc3,0xb8,0x01,0x00,0x00,0x00,0xc3,
};
constexpr std::uint8_t kReportingBytes13[] = {
    0x48,0x8b,0xc4,0x55,0x41,0x54,0x41,0x55,0x41,0x56,0x41,0x57,0x48,0x8d,0x68,0xb8,
    0x48,0x81,0xec,0x20,0x01,0x00,0x00,0x48,0xc7,0x44,0x24,0x68,0xfe,0xff,0xff,0xff,
    0x48,0x89,0x58,0x10,0x48,0x89,0x70,0x18,0x48,0x89,0x78,0x20,0x48,0x8b,0x05,0xed,
    0xca,0xa5,0x00,0x48,0x33,0xc4,0x48,0x89,0x45,0x10,0x4c,0x8b,0xf9,0x45,0x33,0xed,
    0x44,0x89,0x6c,0x24,0x20,0x48,0x8d,0x15,0x14,0xbd,0xd3,0x00,0x48,0x8d,0x4d,0x90,
    0xe8,0x5b,0xec,0xfe,0xff,0x48,0x8b,0xd8,0x4c,0x3b,0xf8,0x74,0x29,0x49,0x83,0x7f,
    0x18,0x10,0x72,0x08,0x49,0x8b,0x0f,0xe8,0xc4,0x0b,0x5f,0xff,0x49,0xc7,0x47,0x18,
    0x0f,0x00,0x00,0x00,0x4d,0x89,0x6f,0x10,0x45,0x88,0x2f,0x48,0x8b,0xd3,0x49,0x8b,
    0xcf,0xe8,0xfa,0x51,0x5a,0xff,0x48,0x83,0x7d,0xa8,0x10,0x72,0x09,0x48,0x8b,0x4d,
    0x90,0xe8,0x9a,0x0b,0x5f,0xff,0x8b,0x05,0xb8,0xbe,0xd3,0x00,0x41,0x89,0x47,0x20,
    0x49,0x8d,0x4f,0x28,0x48,0x8d,0x15,0xcd,0xbb,0xd3,0x00,0xe8,0x20,0x96,0xfe,0xff,
    0x8b,0x05,0xaa,0xbb,0xd3,0x00,0x85,0xc0,0x74,0x1e,0xff,0xc8,0x74,0x1a,0x48,0x8d,
    0x15,0x93,0xbb,0xd3,0x00,0x48,0x8d,0x4d,0x90,0xe8,0xe2,0xeb,0xfe,0xff,0x48,0x8b,
    0xf0,0xbb,0x01,0x00,0x00,0x00,0xeb,0x32,0x48,0xc7,0x45,0x88,0x0f,0x00,0x00,0x00,
    0x4c,0x89,0x6d,0x80,0x44,0x88,0x6c,0x24,0x70,0x41,0xb8,0x09,0x00,0x00,0x00,0x48,
    0x8d,0x15,0xca,0xde,0x75,0x00,0x48,0x8d,0x4c,0x24,0x70,0xe8,0x60,0x56,0x5a,0xff,
    0x48,0x8d,0x74,0x24,0x70,0xbb,0x02,0x00,0x00,0x00,0x89,0x5c,0x24,0x20,0x49,0x8d,
    0x7f,0x40,0x48,0x3b,0xfe,0x74,0x29,0x48,0x83,0x7f,0x18,0x10,0x72,0x08,0x48,0x8b,
    0x0f,0xe8,0x0a,0x0b,0x5f,0xff,0x48,0xc7,0x47,0x18,0x0f,0x00,0x00,0x00,0x4c,0x89,
    0x6f,0x10,0xc6,0x07,0x00,0x48,0x8b,0xd6,0x48,0x8b,0xcf,0xe8,0x40,0x51,0x5a,0xff,
    0xf6,0xc3,0x02,0x74,0x29,0x83,0xe3,0xfd,0x89,0x5c,0x24,0x20,0x48,0x83,0x7d,0x88,
    0x10,0x72,0x0a,0x48,0x8b,0x4c,0x24,0x70,0xe8,0xd3,0x0a,0x5f,0xff,0x48,0xc7,0x45,
    0x88,0x0f,0x00,0x00,0x00,0x4c,0x89,0x6d,0x80,0xc6,0x44,0x24,0x70,0x00,0xf6,0xc3,
    0x01,0x74,0x10,0x48,0x83,0x7d,0xa8,0x10,0x72,0x09,0x48,0x8b,0x4d,0x90,0xe8,0xad,
    0x0a,0x5f,0xff,0x48,0x8d,0x15,0xb6,0xbc,0xd3,0x00,0x48,0x8d,0x4d,0x90,0xe8,0x1d,
    0xeb,0xfe,0xff,0x48,0x8b,0xf8,0x49,0x8d,0x5f,0x60,0x48,0x3b,0xd8,0x74,0x29,0x48,
    0x83,0x7b,0x18,0x10,0x72,0x08,0x48,0x8b,0x0b,0xe8,0x82,0x0a,0x5f,0xff,0x48,0xc7,
    0x43,0x18,0x0f,0x00,0x00,0x00,0x4c,0x89,0x6b,0x10,0xc6,0x03,0x00,0x48,0x8b,0xd7,
    0x48,0x8b,0xcb,0xe8,0xb8,0x50,0x5a,0xff,0x48,0x83,0x7d,0xa8,0x10,0x72,0x09,0x48,
    0x8b,0x4d,0x90,0xe8,0x58,0x0a,0x5f,0xff,0x0f,0xb6,0x05,0x72,0xbd,0xd3,0x00,0x41,
    0x88,0x87,0x98,0x00,0x00,0x00,0x8b,0x05,0x70,0xbd,0xd3,0x00,0x41,0x89,0x87,0x9c,
    0x00,0x00,0x00,0x8b,0x05,0x5f,0xbd,0xd3,0x00,0x41,0x89,0x87,0xa0,0x00,0x00,0x00,
    0x48,0x8d,0x1d,0x71,0xbc,0xd3,0x00,0x48,0x89,0x5c,0x24,0x28,0x44,0x89,0x6c,0x24,
    0x30,0xc7,0x44,0x24,0x34,0x01,0x00,0x00,0x00,0x48,0x8d,0x43,0x10,0x48,0x89,0x44,
    0x24,0x38,0xc7,0x44,0x24,0x40,0xff,0xff,0xff,0xff,0x4c,0x89,0x6c,0x24,0x44,0x48,
    0x8d,0x4c,0x24,0x30,0xe8,0x27,0x2d,0x5b,0xff,0x48,0x89,0x5c,0x24,0x4c,0x48,0x89,
    0x5c,0x24,0x54,0x45,0x8b,0xc5,0x44,0x89,0x6c,0x24,0x5c,0x41,0x8b,0xd5,0x89,0x54,
    0x24,0x60,0x48,0x8b,0x44,0x24,0x38,0x8b,0x4c,0x24,0x44,0x3b,0x48,0x18,0x0f,0x8d,
    0xd7,0x01,0x00,0x00,0x66,0x66,0x66,0x66,0x0f,0x1f,0x84,0x00,0x00,0x00,0x00,0x00,
    0x48,0x8b,0x7c,0x24,0x28,0x4c,0x8b,0x37,0x48,0x63,0xc1,0x48,0x8d,0x0c,0x80,0x48,
    0x8d,0x34,0xcd,0x00,0x00,0x00,0x00,0x49,0x63,0x5c,0x36,0x08,0x49,0x8b,0xc5,0x48,
    0x89,0x44,0x24,0x70,0x89,0x5c,0x24,0x78,0x89,0x5c,0x24,0x7c,0x85,0xdb,0x74,0x13,
    0x8d,0x14,0x1b,0x33,0xc9,0x44,0x8d,0x41,0x08,0xe8,0x42,0x0d,0x5f,0xff,0x48,0x89,
    0x44,0x24,0x70,0x85,0xdb,0x74,0x13,0x4c,0x8b,0xc3,0x4d,0x03,0xc0,0x49,0x8b,0x14,
    0x36,0x48,0x8b,0xc8,0xe8,0xfd,0xa8,0x2c,0x00,0x90,0x48,0x8b,0x3f,0x48,0x63,0x5c,
    0x37,0x18,0x49,0x8b,0xc5,0x48,0x89,0x45,0xb0,0x89,0x5d,0xb8,0x89,0x5d,0xbc,0x85,
    0xdb,0x74,0x12,0x8d,0x14,0x1b,0x33,0xc9,0x44,0x8d,0x41,0x08,0xe8,0xff,0x0c,0x5f,
    0xff,0x48,0x89,0x45,0xb0,0x85,0xdb,0x74,0x14,0x4c,0x8b,0xc3,0x4d,0x03,0xc0,0x48,
    0x8b,0x54,0x37,0x10,0x48,0x8b,0xc8,0xe8,0xba,0xa8,0x2c,0x00,0x90,0x48,0x8d,0x55,
    0xb0,0x48,0x8d,0x4d,0xf0,0xe8,0x96,0xe9,0xfe,0xff,0x48,0x8b,0xd8,0x48,0x8d,0x54,
    0x24,0x70,0x48,0x8d,0x4d,0x90,0xe8,0x85,0xe9,0xfe,0xff,0x90,0x48,0x8b,0xd0,0x49,
    0x8d,0x8f,0xa8,0x00,0x00,0x00,0xe8,0x95,0x9c,0xfe,0xff,0x48,0x8b,0xf8,0x48,0x3b,
    0xc3,0x74,0x64,0x48,0x83,0x78,0x18,0x10,0x72,0x08,0x48,0x8b,0x08,0xe8,0xde,0x08,
    0x5f,0xff,0x48,0xc7,0x47,0x18,0x0f,0x00,0x00,0x00,0x4c,0x89,0x6f,0x10,0xc6,0x07,
    0x00,0x48,0x83,0x7b,0x18,0x10,0x73,0x17,0x4c,0x8b,0x43,0x10,0x49,0xff,0xc0,0x74,
    0x17,0x48,0x8b,0xd3,0x48,0x8b,0xcf,0xff,0x15,0xcb,0x80,0x43,0x00,0xeb,0x09,0x48,
    0x8b,0x03,0x48,0x89,0x07,0x4c,0x89,0x2b,0x48,0x8b,0x43,0x10,0x48,0x89,0x47,0x10,
    0x48,0x8b,0x43,0x18,0x48,0x89,0x47,0x18,0x48,0xc7,0x43,0x18,0x0f,0x00,0x00,0x00,
    0x4c,0x89,0x6b,0x10,0xc6,0x03,0x00,0x48,0x83,0x7d,0xa8,0x10,0x72,0x09,0x48,0x8b,
    0x4d,0x90,0xe8,0x79,0x08,0x5f,0xff,0x48,0xc7,0x45,0xa8,0x0f,0x00,0x00,0x00,0x4c,
    0x89,0x6d,0xa0,0xc6,0x45,0x90,0x00,0x48,0x83,0x7d,0x08,0x10,0x72,0x0a,0x48,0x8b,
    0x4d,0xf0,0xe8,0x59,0x08,0x5f,0xff,0x90,0x4c,0x89,0x6d,0xb8,0x48,0x8b,0x4d,0xb0,
    0x48,0x85,0xc9,0x74,0x09,0xe8,0x46,0x08,0x5f,0xff,0x4c,0x89,0x6d,0xb0,0x4c,0x89,
    0x6c,0x24,0x78,0x48,0x8b,0x4c,0x24,0x70,0x48,0x85,0xc9,0x74,0x0a,0xe8,0x2e,0x08,
    0x5f,0xff,0x4c,0x89,0x6c,0x24,0x70,0x8b,0x44,0x24,0x34,0xf7,0xd0,0x21,0x44,0x24,
    0x40,0x48,0x8d,0x4c,0x24,0x30,0xe8,0x45,0x2b,0x5b,0xff,0x48,0x8b,0x44,0x24,0x38,
    0x8b,0x4c,0x24,0x44,0x3b,0x48,0x18,0x0f,0x8c,0x43,0xfe,0xff,0xff,0x8b,0x54,0x24,
    0x60,0x44,0x8b,0x44,0x24,0x5c,0x48,0x8b,0x5c,0x24,0x54,0x45,0x85,0xc0,0x74,0x0c,
    0x85,0xd2,0x74,0x08,0x48,0x8b,0xcb,0xe8,0xa4,0xff,0x5c,0xff,0x48,0xc7,0x45,0x88,
    0x0f,0x00,0x00,0x00,0x4c,0x89,0x6d,0x80,0xc6,0x44,0x24,0x70,0x00,0x41,0xb8,0x07,
    0x00,0x00,0x00,0x48,0x8d,0x15,0x3e,0xe7,0x75,0x00,0x48,0x8d,0x4c,0x24,0x70,0xe8,
    0xec,0x52,0x5a,0xff,0x90,0x48,0x8d,0x15,0xec,0xb7,0xd3,0x00,0x48,0x8d,0x4d,0x90,
    0xe8,0x2b,0xe8,0xfe,0xff,0x48,0x8b,0xd8,0x49,0x81,0xc7,0xa8,0x00,0x00,0x00,0x48,
    0x8d,0x54,0x24,0x70,0x49,0x8b,0xcf,0xe8,0x34,0x9b,0xfe,0xff,0x48,0x8b,0xf8,0x48,
    0x3b,0xc3,0x74,0x64,0x48,0x83,0x78,0x18,0x10,0x72,0x08,0x48,0x8b,0x08,0xe8,0x7d,
    0x07,0x5f,0xff,0x48,0xc7,0x47,0x18,0x0f,0x00,0x00,0x00,0x4c,0x89,0x6f,0x10,0xc6,
    0x07,0x00,0x48,0x83,0x7b,0x18,0x10,0x73,0x17,0x4c,0x8b,0x43,0x10,0x49,0xff,0xc0,
    0x74,0x17,0x48,0x8b,0xd3,0x48,0x8b,0xcf,0xff,0x15,0x6a,0x7f,0x43,0x00,0xeb,0x09,
    0x48,0x8b,0x03,0x48,0x89,0x07,0x4c,0x89,0x2b,0x48,0x8b,0x43,0x10,0x48,0x89,0x47,
    0x10,0x48,0x8b,0x43,0x18,0x48,0x89,0x47,0x18,0x48,0xc7,0x43,0x18,0x0f,0x00,0x00,
    0x00,0x4c,0x89,0x6b,0x10,0xc6,0x03,0x00,0x48,0x83,0x7d,0xa8,0x10,0x72,0x09,0x48,
    0x8b,0x4d,0x90,0xe8,0x18,0x07,0x5f,0xff,0x48,0xc7,0x45,0xa8,0x0f,0x00,0x00,0x00,
    0x4c,0x89,0x6d,0xa0,0xc6,0x45,0x90,0x00,0x48,0x83,0x7d,0x88,0x10,0x72,0x0a,0x48,
    0x8b,0x4c,0x24,0x70,0xe8,0xf7,0x06,0x5f,0xff,0x48,0xc7,0x45,0xc8,0x0f,0x00,0x00,
    0x00,0x4c,0x89,0x6d,0xc0,0xc6,0x45,0xb0,0x00,0x41,0xb8,0x0e,0x00,0x00,0x00,0x48,
    0x8d,0x15,0xe2,0xe7,0x75,0x00,0x48,0x8d,0x4d,0xb0,0xe8,0x01,0x52,0x5a,0xff,0x90,
    0x8b,0x15,0xf2,0xb9,0xd3,0x00,0x48,0x8d,0x4c,0x24,0x70,0xe8,0x70,0xf9,0x64,0xff,
    0x90,0x48,0x8b,0xd0,0x48,0x8d,0x4d,0x90,0xe8,0x33,0xe7,0xfe,0xff,0x48,0x8b,0xd8,
    0x48,0x8d,0x55,0xb0,0x49,0x8b,0xcf,0xe8,0x44,0x9a,0xfe,0xff,0x48,0x8b,0xf8,0x48,
    0x3b,0xc3,0x74,0x64,0x48,0x83,0x78,0x18,0x10,0x72,0x08,0x48,0x8b,0x08,0xe8,0x8d,
    0x06,0x5f,0xff,0x48,0xc7,0x47,0x18,0x0f,0x00,0x00,0x00,0x4c,0x89,0x6f,0x10,0xc6,
    0x07,0x00,0x48,0x83,0x7b,0x18,0x10,0x73,0x17,0x4c,0x8b,0x43,0x10,0x49,0xff,0xc0,
    0x74,0x17,0x48,0x8b,0xd3,0x48,0x8b,0xcf,0xff,0x15,0x7a,0x7e,0x43,0x00,0xeb,0x09,
    0x48,0x8b,0x03,0x48,0x89,0x07,0x4c,0x89,0x2b,0x48,0x8b,0x43,0x10,0x48,0x89,0x47,
    0x10,0x48,0x8b,0x43,0x18,0x48,0x89,0x47,0x18,0x48,0xc7,0x43,0x18,0x0f,0x00,0x00,
    0x00,0x4c,0x89,0x6b,0x10,0xc6,0x03,0x00,0x48,0x83,0x7d,0xa8,0x10,0x72,0x09,0x48,
    0x8b,0x4d,0x90,0xe8,0x28,0x06,0x5f,0xff,0x48,0xc7,0x45,0xa8,0x0f,0x00,0x00,0x00,
    0x4c,0x89,0x6d,0xa0,0xc6,0x45,0x90,0x00,0x4c,0x89,0x6c,0x24,0x78,0x48,0x8b,0x4c,
    0x24,0x70,0x48,0x85,0xc9,0x74,0x0a,0xe8,0x04,0x06,0x5f,0xff,0x4c,0x89,0x6c,0x24,
    0x70,0x48,0x83,0x7d,0xc8,0x10,0x72,0x09,0x48,0x8b,0x4d,0xb0,0xe8,0xef,0x05,0x5f,
    0xff,0x48,0xc7,0x45,0xc8,0x0f,0x00,0x00,0x00,0x4c,0x89,0x6d,0xc0,0xc6,0x45,0xb0,
    0x00,0x41,0xb8,0x0e,0x00,0x00,0x00,0x48,0x8d,0x15,0x4a,0xe7,0x75,0x00,0x48,0x8d,
    0x4d,0xb0,0xe8,0xf9,0x50,0x5a,0xff,0x90,0x8b,0x15,0xee,0xb8,0xd3,0x00,0x48,0x8d,
    0x4c,0x24,0x70,0xe8,0x68,0xf8,0x64,0xff,0x90,0x48,0x8b,0xd0,0x48,0x8d,0x4d,0x90,
    0xe8,0x2b,0xe6,0xfe,0xff,0x48,0x8b,0xf8,0x48,0x8d,0x55,0xb0,0x49,0x8b,0xcf,0xe8,
    0x3c,0x99,0xfe,0xff,0x48,0x8b,0xd8,0x48,0x3b,0xc7,0x74,0x2a,0x48,0x83,0x78,0x18,
    0x10,0x72,0x08,0x48,0x8b,0x08,0xe8,0x85,0x05,0x5f,0xff,0x48,0xc7,0x43,0x18,0x0f,
    0x00,0x00,0x00,0x4c,0x89,0x6b,0x10,0xc6,0x03,0x00,0x48,0x8b,0xd7,0x48,0x8b,0xcb,
    0xe8,0xbb,0x4b,0x5a,0xff,0x90,0x48,0x83,0x7d,0xa8,0x10,0x72,0x09,0x48,0x8b,0x4d,
    0x90,0xe8,0x5a,0x05,0x5f,0xff,0x48,0xc7,0x45,0xa8,0x0f,0x00,0x00,0x00,0x4c,0x89,
    0x6d,0xa0,0xc6,0x45,0x90,0x00,0x4c,0x89,0x6c,0x24,0x78,0x48,0x8b,0x4c,0x24,0x70,
    0x48,0x85,0xc9,0x74,0x0a,0xe8,0x36,0x05,0x5f,0xff,0x4c,0x89,0x6c,0x24,0x70,0x48,
    0x83,0x7d,0xc8,0x10,0x72,0x09,0x48,0x8b,0x4d,0xb0,0xe8,0x21,0x05,0x5f,0xff,0x48,
    0xc7,0x45,0xc8,0x0f,0x00,0x00,0x00,0x4c,0x89,0x6d,0xc0,0xc6,0x45,0xb0,0x00,0x41,
    0xb8,0x0b,0x00,0x00,0x00,0x48,0x8d,0x15,0xec,0xe9,0x75,0x00,0x48,0x8d,0x4d,0xb0,
    0xe8,0x2b,0x50,0x5a,0xff,0x90,0x8b,0x15,0xb4,0x47,0xa1,0x00,0x48,0x8d,0x4c,0x24,
    0x70,0xe8,0x9a,0xf7,0x64,0xff,0x90,0x48,0x8b,0xd0,0x48,0x8d,0x4d,0x90,0xe8,0x5d,
    0xe5,0xfe,0xff,0x48,0x8b,0xf8,0x48,0x8d,0x55,0xb0,0x49,0x8b,0xcf,0xe8,0x6e,0x98,
    0xfe,0xff,0x48,0x8b,0xd8,0x48,0x3b,0xc7,0x74,0x2a,0x48,0x83,0x78,0x18,0x10,0x72,
    0x08,0x48,0x8b,0x08,0xe8,0xb7,0x04,0x5f,0xff,0x48,0xc7,0x43,0x18,0x0f,0x00,0x00,
    0x00,0x4c,0x89,0x6b,0x10,0xc6,0x03,0x00,0x48,0x8b,0xd7,0x48,0x8b,0xcb,0xe8,0xed,
    0x4a,0x5a,0xff,0x90,0x48,0x83,0x7d,0xa8,0x10,0x72,0x09,0x48,0x8b,0x4d,0x90,0xe8,
    0x8c,0x04,0x5f,0xff,0x48,0xc7,0x45,0xa8,0x0f,0x00,0x00,0x00,0x4c,0x89,0x6d,0xa0,
    0xc6,0x45,0x90,0x00,0x4c,0x89,0x6c,0x24,0x78,0x48,0x8b,0x4c,0x24,0x70,0x48,0x85,
    0xc9,0x74,0x0a,0xe8,0x68,0x04,0x5f,0xff,0x4c,0x89,0x6c,0x24,0x70,0x48,0x83,0x7d,
    0xc8,0x10,0x72,0x09,0x48,0x8b,0x4d,0xb0,0xe8,0x53,0x04,0x5f,0xff,0x48,0xc7,0x45,
    0x88,0x0f,0x00,0x00,0x00,0x4c,0x89,0x6d,0x80,0xc6,0x44,0x24,0x70,0x00,0x41,0xb8,
    0x11,0x00,0x00,0x00,0x48,0x8d,0x15,0x4d,0xe5,0x75,0x00,0x48,0x8d,0x4c,0x24,0x70,
    0xe8,0x5b,0x4f,0x5a,0xff,0x90,0x48,0x8d,0x05,0xab,0xe7,0x75,0x00,0x48,0x8d,0x1d,
    0x64,0xe8,0x75,0x00,0x80,0x3d,0x36,0xb7,0xd3,0x00,0x00,0x48,0x0f,0x45,0xd8,0x48,
    0x8d,0x54,0x24,0x70,0x49,0x8b,0xcf,0xe8,0xa4,0x97,0xfe,0xff,0x80,0x3b,0x00,0x75,
    0x05,0x4d,0x8b,0xc5,0xeb,0x14,0x49,0x83,0xc8,0xff,0x66,0x0f,0x1f,0x44,0x00,0x00,
    0x49,0xff,0xc0,0x42,0x80,0x3c,0x03,0x00,0x75,0xf6,0x48,0x8b,0xd3,0x48,0x8b,0xc8,
    0xe8,0x0b,0x4f,0x5a,0xff,0x90,0x48,0x83,0x7d,0x88,0x10,0x72,0x0a,0x48,0x8b,0x4c,
    0x24,0x70,0xe8,0xc9,0x03,0x5f,0xff,0x48,0xc7,0x45,0x88,0x0f,0x00,0x00,0x00,0x4c,
    0x89,0x6d,0x80,0xc6,0x44,0x24,0x70,0x00,0x41,0xb8,0x0f,0x00,0x00,0x00,0x48,0x8d,
    0x15,0x63,0xe9,0x75,0x00,0x48,0x8d,0x4c,0x24,0x70,0xe8,0xd1,0x4e,0x5a,0xff,0x90,
    0x48,0x8d,0x15,0xa9,0xb5,0xd3,0x00,0x48,0x8d,0x4d,0x90,0xe8,0x10,0xe4,0xfe,0xff,
    0x48,0x8b,0xf8,0x48,0x8d,0x54,0x24,0x70,0x49,0x8b,0xcf,0xe8,0x20,0x97,0xfe,0xff,
    0x48,0x8b,0xd8,0x48,0x3b,0xc7,0x74,0x2a,0x48,0x83,0x78,0x18,0x10,0x72,0x08,0x48,
    0x8b,0x08,0xe8,0x69,0x03,0x5f,0xff,0x48,0xc7,0x43,0x18,0x0f,0x00,0x00,0x00,0x4c,
    0x89,0x6b,0x10,0xc6,0x03,0x00,0x48,0x8b,0xd7,0x48,0x8b,0xcb,0xe8,0x9f,0x49,0x5a,
    0xff,0x90,0x48,0x83,0x7d,0xa8,0x10,0x72,0x09,0x48,0x8b,0x4d,0x90,0xe8,0x3e,0x03,
    0x5f,0xff,0x48,0xc7,0x45,0xa8,0x0f,0x00,0x00,0x00,0x4c,0x89,0x6d,0xa0,0xc6,0x45,
    0x90,0x00,0x48,0x83,0x7d,0x88,0x10,0x72,0x0a,0x48,0x8b,0x4c,0x24,0x70,0xe8,0x1d,
    0x03,0x5f,0xff,0x48,0xc7,0x45,0x88,0x0f,0x00,0x00,0x00,0x4c,0x89,0x6d,0x80,0xc6,
    0x44,0x24,0x70,0x00,0x41,0xb8,0x05,0x00,0x00,0x00,0x48,0x8d,0x15,0xf3,0xe7,0x75,
    0x00,0x48,0x8d,0x4c,0x24,0x70,0xe8,0x25,0x4e,0x5a,0xff,0x90,0x48,0x8d,0x54,0x24,
    0x70,0x49,0x8b,0xcf,0xe8,0x87,0x96,0xfe,0xff,0x41,0xb8,0x05,0x00,0x00,0x00,0x48,
    0x8d,0x15,0xc2,0xe8,0x75,0x00,0x48,0x8b,0xc8,0xe8,0x02,0x4e,0x5a,0xff,0x90,0x48,
    0x83,0x7d,0x88,0x10,0x72,0x0a,0x48,0x8b,0x4c,0x24,0x70,0xe8,0xc0,0x02,0x5f,0xff,
    0x48,0xc7,0x45,0xe8,0x0f,0x00,0x00,0x00,0x4c,0x89,0x6d,0xe0,0xc6,0x45,0xd0,0x00,
    0x41,0x8b,0xfd,0x44,0x39,0x2d,0x76,0xb4,0xd3,0x00,0x0f,0x8e,0xae,0x00,0x00,0x00,
    0x85,0xff,0x7e,0x55,0x4c,0x8d,0x05,0x71,0xe5,0x75,0x00,0x48,0x8d,0x55,0xd0,0x48,
    0x8d,0x4d,0xf0,0xe8,0x88,0x38,0xfe,0xff,0x48,0x8b,0xd8,0x48,0x8d,0x45,0xd0,0x48,
    0x3b,0xc3,0x74,0x2c,0x48,0x83,0x7d,0xe8,0x10,0x72,0x09,0x48,0x8b,0x4d,0xd0,0xe8,
    0x6c,0x02,0x5f,0xff,0x48,0xc7,0x45,0xe8,0x0f,0x00,0x00,0x00,0x4c,0x89,0x6d,0xe0,
    0xc6,0x45,0xd0,0x00,0x48,0x8b,0xd3,0x48,0x8d,0x4d,0xd0,0xe8,0xa0,0x48,0x5a,0xff,
    0x48,0x8d,0x4d,0xf0,0xe8,0xe7,0x4e,0x5a,0xff,0x48,0x63,0xd7,0x48,0xc1,0xe2,0x04,
    0x48,0x03,0x15,0x01,0xb4,0xd3,0x00,0x48,0x8d,0x4d,0x90,0xe8,0xb0,0xe2,0xfe,0xff,
    0x90,0x4c,0x8b,0xc0,0x48,0x8d,0x55,0xd0,0x48,0x8d,0x4d,0xf0,0xe8,0xcf,0x37,0xfe,
    0xff,0x48,0x8b,0xd0,0x48,0x8d,0x4d,0xd0,0xe8,0xf3,0x51,0xfb,0xff,0x48,0x8d,0x4d,
    0xf0,0xe8,0xaa,0x4e,0x5a,0xff,0x90,0x48,0x8d,0x4d,0x90,0xe8,0xa0,0x4e,0x5a,0xff,
    0xff,0xc7,0x3b,0x3d,0xc8,0xb3,0xd3,0x00,0x0f,0x8c,0x52,0xff,0xff,0xff,0x48,0x8d,
    0x15,0xa3,0xf0,0x75,0x00,0x48,0x8d,0x4d,0xf0,0xe8,0x42,0x4e,0x5a,0xff,0x90,0x48,
    0x8d,0x55,0xf0,0x49,0x8b,0xcf,0xe8,0x75,0x95,0xfe,0xff,0x48,0x8b,0xc8,0x48,0x8d,
    0x55,0xd0,0xe8,0xa9,0x71,0x5c,0xff,0x90,0x48,0x8d,0x4d,0xf0,0xe8,0x5f,0x4e,0x5a,
    0xff,0x90,0x48,0x8d,0x4d,0xd0,0xe8,0x55,0x4e,0x5a,0xff,0x48,0x8b,0x4d,0x10,0x48,
    0x33,0xcc,0xe8,0x19,0xa1,0x2c,0x00,0x4c,0x8d,0x9c,0x24,0x20,0x01,0x00,0x00,0x49,
    0x8b,0x5b,0x38,0x49,0x8b,0x73,0x40,0x49,0x8b,0x7b,0x48,0x49,0x8b,0xe3,0x41,0x5f,
    0x41,0x5e,0x41,0x5d,0x41,0x5c,0x5d,0xc3,
};
constexpr std::uint8_t kReportingBytes14[] = {
    0x48,0x89,0x5c,0x24,0x10,0x48,0x89,0x74,0x24,0x18,0x55,0x57,0x41,0x54,0x41,0x56,
    0x41,0x57,0x48,0x8b,0xec,0x48,0x81,0xec,0x80,0x00,0x00,0x00,0x48,0x8b,0xf9,0x48,
    0x8b,0xf2,0x45,0x33,0xf6,0x4c,0x8d,0x3d,0x8c,0x18,0x90,0x00,0x48,0x8d,0x4d,0xa0,
    0x49,0x83,0xc9,0xff,0x45,0x33,0xc0,0x49,0x8b,0xd7,0x48,0xc7,0x45,0xb8,0x0f,0x00,
    0x00,0x00,0x4c,0x89,0x75,0xb0,0x44,0x88,0x75,0xa0,0xe8,0x01,0x8a,0x45,0xff,0x48,
    0x8d,0x4d,0xe0,0x48,0x8b,0xd7,0xe8,0xc5,0x03,0x00,0x00,0x48,0x8b,0xd8,0x4c,0x3b,
    0xf8,0x74,0x3a,0x48,0x83,0x3d,0x65,0x18,0x90,0x00,0x10,0x72,0x0c,0x48,0x8b,0x0d,
    0x44,0x18,0x90,0x00,0xe8,0xe7,0x90,0x45,0xff,0x48,0x8b,0xd3,0x49,0x8b,0xcf,0x48,
    0xc7,0x05,0x46,0x18,0x90,0x00,0x0f,0x00,0x00,0x00,0x4c,0x89,0x35,0x37,0x18,0x90,
    0x00,0x44,0x88,0x35,0x20,0x18,0x90,0x00,0xe8,0xf3,0x87,0x45,0xff,0x48,0x83,0x7d,
    0xf8,0x10,0x72,0x09,0x48,0x8b,0x4d,0xe0,0xe8,0xb3,0x90,0x45,0xff,0x8b,0x87,0x9c,
    0x00,0x00,0x00,0x48,0x8b,0x3d,0x2e,0x18,0x90,0x00,0x48,0x8b,0x1d,0x1f,0x18,0x90,
    0x00,0x89,0x05,0x11,0x18,0x90,0x00,0x48,0x8b,0x46,0x08,0x48,0x8b,0xcf,0x48,0x2b,
    0x06,0x48,0x2b,0xcb,0x48,0x33,0xc8,0x48,0xf7,0xc1,0xe0,0xff,0xff,0xff,0x41,0x0f,
    0x95,0xc4,0x48,0x3b,0xdf,0x74,0x2e,0x48,0x83,0x7b,0x18,0x10,0x72,0x08,0x48,0x8b,
    0x0b,0xe8,0x6a,0x90,0x45,0xff,0x48,0xc7,0x43,0x18,0x0f,0x00,0x00,0x00,0x4c,0x89,
    0x73,0x10,0x44,0x88,0x33,0x48,0x83,0xc3,0x20,0x48,0x3b,0xdf,0x75,0xd9,0x48,0x8b,
    0x1d,0xcb,0x17,0x90,0x00,0x48,0x89,0x1d,0xcc,0x17,0x90,0x00,0x48,0x8b,0x1e,0x48,
    0x8b,0x7e,0x08,0x4c,0x89,0xac,0x24,0xb0,0x00,0x00,0x00,0x48,0x3b,0xdf,0x0f,0x84,
    0xdf,0x01,0x00,0x00,0x49,0xbd,0xff,0xff,0xff,0xff,0xff,0xff,0xff,0x07,0x66,0x90,
    0x48,0x8d,0x4d,0xe0,0x49,0x83,0xc9,0xff,0x45,0x33,0xc0,0x48,0x8b,0xd3,0x48,0xc7,
    0x45,0xf8,0x0f,0x00,0x00,0x00,0x4c,0x89,0x75,0xf0,0x44,0x88,0x75,0xe0,0xe8,0xed,
    0x88,0x45,0xff,0x48,0x8d,0x4d,0xc0,0xe8,0xe4,0x2d,0x01,0x00,0x48,0x8d,0x55,0xe0,
    0x48,0x8d,0x4d,0xc0,0x49,0x83,0xc9,0xff,0x45,0x33,0xc0,0xe8,0xd0,0x88,0x45,0xff,
    0x48,0x8b,0x05,0x61,0x17,0x90,0x00,0x4c,0x8b,0x05,0x52,0x17,0x90,0x00,0x48,0x8d,
    0x4d,0xc0,0x48,0x3b,0xc8,0x0f,0x83,0xa1,0x00,0x00,0x00,0x48,0x8d,0x4d,0xc0,0x4c,
    0x3b,0xc1,0x0f,0x87,0x94,0x00,0x00,0x00,0x48,0x8b,0x15,0x41,0x17,0x90,0x00,0x48,
    0x8d,0x75,0xc0,0x49,0x2b,0xf0,0x48,0x3b,0xc2,0x75,0x6c,0x48,0x8b,0xca,0x48,0x2b,
    0xc8,0x48,0xc1,0xf9,0x05,0x48,0x83,0xf9,0x01,0x73,0x5c,0x49,0x2b,0xc0,0x49,0x8b,
    0xcd,0x48,0xc1,0xf8,0x05,0x48,0x2b,0xc8,0x48,0x83,0xf9,0x01,0x0f,0x82,0x6e,0x01,
    0x00,0x00,0x49,0x2b,0xd0,0x4c,0x8d,0x48,0x01,0x49,0x8b,0xc5,0x48,0xc1,0xfa,0x05,
    0x48,0x8b,0xca,0x48,0xd1,0xe9,0x48,0x2b,0xc1,0x48,0x3b,0xc2,0x73,0x05,0x49,0x8b,
    0xd6,0xeb,0x03,0x48,0x03,0xd1,0x49,0x3b,0xd1,0x48,0x8d,0x0d,0xd0,0x16,0x90,0x00,
    0x49,0x0f,0x42,0xd1,0xe8,0xe7,0xab,0xff,0xff,0x48,0x8b,0x05,0xc8,0x16,0x90,0x00,
    0x4c,0x8b,0x05,0xb9,0x16,0x90,0x00,0x48,0x83,0xe6,0xe0,0x49,0x03,0xf0,0x48,0x85,
    0xc0,0x0f,0x84,0xa4,0x00,0x00,0x00,0x48,0x8b,0xd6,0xeb,0x7a,0x48,0x8b,0x15,0xad,
    0x16,0x90,0x00,0x48,0x3b,0xc2,0x75,0x65,0x48,0x8b,0xca,0x48,0x2b,0xc8,0x48,0xc1,
    0xf9,0x05,0x48,0x83,0xf9,0x01,0x73,0x55,0x49,0x2b,0xc0,0x49,0x8b,0xcd,0x48,0xc1,
    0xf8,0x05,0x48,0x2b,0xc8,0x48,0x83,0xf9,0x01,0x0f,0x82,0xef,0x00,0x00,0x00,0x49,
    0x2b,0xd0,0x4c,0x8d,0x48,0x01,0x49,0x8b,0xc5,0x48,0xc1,0xfa,0x05,0x48,0x8b,0xca,
    0x48,0xd1,0xe9,0x48,0x2b,0xc1,0x48,0x3b,0xc2,0x73,0x05,0x49,0x8b,0xd6,0xeb,0x03,
    0x48,0x03,0xd1,0x49,0x3b,0xd1,0x48,0x8d,0x0d,0x43,0x16,0x90,0x00,0x49,0x0f,0x42,
    0xd1,0xe8,0x5a,0xab,0xff,0xff,0x48,0x8b,0x05,0x3b,0x16,0x90,0x00,0x48,0x85,0xc0,
    0x74,0x29,0x48,0x8d,0x55,0xc0,0x48,0xc7,0x40,0x18,0x0f,0x00,0x00,0x00,0x4c,0x89,
    0x70,0x10,0x49,0x83,0xc9,0xff,0x45,0x33,0xc0,0x48,0x8b,0xc8,0x44,0x88,0x30,0xe8,
    0x7c,0x87,0x45,0xff,0x48,0x8b,0x05,0x0d,0x16,0x90,0x00,0x48,0x83,0xc0,0x20,0x48,
    0x83,0x7d,0xd8,0x10,0x48,0x89,0x05,0xfd,0x15,0x90,0x00,0x72,0x09,0x48,0x8b,0x4d,
    0xc0,0xe8,0x6a,0x8e,0x45,0xff,0x48,0x83,0x7d,0xf8,0x10,0x72,0x09,0x48,0x8b,0x4d,
    0xe0,0xe8,0x5a,0x8e,0x45,0xff,0x48,0x83,0xc3,0x20,0x48,0x3b,0xdf,0x0f,0x85,0x2d,
    0xfe,0xff,0xff,0x48,0x83,0x7d,0xb8,0x10,0x48,0x8b,0x5d,0xb0,0x48,0x8b,0x3d,0xa5,
    0x15,0x90,0x00,0x48,0x8d,0x55,0xa0,0x4c,0x8b,0xc3,0x48,0x0f,0x43,0x55,0xa0,0x48,
    0x83,0x3d,0x99,0x15,0x90,0x00,0x10,0x4c,0x0f,0x43,0x3d,0x79,0x15,0x90,0x00,0x48,
    0x3b,0xfb,0x4c,0x0f,0x42,0xc7,0x4d,0x85,0xc0,0x75,0x21,0x41,0x8b,0xc6,0xeb,0x24,
    0x48,0x8d,0x0d,0xb9,0xc1,0x70,0x00,0xff,0x15,0x7b,0xb1,0x2e,0x00,0xcc,0x48,0x8d,
    0x0d,0xab,0xc1,0x70,0x00,0xff,0x15,0x6d,0xb1,0x2e,0x00,0xcc,0x49,0x8b,0xcf,0xe8,
    0xe4,0xde,0x17,0x00,0x48,0x98,0x48,0x85,0xc0,0x75,0x0c,0x48,0x3b,0xfb,0x72,0x19,
    0x41,0x0f,0x95,0xc6,0x41,0x8b,0xc6,0x85,0xc0,0x75,0x0e,0x45,0x84,0xe4,0x75,0x09,
    0x44,0x88,0x25,0x61,0x15,0x90,0x00,0xeb,0x50,0x8b,0x0d,0x5d,0x15,0x90,0x00,0xc6,
    0x05,0x52,0x15,0x90,0x00,0x01,0xe8,0x65,0xe0,0x04,0x00,0x84,0xc0,0x74,0x3a,0xe8,
    0x8c,0xc2,0xff,0xff,0x48,0x8d,0x0d,0x45,0x15,0x90,0x00,0x48,0x8b,0xd8,0xe8,0x9d,
    0x1c,0x00,0x00,0x84,0xc0,0x74,0x09,0x48,0x3b,0x1d,0x32,0x15,0x90,0x00,0x7e,0x19,
    0x8b,0x0d,0x26,0x15,0x90,0x00,0xe8,0x75,0xe2,0x04,0x00,0x48,0x8d,0x83,0x88,0x13,
    0x00,0x00,0x48,0x89,0x05,0x17,0x15,0x90,0x00,0x48,0x83,0x7d,0xb8,0x10,0x72,0x09,
    0x48,0x8b,0x4d,0xa0,0xe8,0x67,0x8d,0x45,0xff,0x4c,0x8b,0xac,0x24,0xb0,0x00,0x00,
    0x00,0x4c,0x8d,0x9c,0x24,0x80,0x00,0x00,0x00,0x49,0x8b,0x5b,0x38,0x49,0x8b,0x73,
    0x40,0x49,0x8b,0xe3,0x41,0x5f,0x41,0x5e,0x41,0x5c,0x5f,0x5d,0xc3,
};
constexpr std::uint8_t kReportingBytes15[] = {
    0x40,0x55,0x53,0x57,0x41,0x56,0x41,0x57,0x48,0x8d,0x6c,0x24,0xc9,0x48,0x81,0xec,
    0xc0,0x00,0x00,0x00,0x4c,0x8b,0xf9,0x48,0x8d,0x4d,0x6f,0x4c,0x8b,0xf2,0xe8,0x6d,
    0x3a,0x05,0x00,0x48,0x8d,0x4d,0x67,0x48,0x8b,0xd0,0xe8,0x31,0x37,0x05,0x00,0x48,
    0x8d,0x4d,0x6f,0xe8,0x48,0x37,0x05,0x00,0x49,0x83,0x7e,0x18,0x10,0x72,0x05,0x49,
    0x8b,0x16,0xeb,0x03,0x49,0x8b,0xd6,0x48,0x8b,0x1d,0xca,0x13,0x90,0x00,0x48,0x8d,
    0x4d,0x97,0xe8,0x89,0x39,0x05,0x00,0x48,0x8d,0x4d,0x6f,0x48,0x8b,0xd0,0xe8,0xfd,
    0x36,0x05,0x00,0x48,0x8d,0x4d,0x97,0xe8,0x14,0x37,0x05,0x00,0x48,0x8d,0x55,0x6f,
    0x48,0x8d,0x4d,0x9f,0xe8,0xe7,0x36,0x05,0x00,0x48,0x8d,0x4d,0x67,0x48,0x8b,0xd3,
    0x4c,0x8b,0xc0,0xe8,0xe8,0x3a,0x05,0x00,0x48,0x8d,0x4d,0x6f,0xe8,0xef,0x36,0x05,
    0x00,0x49,0x63,0x56,0x20,0x48,0x8b,0x1d,0x84,0x13,0x90,0x00,0x48,0x8d,0x4d,0x97,
    0xe8,0x5b,0x39,0x05,0x00,0x48,0x8d,0x4d,0x6f,0x48,0x8b,0xd0,0xe8,0xaf,0x36,0x05,
    0x00,0x48,0x8d,0x4d,0x97,0xe8,0xc6,0x36,0x05,0x00,0x48,0x8d,0x55,0x6f,0x48,0x8d,
    0x4d,0x9f,0xe8,0x99,0x36,0x05,0x00,0x48,0x8d,0x4d,0x67,0x48,0x8b,0xd3,0x4c,0x8b,
    0xc0,0xe8,0x9a,0x3a,0x05,0x00,0x48,0x8d,0x4d,0x6f,0xe8,0xa1,0x36,0x05,0x00,0x49,
    0x83,0x7e,0x58,0x10,0x49,0x8d,0x56,0x40,0x72,0x03,0x48,0x8b,0x12,0x48,0x8b,0x1d,
    0x3c,0x13,0x90,0x00,0x48,0x8d,0x4d,0x97,0xe8,0xe3,0x38,0x05,0x00,0x48,0x8d,0x4d,
    0x6f,0x48,0x8b,0xd0,0xe8,0x57,0x36,0x05,0x00,0x48,0x8d,0x4d,0x97,0xe8,0x6e,0x36,
    0x05,0x00,0x48,0x8d,0x55,0x6f,0x48,0x8d,0x4d,0x9f,0xe8,0x41,0x36,0x05,0x00,0x48,
    0x8d,0x4d,0x67,0x48,0x8b,0xd3,0x4c,0x8b,0xc0,0xe8,0x42,0x3a,0x05,0x00,0x48,0x8d,
    0x4d,0x6f,0xe8,0x49,0x36,0x05,0x00,0x49,0x83,0x7e,0x78,0x10,0x49,0x8d,0x56,0x60,
    0x72,0x03,0x48,0x8b,0x12,0x48,0x8b,0x1d,0xdc,0x12,0x90,0x00,0x48,0x8d,0x4d,0x97,
    0x48,0x89,0xb4,0x24,0xb8,0x00,0x00,0x00,0xe8,0x83,0x38,0x05,0x00,0x48,0x8d,0x4d,
    0x6f,0x48,0x8b,0xd0,0xe8,0xf7,0x35,0x05,0x00,0x48,0x8d,0x4d,0x97,0xe8,0x0e,0x36,
    0x05,0x00,0x48,0x8d,0x55,0x6f,0x48,0x8d,0x4d,0x9f,0xe8,0xe1,0x35,0x05,0x00,0x48,
    0x8d,0x4d,0x67,0x48,0x8b,0xd3,0x4c,0x8b,0xc0,0xe8,0xe2,0x39,0x05,0x00,0x48,0x8d,
    0x4d,0x6f,0xe8,0xe9,0x35,0x05,0x00,0x41,0x0f,0xb6,0x96,0x98,0x00,0x00,0x00,0x48,
    0x8b,0x1d,0x92,0x12,0x90,0x00,0x48,0x8d,0x4d,0x97,0xe8,0x71,0x38,0x05,0x00,0x48,
    0x8d,0x4d,0x6f,0x48,0x8b,0xd0,0xe8,0xa5,0x35,0x05,0x00,0x48,0x8d,0x4d,0x97,0xe8,
    0xbc,0x35,0x05,0x00,0x48,0x8d,0x55,0x6f,0x48,0x8d,0x4d,0x9f,0xe8,0x8f,0x35,0x05,
    0x00,0x48,0x8d,0x4d,0x67,0x48,0x8b,0xd3,0x4c,0x8b,0xc0,0xe8,0x90,0x39,0x05,0x00,
    0x48,0x8d,0x4d,0x6f,0xe8,0x97,0x35,0x05,0x00,0x49,0x63,0x96,0x9c,0x00,0x00,0x00,
    0x48,0x8b,0x1d,0x49,0x12,0x90,0x00,0x48,0x8d,0x4d,0x97,0xe8,0x00,0x38,0x05,0x00,
    0x48,0x8d,0x4d,0x6f,0x48,0x8b,0xd0,0xe8,0x54,0x35,0x05,0x00,0x48,0x8d,0x4d,0x97,
    0xe8,0x6b,0x35,0x05,0x00,0x48,0x8d,0x55,0x6f,0x48,0x8d,0x4d,0x9f,0xe8,0x3e,0x35,
    0x05,0x00,0x48,0x8d,0x4d,0x67,0x48,0x8b,0xd3,0x4c,0x8b,0xc0,0xe8,0x3f,0x39,0x05,
    0x00,0x48,0x8d,0x4d,0x6f,0xe8,0x46,0x35,0x05,0x00,0x49,0x63,0x96,0xa0,0x00,0x00,
    0x00,0x48,0x8b,0x1d,0x00,0x12,0x90,0x00,0x48,0x8d,0x4d,0x97,0xe8,0xaf,0x37,0x05,
    0x00,0x48,0x8d,0x4d,0x6f,0x48,0x8b,0xd0,0xe8,0x03,0x35,0x05,0x00,0x48,0x8d,0x4d,
    0x97,0xe8,0x1a,0x35,0x05,0x00,0x48,0x8d,0x55,0x6f,0x48,0x8d,0x4d,0x9f,0xe8,0xed,
    0x34,0x05,0x00,0x48,0x8d,0x4d,0x67,0x48,0x8b,0xd3,0x4c,0x8b,0xc0,0xe8,0xee,0x38,
    0x05,0x00,0x48,0x8d,0x4d,0x6f,0xe8,0xf5,0x34,0x05,0x00,0x48,0x8d,0x4d,0x6f,0xe8,
    0xbc,0x37,0x05,0x00,0x48,0x8d,0x4d,0xc7,0x48,0x8b,0xd0,0xe8,0xc0,0x34,0x05,0x00,
    0x48,0x8d,0x4d,0x6f,0xe8,0xd7,0x34,0x05,0x00,0x49,0x8b,0x5e,0x28,0x49,0x8b,0x7e,
    0x30,0x48,0x3b,0xdf,0x0f,0x84,0xfb,0x00,0x00,0x00,0x66,0x0f,0x1f,0x44,0x00,0x00,
    0x48,0x8d,0x4d,0xbf,0xe8,0xc7,0x37,0x05,0x00,0x48,0x8d,0x4d,0x6f,0x48,0x8b,0xd0,
    0xe8,0x8b,0x34,0x05,0x00,0x48,0x8d,0x4d,0xbf,0xe8,0xa2,0x34,0x05,0x00,0x48,0x83,
    0x7b,0x18,0x10,0x72,0x05,0x48,0x8b,0x13,0xeb,0x03,0x48,0x8b,0xd3,0x48,0x8b,0x35,
    0x14,0x11,0x90,0x00,0x48,0x8d,0x4d,0xb7,0xe8,0xe3,0x36,0x05,0x00,0x48,0x8d,0x4d,
    0xa7,0x48,0x8b,0xd0,0xe8,0x57,0x34,0x05,0x00,0x48,0x8d,0x4d,0xb7,0xe8,0x6e,0x34,
    0x05,0x00,0x48,0x8d,0x55,0xa7,0x48,0x8d,0x4d,0x17,0xe8,0x41,0x34,0x05,0x00,0x48,
    0x8d,0x4d,0x6f,0x48,0x8b,0xd6,0x4c,0x8b,0xc0,0xe8,0x42,0x38,0x05,0x00,0x48,0x8d,
    0x4d,0xa7,0xe8,0x49,0x34,0x05,0x00,0x48,0x83,0x7b,0x38,0x10,0x72,0x06,0x48,0x8b,
    0x53,0x20,0xeb,0x04,0x48,0x8d,0x53,0x20,0x48,0x8b,0x35,0xc1,0x10,0x90,0x00,0x48,
    0x8d,0x4d,0x9f,0xe8,0x88,0x36,0x05,0x00,0x48,0x8d,0x4d,0x97,0x48,0x8b,0xd0,0xe8,
    0xfc,0x33,0x05,0x00,0x48,0x8d,0x4d,0x9f,0xe8,0x13,0x34,0x05,0x00,0x48,0x8d,0x55,
    0x97,0x48,0x8d,0x4d,0xaf,0xe8,0xe6,0x33,0x05,0x00,0x48,0x8d,0x4d,0x6f,0x48,0x8b,
    0xd6,0x4c,0x8b,0xc0,0xe8,0xe7,0x37,0x05,0x00,0x48,0x8d,0x4d,0x97,0xe8,0xee,0x33,
    0x05,0x00,0x48,0x8d,0x55,0x6f,0x48,0x8d,0x4d,0xc7,0xe8,0xb1,0x37,0x05,0x00,0x48,
    0x8d,0x4d,0x6f,0xe8,0xd8,0x33,0x05,0x00,0x48,0x83,0xc3,0x40,0x48,0x3b,0xdf,0x0f,
    0x85,0x0b,0xff,0xff,0xff,0x48,0x8d,0x55,0xc7,0x48,0x8d,0x4d,0x6f,0xe8,0x9e,0x33,
    0x05,0x00,0x48,0x8b,0x1d,0x87,0x10,0x90,0x00,0x48,0x8d,0x55,0x6f,0x48,0x8d,0x4d,
    0xaf,0xe8,0x8a,0x33,0x05,0x00,0x48,0x8d,0x4d,0x67,0x48,0x8b,0xd3,0x4c,0x8b,0xc0,
    0xe8,0x8b,0x37,0x05,0x00,0x48,0x8d,0x4d,0x6f,0xe8,0x92,0x33,0x05,0x00,0x48,0x8d,
    0x4d,0x6f,0xe8,0x59,0x36,0x05,0x00,0x48,0x8d,0x4d,0x7f,0x48,0x8b,0xd0,0xe8,0x5d,
    0x33,0x05,0x00,0x48,0x8d,0x4d,0x6f,0xe8,0x74,0x33,0x05,0x00,0x49,0x8b,0x9e,0x80,
    0x00,0x00,0x00,0x49,0x8b,0xbe,0x88,0x00,0x00,0x00,0x48,0x3b,0xdf,0x74,0x4d,0x90,
    0x48,0x83,0x7b,0x18,0x10,0x72,0x05,0x48,0x8b,0x13,0xeb,0x03,0x48,0x8b,0xd3,0x48,
    0x8d,0x4d,0x9f,0xe8,0xa8,0x35,0x05,0x00,0x48,0x8d,0x4d,0x6f,0x48,0x8b,0xd0,0xe8,
    0x1c,0x33,0x05,0x00,0x48,0x8d,0x4d,0x9f,0xe8,0x33,0x33,0x05,0x00,0x48,0x8d,0x55,
    0x6f,0x48,0x8d,0x4d,0x7f,0xe8,0xf6,0x36,0x05,0x00,0x48,0x8d,0x4d,0x6f,0xe8,0x1d,
    0x33,0x05,0x00,0x48,0x83,0xc3,0x20,0x48,0x3b,0xdf,0x75,0xb4,0x48,0x8d,0x55,0x7f,
    0x48,0x8d,0x4d,0x6f,0xe8,0xe7,0x32,0x05,0x00,0x48,0x8b,0x1d,0xd8,0x0f,0x90,0x00,
    0x48,0x8d,0x55,0x6f,0x48,0x8d,0x4d,0xaf,0xe8,0xd3,0x32,0x05,0x00,0x48,0x8d,0x4d,
    0x67,0x48,0x8b,0xd3,0x4c,0x8b,0xc0,0xe8,0xd4,0x36,0x05,0x00,0x48,0x8d,0x4d,0x6f,
    0xe8,0xdb,0x32,0x05,0x00,0x48,0x8d,0x4d,0x6f,0xe8,0xa2,0x35,0x05,0x00,0x48,0x8d,
    0x4d,0x77,0x48,0x8b,0xd0,0xe8,0xa6,0x32,0x05,0x00,0x48,0x8d,0x4d,0x6f,0xe8,0xbd,
    0x32,0x05,0x00,0x49,0x8b,0xbe,0xa8,0x00,0x00,0x00,0x48,0x8b,0x1f,0x48,0x3b,0xdf,
    0x0f,0x84,0xc1,0x01,0x00,0x00,0x45,0x33,0xf6,0x0f,0x1f,0x80,0x00,0x00,0x00,0x00,
    0x48,0x8d,0x53,0x20,0x48,0x8d,0x4d,0xd7,0x49,0x83,0xc9,0xff,0x45,0x33,0xc0,0x48,
    0xc7,0x45,0xef,0x0f,0x00,0x00,0x00,0x4c,0x89,0x75,0xe7,0x44,0x88,0x75,0xd7,0xe8,
    0x2c,0x81,0x45,0xff,0x48,0x8d,0x53,0x40,0x48,0x8d,0x4d,0xf7,0x49,0x83,0xc9,0xff,
    0x45,0x33,0xc0,0x48,0xc7,0x45,0x0f,0x0f,0x00,0x00,0x00,0x4c,0x89,0x75,0x07,0x44,
    0x88,0x75,0xf7,0xe8,0x08,0x81,0x45,0xff,0x48,0x8d,0x4d,0x9f,0xe8,0x5f,0x35,0x05,
    0x00,0x48,0x8d,0x4d,0x6f,0x48,0x8b,0xd0,0xe8,0x23,0x32,0x05,0x00,0x48,0x8d,0x4d,
    0x9f,0xe8,0x3a,0x32,0x05,0x00,0x48,0x83,0x7d,0xef,0x10,0x48,0x8b,0x35,0xb6,0x0e,
    0x90,0x00,0x48,0x8d,0x55,0xd7,0x48,0x8d,0x4d,0xb7,0x48,0x0f,0x43,0x55,0xd7,0xe8,
    0x7c,0x34,0x05,0x00,0x48,0x8d,0x4d,0x97,0x48,0x8b,0xd0,0xe8,0xf0,0x31,0x05,0x00,
    0x48,0x8d,0x4d,0xb7,0xe8,0x07,0x32,0x05,0x00,0x48,0x8d,0x55,0x97,0x48,0x8d,0x4d,
    0xaf,0xe8,0xda,0x31,0x05,0x00,0x48,0x8d,0x4d,0x6f,0x48,0x8b,0xd6,0x4c,0x8b,0xc0,
    0xe8,0xdb,0x35,0x05,0x00,0x48,0x8d,0x4d,0x97,0xe8,0xe2,0x31,0x05,0x00,0x48,0x83,
    0x7d,0x0f,0x10,0x48,0x8b,0x35,0x66,0x0e,0x90,0x00,0x48,0x8d,0x55,0xf7,0x48,0x8d,
    0x4d,0xbf,0x48,0x0f,0x43,0x55,0xf7,0xe8,0x24,0x34,0x05,0x00,0x48,0x8d,0x4d,0xa7,
    0x48,0x8b,0xd0,0xe8,0x98,0x31,0x05,0x00,0x48,0x8d,0x4d,0xbf,0xe8,0xaf,0x31,0x05,
    0x00,0x48,0x8d,0x55,0xa7,0x48,0x8d,0x4d,0x17,0xe8,0x82,0x31,0x05,0x00,0x48,0x8d,
    0x4d,0x6f,0x48,0x8b,0xd6,0x4c,0x8b,0xc0,0xe8,0x83,0x35,0x05,0x00,0x48,0x8d,0x4d,
    0xa7,0xe8,0x8a,0x31,0x05,0x00,0x48,0x8d,0x55,0x6f,0x48,0x8d,0x4d,0x77,0xe8,0x4d,
    0x35,0x05,0x00,0x48,0x8d,0x4d,0x6f,0xe8,0x74,0x31,0x05,0x00,0x48,0x83,0x7d,0x0f,
    0x10,0x72,0x09,0x48,0x8b,0x4d,0xf7,0xe8,0x24,0x87,0x45,0xff,0x48,0x83,0x7d,0xef,
    0x10,0x48,0xc7,0x45,0x0f,0x0f,0x00,0x00,0x00,0x4c,0x89,0x75,0x07,0x44,0x88,0x75,
    0xf7,0x72,0x09,0x48,0x8b,0x4d,0xd7,0xe8,0x04,0x87,0x45,0xff,0x44,0x38,0x73,0x19,
    0x75,0x4c,0x48,0x8b,0x43,0x10,0x44,0x38,0x70,0x19,0x75,0x22,0x48,0x8b,0xd8,0x48,
    0x8b,0x00,0x44,0x38,0x70,0x19,0x75,0x36,0x0f,0x1f,0x84,0x00,0x00,0x00,0x00,0x00,
    0x48,0x8b,0xd8,0x48,0x8b,0x00,0x44,0x38,0x70,0x19,0x74,0xf4,0xeb,0x20,0x48,0x8b,
    0x43,0x08,0x44,0x38,0x70,0x19,0x75,0x13,0x48,0x3b,0x58,0x10,0x75,0x0d,0x48,0x8b,
    0xd8,0x48,0x8b,0x40,0x08,0x44,0x38,0x70,0x19,0x74,0xed,0x48,0x8b,0xd8,0x48,0x3b,
    0xdf,0x0f,0x85,0x49,0xfe,0xff,0xff,0x48,0x8d,0x55,0x77,0x48,0x8d,0x4d,0x6f,0xe8,
    0xbc,0x30,0x05,0x00,0x48,0x8b,0x1d,0xb5,0x0d,0x90,0x00,0x48,0x8d,0x55,0x6f,0x48,
    0x8d,0x4d,0xaf,0xe8,0xa8,0x30,0x05,0x00,0x48,0x8d,0x4d,0x67,0x48,0x8b,0xd3,0x4c,
    0x8b,0xc0,0xe8,0xa9,0x34,0x05,0x00,0x48,0x8d,0x4d,0x6f,0xe8,0xb0,0x30,0x05,0x00,
    0x48,0x8d,0x4d,0x67,0x49,0x8b,0xd7,0xe8,0x84,0x29,0x06,0x00,0x48,0x8d,0x4d,0x77,
    0xe8,0x9b,0x30,0x05,0x00,0x48,0x8d,0x4d,0x7f,0xe8,0x92,0x30,0x05,0x00,0x48,0x8d,
    0x4d,0xc7,0xe8,0x89,0x30,0x05,0x00,0x48,0x8d,0x4d,0x67,0xe8,0x80,0x30,0x05,0x00,
    0x48,0x8b,0xb4,0x24,0xb8,0x00,0x00,0x00,0x49,0x8b,0xc7,0x48,0x81,0xc4,0xc0,0x00,
    0x00,0x00,0x41,0x5f,0x41,0x5e,0x5f,0x5b,0x5d,0xc3,
};
constexpr std::uint8_t kReportingBytes16[] = {
    0x40,0x57,0x48,0x83,0xec,0x50,0x48,0x8b,0xf9,0xe8,0xe2,0x50,0x00,0x00,0x48,0x8d,
    0x15,0x43,0x0d,0x90,0x00,0x48,0x3b,0xc2,0x74,0x0f,0x49,0x83,0xc9,0xff,0x45,0x33,
    0xc0,0x48,0x8b,0xc8,0xe8,0xe7,0x7e,0x45,0xff,0x80,0x3d,0x88,0x0d,0x90,0x00,0x00,
    0x0f,0x84,0xee,0x00,0x00,0x00,0x48,0x8d,0x15,0x3b,0x0d,0x90,0x00,0x48,0x8d,0x4c,
    0x24,0x20,0x49,0x83,0xc9,0xff,0x45,0x33,0xc0,0x48,0x89,0x5c,0x24,0x60,0x48,0xc7,
    0x44,0x24,0x38,0x0f,0x00,0x00,0x00,0x48,0xc7,0x44,0x24,0x30,0x00,0x00,0x00,0x00,
    0xc6,0x44,0x24,0x20,0x00,0xe8,0xa6,0x7e,0x45,0xff,0x48,0x8b,0xcf,0xc6,0x44,0x24,
    0x40,0x00,0xe8,0x79,0x50,0x00,0x00,0x48,0x8d,0x58,0x20,0x48,0x8d,0x44,0x24,0x20,
    0x48,0x3b,0xd8,0x74,0x14,0x48,0x8d,0x54,0x24,0x20,0x49,0x83,0xc9,0xff,0x45,0x33,
    0xc0,0x48,0x8b,0xcb,0xe8,0x77,0x7e,0x45,0xff,0x0f,0xb6,0x44,0x24,0x40,0x88,0x43,
    0x20,0x48,0x83,0x7c,0x24,0x38,0x10,0x72,0x0a,0x48,0x8b,0x4c,0x24,0x20,0xe8,0x6d,
    0x85,0x45,0xff,0x48,0x8d,0x15,0xe6,0x0c,0x90,0x00,0x48,0x8d,0x4c,0x24,0x20,0xe8,
    0x7c,0xba,0xfe,0xff,0x48,0x8b,0xcf,0xc6,0x44,0x24,0x38,0x00,0xe8,0x1f,0x50,0x00,
    0x00,0x48,0x8d,0x54,0x24,0x20,0x48,0x8d,0x58,0x48,0x48,0x8b,0xcb,0xe8,0xde,0xd9,
    0xfe,0xff,0x48,0x8d,0x4c,0x24,0x20,0xc6,0x43,0x18,0x00,0xe8,0xc0,0xaa,0xff,0xff,
    0x8b,0x05,0xa2,0x0c,0x90,0x00,0x48,0x8b,0xcf,0x89,0x44,0x24,0x68,0xc6,0x44,0x24,
    0x6c,0x00,0xe8,0xe9,0x4f,0x00,0x00,0x48,0x8b,0x4c,0x24,0x68,0x48,0x8b,0x5c,0x24,
    0x60,0x48,0x89,0x48,0x68,0xc6,0x05,0x9c,0x0c,0x90,0x00,0x00,0xb0,0x01,0x48,0x83,
    0xc4,0x50,0x5f,0xc3,0x48,0x8b,0xcf,0xe8,0xc4,0x4f,0x00,0x00,0x48,0x8b,0xcf,0xc6,
    0x40,0x40,0x01,0xe8,0xb8,0x4f,0x00,0x00,0x48,0x8b,0xcf,0xc6,0x40,0x60,0x01,0xe8,
    0xac,0x4f,0x00,0x00,0xc6,0x40,0x6c,0x01,0xb0,0x01,0x48,0x83,0xc4,0x50,0x5f,0xc3,
};
constexpr std::uint8_t kReportingBytes17[] = {
    0x48,0x89,0x5c,0x24,0x08,0x48,0x89,0x6c,0x24,0x18,0x48,0x89,0x74,0x24,0x20,0x57,
    0x48,0x83,0xec,0x20,0x48,0x8d,0x4c,0x24,0x38,0x49,0x8b,0xf8,0x48,0x8b,0xf2,0xe8,
    0x3c,0xed,0xfb,0xff,0x48,0x8d,0x4c,0x24,0x38,0x48,0x8b,0xd7,0xe8,0x0f,0xf2,0xfb,
    0xff,0x48,0x8d,0x4c,0x24,0x38,0xe8,0xa5,0xf2,0xfb,0xff,0x48,0x8b,0xd8,0x48,0x8d,
    0x48,0x48,0xe8,0x59,0x4d,0xfb,0xff,0x48,0x83,0x7b,0x38,0x10,0x72,0x09,0x48,0x8b,
    0x4b,0x20,0xe8,0xb9,0x27,0x41,0xff,0x33,0xed,0x48,0xc7,0x43,0x38,0x0f,0x00,0x00,
    0x00,0x48,0x89,0x6b,0x30,0x40,0x88,0x6b,0x20,0x48,0x83,0x7b,0x18,0x10,0x72,0x08,
    0x48,0x8b,0x0b,0xe8,0x98,0x27,0x41,0xff,0x48,0xc7,0x43,0x18,0x0f,0x00,0x00,0x00,
    0x48,0x89,0x6b,0x10,0x48,0x8d,0x4c,0x24,0x38,0x40,0x88,0x2b,0xe8,0x4f,0xf2,0xfb,
    0xff,0x48,0x85,0xc0,0x74,0x3a,0x48,0xc7,0x40,0x18,0x0f,0x00,0x00,0x00,0x48,0x89,
    0x68,0x10,0x40,0x88,0x28,0x48,0xc7,0x40,0x38,0x0f,0x00,0x00,0x00,0x48,0x89,0x68,
    0x30,0x40,0x88,0x68,0x20,0xc6,0x40,0x40,0x01,0x48,0x89,0x68,0x48,0x48,0x89,0x68,
    0x50,0x48,0x89,0x68,0x58,0xc6,0x40,0x60,0x01,0x89,0x68,0x68,0xc6,0x40,0x6c,0x01,
    0x48,0x8d,0x4c,0x24,0x38,0xff,0xd6,0x48,0x8d,0x4c,0x24,0x38,0x0f,0xb6,0xd8,0xe8,
    0x1c,0xf1,0xfb,0xff,0x48,0x8b,0xcf,0xe8,0x14,0xf1,0xfb,0xff,0x48,0x8b,0x6c,0x24,
    0x40,0x48,0x8b,0x74,0x24,0x48,0x0f,0xb6,0xc3,0x48,0x8b,0x5c,0x24,0x30,0x48,0x83,
    0xc4,0x20,0x5f,0xc3,
};
constexpr std::uint8_t kReportingBytes18[] = {
    0x48,0x89,0x5c,0x24,0x18,0x48,0x89,0x74,0x24,0x20,0x55,0x57,0x41,0x56,0x48,0x8b,
    0xec,0x48,0x83,0xec,0x30,0x48,0x8b,0xf9,0x48,0x8d,0x4d,0x20,0x41,0x0f,0xb6,0xf1,
    0x4d,0x8b,0xf0,0x48,0x8b,0xda,0xe8,0x45,0x28,0x01,0x00,0x48,0x8b,0xd0,0x48,0x8b,
    0xcf,0xe8,0x0a,0x25,0x01,0x00,0x48,0x8d,0x4d,0x20,0xe8,0x21,0x25,0x01,0x00,0x80,
    0x7b,0x20,0x00,0x75,0x55,0x48,0x83,0x7b,0x18,0x10,0x72,0x05,0x48,0x8b,0x13,0xeb,
    0x03,0x48,0x8b,0xd3,0x48,0x8d,0x4d,0x28,0xe8,0x63,0x27,0x01,0x00,0x48,0x8d,0x4d,
    0x20,0x48,0x8b,0xd0,0xe8,0xd7,0x24,0x01,0x00,0x48,0x8d,0x4d,0x28,0xe8,0xee,0x24,
    0x01,0x00,0x48,0x8d,0x55,0x20,0x48,0x8d,0x4d,0xf0,0xe8,0xc1,0x24,0x01,0x00,0x48,
    0x8d,0x15,0x9a,0x01,0x68,0x00,0x48,0x8b,0xcf,0x4c,0x8b,0xc0,0xe8,0xbf,0x28,0x01,
    0x00,0x48,0x8d,0x4d,0x20,0xe8,0xc6,0x24,0x01,0x00,0x80,0x7b,0x40,0x00,0x75,0x62,
    0x80,0x7b,0x40,0x00,0x48,0x8d,0x53,0x28,0x74,0x20,0x48,0x8d,0x4d,0x28,0xe8,0x9d,
    0x27,0x01,0x00,0x48,0x8d,0x4d,0x20,0x48,0x8b,0xd0,0xe8,0x81,0x24,0x01,0x00,0x48,
    0x8d,0x4d,0x28,0xe8,0x98,0x24,0x01,0x00,0xeb,0x10,0x48,0x8d,0x4d,0x20,0x44,0x0f,
    0xb6,0xce,0x4d,0x8b,0xc6,0xe8,0x16,0xe3,0xff,0xff,0x48,0x8d,0x55,0x20,0x48,0x8d,
    0x4d,0xf0,0xe8,0x59,0x24,0x01,0x00,0x48,0x8d,0x15,0xfa,0xbe,0x68,0x00,0x48,0x8b,
    0xcf,0x4c,0x8b,0xc0,0xe8,0x57,0x28,0x01,0x00,0x48,0x8d,0x4d,0x20,0xe8,0x5e,0x24,
    0x01,0x00,0x80,0x7b,0x4c,0x00,0x75,0x4b,0x48,0x63,0x53,0x48,0x48,0x8d,0x4d,0x28,
    0xe8,0xcb,0x26,0x01,0x00,0x48,0x8d,0x55,0x28,0x48,0x8d,0x4d,0x20,0xe8,0x1e,0x24,
    0x01,0x00,0x48,0x8d,0x4d,0x28,0xe8,0x35,0x24,0x01,0x00,0x48,0x8d,0x55,0x20,0x48,
    0x8d,0x4d,0xf8,0xe8,0x08,0x24,0x01,0x00,0x48,0x8d,0x15,0x69,0xbe,0x68,0x00,0x48,
    0x8b,0xcf,0x4c,0x8b,0xc0,0xe8,0x06,0x28,0x01,0x00,0x48,0x8d,0x4d,0x20,0xe8,0x0d,
    0x24,0x01,0x00,0x48,0x8b,0x5c,0x24,0x60,0x48,0x8b,0x74,0x24,0x68,0x48,0x8b,0xc7,
    0x48,0x83,0xc4,0x30,0x41,0x5e,0x5f,0x5d,0xc3,
};
constexpr std::uint8_t kReportingBytes19[] = {
    0x40,0x55,0x41,0x54,0x41,0x56,0x41,0x57,0x48,0x83,0xec,0x38,0x48,0x89,0x5c,0x24,
    0x30,0x48,0x89,0x74,0x24,0x28,0x33,0xed,0x48,0x89,0x7c,0x24,0x20,0x4c,0x8d,0x35,
    0xb4,0x3d,0xbb,0x00,0x41,0xbc,0x30,0x75,0x00,0x00,0x66,0x0f,0x1f,0x44,0x00,0x00,
    0x41,0x8b,0x46,0x98,0x83,0xe8,0x02,0x83,0xf8,0x01,0x0f,0x87,0xc7,0x01,0x00,0x00,
    0xb3,0x01,0xe8,0x79,0xeb,0xfa,0xff,0x41,0x83,0x7e,0x98,0x03,0x48,0x8b,0xf0,0x0f,
    0x85,0x0b,0x01,0x00,0x00,0x49,0x8d,0x4e,0xd0,0xe8,0x72,0x81,0xfb,0xff,0x48,0x8b,
    0xc8,0x48,0x8b,0x10,0xff,0x52,0x58,0x48,0x8d,0x4c,0x24,0x68,0x48,0x89,0x44,0x24,
    0x68,0xe8,0x6a,0x45,0xfb,0xff,0xbb,0xd0,0x07,0x00,0x00,0x84,0xc0,0x48,0x0f,0x45,
    0x5c,0x24,0x68,0x49,0x83,0x7e,0xf8,0x00,0x0f,0x84,0xbb,0x00,0x00,0x00,0x49,0x8d,
    0x4e,0xd0,0xe8,0x39,0x81,0xfb,0xff,0x48,0x8b,0xc8,0x48,0x8b,0x10,0xff,0x52,0x48,
    0x48,0x8d,0x4c,0x24,0x70,0x48,0x89,0x44,0x24,0x70,0xe8,0x31,0x45,0xfb,0xff,0x84,
    0xc0,0x48,0x8b,0x44,0x24,0x70,0x75,0x04,0x49,0x8b,0x46,0xf8,0x48,0x3b,0xd8,0x48,
    0x0f,0x4c,0xc3,0x41,0x83,0x7e,0x04,0x05,0x48,0x8b,0xd8,0x7e,0x07,0x49,0x3b,0xc4,
    0x49,0x0f,0x4e,0xdc,0x41,0x83,0x3e,0x00,0x7e,0x6f,0x49,0x8d,0x4e,0xd0,0xe8,0xed,
    0x80,0xfb,0xff,0x48,0x8b,0xc8,0x48,0x8b,0x10,0xff,0x52,0x38,0x41,0x8b,0x16,0x0f,
    0xb7,0xc8,0x3b,0xd1,0x7c,0x53,0x8d,0x04,0x09,0x3b,0xd0,0x7d,0x0a,0x49,0x3b,0xdc,
    0x7f,0x47,0x49,0x8b,0xdc,0xeb,0x47,0x8d,0x04,0x49,0x3b,0xd0,0x7d,0x10,0x48,0x81,
    0xfb,0x60,0xea,0x00,0x00,0x7f,0x32,0xbb,0x60,0xea,0x00,0x00,0xeb,0x30,0x8d,0x04,
    0x8d,0x00,0x00,0x00,0x00,0x3b,0xd0,0x7d,0x10,0x48,0x81,0xfb,0xe0,0x93,0x04,0x00,
    0x7f,0x17,0xbb,0xe0,0x93,0x04,0x00,0xeb,0x15,0x48,0x81,0xfb,0x40,0x77,0x1b,0x00,
    0x7f,0x07,0xbb,0x40,0x77,0x1b,0x00,0xeb,0x05,0x48,0x85,0xdb,0x78,0x10,0x49,0x8b,
    0x4e,0xf0,0x48,0x03,0xcb,0x48,0x3b,0xce,0x7f,0x04,0xb3,0x01,0xeb,0x02,0x32,0xdb,
    0x41,0x83,0x7e,0x98,0x02,0x75,0x49,0x49,0x83,0x7e,0xf8,0x00,0x74,0x42,0x49,0x8d,
    0x4e,0xd0,0xe8,0x59,0x80,0xfb,0xff,0x48,0x8b,0xc8,0x48,0x8b,0x10,0xff,0x52,0x48,
    0x48,0x8d,0x4c,0x24,0x78,0x48,0x89,0x44,0x24,0x78,0xe8,0x51,0x44,0xfb,0xff,0x48,
    0x8b,0x4c,0x24,0x78,0x84,0xc0,0x75,0x04,0x49,0x8b,0x4e,0xf8,0x48,0x85,0xc9,0x78,
    0x0d,0x49,0x03,0x4e,0xf0,0x48,0x3b,0xce,0x7f,0x04,0xb3,0x01,0xeb,0x02,0x32,0xdb,
    0x41,0x80,0x7e,0x08,0x00,0x74,0x09,0x41,0xc6,0x46,0x08,0x00,0xb3,0x01,0xeb,0x04,
    0x84,0xdb,0x74,0x43,0x49,0x83,0x7e,0xf8,0x00,0x74,0x2f,0x49,0x8d,0x5e,0xd0,0x48,
    0x8b,0xcb,0xe8,0xf9,0x7f,0xfb,0xff,0x48,0x8d,0x4c,0x24,0x60,0x48,0x8b,0xd3,0x48,
    0x8b,0x30,0x48,0x8b,0xf8,0xe8,0xd6,0x79,0xfb,0xff,0x49,0x8b,0x56,0xd8,0x48,0x8b,
    0xcf,0x4c,0x8b,0xc0,0xff,0x56,0x68,0x0f,0xb6,0xd8,0x84,0xdb,0x74,0x09,0x49,0x8d,
    0x4e,0x98,0xe8,0x49,0xfb,0xff,0xff,0xff,0xc5,0x49,0x83,0xc6,0x78,0x48,0x63,0xc5,
    0x48,0x3d,0x80,0x00,0x00,0x00,0x0f,0x82,0x14,0xfe,0xff,0xff,0x48,0x8b,0x7c,0x24,
    0x20,0x48,0x8b,0x74,0x24,0x28,0x48,0x8b,0x5c,0x24,0x30,0x48,0x83,0xc4,0x38,0x41,
    0x5f,0x41,0x5e,0x41,0x5c,0x5d,0xc3,
};
constexpr std::uint8_t kReportingBytes20[] = {
    0x40,0x53,0x48,0x83,0xec,0x50,0x48,0x8b,0x84,0x24,0xa0,0x00,0x00,0x00,0x48,0x89,
    0x44,0x24,0x40,0x48,0x8b,0x84,0x24,0x98,0x00,0x00,0x00,0x48,0x89,0x44,0x24,0x38,
    0x48,0x8b,0x84,0x24,0x90,0x00,0x00,0x00,0x48,0x89,0x44,0x24,0x30,0x48,0x8b,0x84,
    0x24,0x88,0x00,0x00,0x00,0x48,0x89,0x44,0x24,0x28,0x48,0x8b,0x84,0x24,0x80,0x00,
    0x00,0x00,0x48,0x89,0x44,0x24,0x20,0xe8,0x54,0xfe,0xff,0xff,0x48,0x83,0x78,0x60,
    0x00,0x48,0x8b,0xd8,0xc7,0x00,0x02,0x00,0x00,0x00,0x48,0x8d,0x48,0x38,0x75,0x26,
    0xe8,0x1b,0x71,0xfb,0xff,0x48,0x8b,0xc8,0x48,0x8b,0x10,0xff,0x52,0x08,0x48,0x8d,
    0x0d,0xeb,0x22,0x68,0x00,0x48,0x8b,0xd0,0xe8,0x63,0x64,0xfb,0xff,0x8b,0x43,0x04,
    0x48,0x83,0xc4,0x50,0x5b,0xc3,0xe8,0xf5,0x70,0xfb,0xff,0x48,0x8b,0xc8,0x48,0x8b,
    0x10,0xff,0x52,0x08,0x4c,0x8b,0x43,0x60,0x48,0x8d,0x0d,0xf1,0x22,0x68,0x00,0x48,
    0x8b,0xd0,0xe8,0x39,0x64,0xfb,0xff,0x8b,0x43,0x04,0x48,0x83,0xc4,0x50,0x5b,0xc3,
};
constexpr std::uint8_t kReportingBytes21[] = {
    0x48,0x89,0x5c,0x24,0x08,0x48,0x89,0x74,0x24,0x10,0x57,0x48,0x83,0xec,0x20,0x41,
    0x8b,0xf9,0x41,0x8b,0xf0,0x45,0x33,0xd2,0x48,0x8d,0x1d,0x61,0x2e,0xbb,0x00,0x90,
    0x83,0x3b,0x00,0x74,0x16,0x41,0xff,0xc2,0x48,0x83,0xc3,0x78,0x49,0x63,0xc2,0x48,
    0x3d,0x80,0x00,0x00,0x00,0x72,0xe9,0x33,0xdb,0xeb,0x17,0xc7,0x03,0x01,0x00,0x00,
    0x00,0x8b,0x05,0x31,0x2e,0xbb,0x00,0xff,0xc0,0x89,0x05,0x29,0x2e,0xbb,0x00,0x89,
    0x43,0x04,0x48,0x89,0x4b,0x08,0x80,0x3a,0x00,0x75,0x05,0x45,0x33,0xc0,0xeb,0x0e,
    0x49,0x83,0xc8,0xff,0x49,0xff,0xc0,0x42,0x80,0x3c,0x02,0x00,0x75,0xf6,0x48,0x8d,
    0x4b,0x10,0xe8,0x89,0xa3,0x40,0xff,0x48,0x8b,0x54,0x24,0x50,0x48,0x8d,0x4b,0x38,
    0x89,0x73,0x30,0x89,0x7b,0x34,0xe8,0x95,0x71,0xfb,0xff,0x48,0x8b,0x44,0x24,0x60,
    0x48,0x8d,0x4b,0x58,0x48,0x89,0x43,0x40,0x48,0x8b,0x44,0x24,0x68,0x48,0x89,0x43,
    0x48,0x48,0x8b,0x44,0x24,0x70,0x48,0x89,0x43,0x50,0xe8,0xe1,0x35,0xfb,0xff,0x48,
    0x8b,0x44,0x24,0x58,0x48,0x8b,0x74,0x24,0x38,0x48,0x89,0x43,0x60,0x48,0xc7,0x43,
    0x68,0x00,0x00,0x00,0x00,0x48,0x8b,0xc3,0xc6,0x43,0x70,0x00,0x48,0x8b,0x5c,0x24,
    0x30,0x48,0x83,0xc4,0x20,0x5f,0xc3,
};
constexpr std::uint8_t kReportingBytes22[] = {
    0x48,0x89,0x5c,0x24,0x10,0x48,0x89,0x6c,0x24,0x18,0x48,0x89,0x74,0x24,0x20,0x57,
    0x41,0x54,0x41,0x57,0x48,0x83,0xec,0x20,0x45,0x33,0xff,0x48,0x8b,0xe9,0x48,0x8d,
    0x1d,0x63,0x3f,0xbb,0x00,0x4c,0x8d,0x25,0x84,0x3c,0xbb,0x00,0x4c,0x89,0x74,0x24,
    0x40,0x41,0x8b,0xf7,0x41,0x8b,0xff,0x8b,0x45,0x04,0x39,0x43,0xdc,0x75,0x6b,0x48,
    0x6b,0xff,0x78,0x49,0x8d,0x8c,0x24,0xe8,0x02,0x00,0x00,0x48,0x03,0xcf,0xe8,0x6d,
    0x82,0xfb,0xff,0x48,0x83,0x3b,0x10,0x72,0x09,0x48,0x8b,0x4b,0xe8,0xe8,0x6e,0xb8,
    0x40,0xff,0x33,0xd2,0x48,0xc7,0x03,0x0f,0x00,0x00,0x00,0x4c,0x89,0x7b,0xf8,0x49,
    0x8d,0x8c,0x24,0xb0,0x02,0x00,0x00,0x4c,0x8d,0x73,0xe8,0x44,0x8d,0x42,0x78,0x48,
    0x03,0xcf,0x45,0x88,0x3e,0xe8,0xc2,0x08,0x13,0x00,0x4d,0x85,0xf6,0x74,0x0e,0x48,
    0xc7,0x03,0x0f,0x00,0x00,0x00,0x4c,0x89,0x7b,0xf8,0x45,0x88,0x3e,0x8b,0x05,0xfd,
    0x3b,0xbb,0x00,0x44,0x89,0x7b,0xd8,0x89,0x43,0xdc,0xff,0xc6,0x48,0x83,0xc3,0x78,
    0x48,0x63,0xfe,0x48,0x81,0xff,0x80,0x00,0x00,0x00,0x0f,0x82,0x77,0xff,0xff,0xff,
    0x4c,0x8b,0x74,0x24,0x40,0x48,0x8b,0x5c,0x24,0x48,0x48,0x8b,0x6c,0x24,0x50,0x48,
    0x8b,0x74,0x24,0x58,0x48,0x83,0xc4,0x20,0x41,0x5f,0x41,0x5c,0x5f,0xc3,
};
constexpr std::uint8_t kReportingBytes23[] = {
    0x40,0x57,0x48,0x83,0xec,0x20,0x44,0x8b,0x0d,0xa3,0x29,0xbb,0x00,0x48,0x8b,0xf9,
    0x8b,0x09,0x41,0x3b,0xc9,0x74,0x1f,0x33,0xd2,0x4c,0x8d,0x05,0x54,0x2c,0xbb,0x00,
    0x41,0x39,0x08,0x74,0x1a,0xff,0xc2,0x49,0x83,0xc0,0x78,0x48,0x63,0xc2,0x48,0x3d,
    0x80,0x00,0x00,0x00,0x72,0xea,0x44,0x89,0x0f,0x48,0x83,0xc4,0x20,0x5f,0xc3,0x48,
    0x89,0x5c,0x24,0x30,0x48,0x63,0xda,0x48,0x8d,0x05,0x22,0x2c,0xbb,0x00,0x48,0x6b,
    0xdb,0x78,0x48,0x03,0xd8,0x74,0x5f,0x48,0x8d,0x4b,0x38,0xe8,0x70,0x70,0xfb,0xff,
    0x48,0x8b,0xc8,0x48,0x8b,0x10,0xff,0x52,0x08,0x48,0x8d,0x0d,0xe0,0x22,0x68,0x00,
    0x48,0x8b,0xd0,0xe8,0xb8,0x63,0xfb,0xff,0x8b,0x03,0x83,0xe8,0x04,0x83,0xf8,0x01,
    0x76,0x1b,0x48,0x8b,0xcb,0xe8,0x86,0xec,0xff,0xff,0x8b,0x05,0x20,0x29,0xbb,0x00,
    0x48,0x8b,0x5c,0x24,0x30,0x89,0x07,0x48,0x83,0xc4,0x20,0x5f,0xc3,0x8b,0x05,0x0d,
    0x29,0xbb,0x00,0xc7,0x03,0x05,0x00,0x00,0x00,0x48,0x8b,0x5c,0x24,0x30,0x89,0x07,
    0x48,0x83,0xc4,0x20,0x5f,0xc3,0x44,0x89,0x0f,0x48,0x8b,0x5c,0x24,0x30,0x48,0x83,
    0xc4,0x20,0x5f,0xc3,
};
constexpr std::uint8_t kReportingBytes24[] = {
    0x48,0x89,0x5c,0x24,0x08,0x48,0x89,0x74,0x24,0x10,0x57,0x48,0x83,0xec,0x20,0x33,
    0xf6,0x48,0x83,0x3d,0xa7,0xf9,0x8f,0x00,0x10,0x48,0x8d,0x05,0x88,0xf9,0x8f,0x00,
    0x48,0x0f,0x43,0x05,0x80,0xf9,0x8f,0x00,0x48,0x89,0x35,0x89,0xf9,0x8f,0x00,0x40,
    0x88,0x30,0x48,0x83,0x3d,0xa6,0xf9,0x8f,0x00,0x10,0x48,0x8d,0x05,0x87,0xf9,0x8f,
    0x00,0x48,0x0f,0x43,0x05,0x7f,0xf9,0x8f,0x00,0x48,0x89,0x35,0x88,0xf9,0x8f,0x00,
    0x40,0x88,0x30,0x48,0x8b,0x3d,0x9e,0xf9,0x8f,0x00,0x48,0x8b,0x1d,0x8f,0xf9,0x8f,
    0x00,0x48,0x3b,0xdf,0x74,0x2e,0x48,0x83,0x7b,0x18,0x10,0x72,0x08,0x48,0x8b,0x0b,
    0xe8,0xfb,0x71,0x45,0xff,0x48,0xc7,0x43,0x18,0x0f,0x00,0x00,0x00,0x48,0x89,0x73,
    0x10,0x40,0x88,0x33,0x48,0x83,0xc3,0x20,0x48,0x3b,0xdf,0x75,0xd9,0x48,0x8b,0x1d,
    0x5c,0xf9,0x8f,0x00,0x48,0x8d,0x0d,0x75,0xf9,0x8f,0x00,0x48,0x89,0x1d,0x56,0xf9,
    0x8f,0x00,0x89,0x35,0x40,0xf9,0x8f,0x00,0xe8,0x63,0x00,0x00,0x00,0x48,0x8d,0x0d,
    0x58,0xf9,0x8f,0x00,0xe8,0xd7,0xcb,0x04,0x00,0x39,0x35,0xe1,0xf8,0x8f,0x00,0x74,
    0x0d,0x33,0xc9,0x89,0x35,0xd7,0xf8,0x8f,0x00,0xe8,0x22,0xa7,0xff,0xff,0x48,0x8b,
    0x5c,0x24,0x30,0x40,0x88,0x35,0x2e,0xf9,0x8f,0x00,0x48,0x8b,0x74,0x24,0x38,0x48,
    0x83,0xc4,0x20,0x5f,0xc3,
};
constexpr std::uint8_t kReportingBytes25[] = {
    0x48,0x83,0xec,0x38,0x83,0x3d,0xf5,0xfb,0x8f,0x00,0x02,0x0f,0x85,0xce,0x00,0x00,
    0x00,0x48,0x8d,0x05,0xf0,0xfb,0x8f,0x00,0x48,0x89,0x5c,0x24,0x40,0xc7,0x05,0xd9,
    0xfb,0x8f,0x00,0x03,0x00,0x00,0x00,0x48,0x89,0x7c,0x24,0x30,0x48,0x3b,0xc1,0x74,
    0x12,0x48,0x8b,0xd1,0x49,0x83,0xc9,0xff,0x45,0x33,0xc0,0x48,0x8b,0xc8,0xe8,0x7d,
    0x6d,0x45,0xff,0xb9,0x02,0x00,0x00,0x00,0xe8,0x03,0xaa,0xff,0xff,0x48,0x8d,0x4c,
    0x24,0x50,0xe8,0xc9,0x39,0x00,0x00,0x48,0x8b,0x15,0xfa,0xfc,0x8f,0x00,0x48,0x8b,
    0x0d,0xfb,0xfc,0x8f,0x00,0xe8,0x66,0x3f,0x00,0x00,0x48,0x8b,0xc8,0x48,0x8b,0xf8,
    0x48,0x8b,0x10,0xff,0x92,0x88,0x00,0x00,0x00,0x48,0x8b,0x17,0x48,0x8b,0xcf,0x0f,
    0xb7,0xd8,0xff,0x52,0x28,0x48,0x8d,0x4c,0x24,0x50,0x0f,0xb7,0xd0,0x44,0x0f,0xb7,
    0xc3,0xe8,0xda,0x3e,0x00,0x00,0x48,0x8b,0x0d,0xf3,0xfa,0x8f,0x00,0x33,0xc0,0x48,
    0x89,0x44,0x24,0x28,0x4c,0x8d,0x0d,0x05,0xee,0xff,0xff,0x48,0x8d,0x54,0x24,0x50,
    0x41,0xb8,0x30,0x75,0x00,0x00,0x48,0x89,0x44,0x24,0x20,0xe8,0x00,0xde,0xff,0xff,
    0x48,0x8d,0x4c,0x24,0x50,0x89,0x05,0xa1,0xfb,0x8f,0x00,0xe8,0xf0,0x3d,0x00,0x00,
    0x48,0x8b,0x7c,0x24,0x30,0x48,0x8b,0x5c,0x24,0x40,0x48,0x83,0xc4,0x38,0xc3,0x48,
    0x83,0xc4,0x38,0xe9,0x28,0x00,0x00,0x00,
};
constexpr std::uint8_t kReportingBytes26[] = {
    0x0f,0xb7,0x41,0x02,0x0f,0xb7,0x11,0x48,0x8d,0x0d,0x82,0xe3,0xbe,0x00,0x48,0x8b,
    0x0c,0xc1,0x48,0x8b,0x01,0x48,0xff,0xa0,0xa0,0x00,0x00,0x00,
};
constexpr std::uint8_t kReportingBytes27[] = {
    0x48,0x89,0x5c,0x24,0x08,0x57,0x48,0x83,0xec,0x30,0x83,0xb9,0x30,0x03,0x00,0x00,
    0x00,0x0f,0x28,0xc1,0x0f,0x29,0x74,0x24,0x20,0x0f,0x9f,0xc2,0x48,0x8b,0xf9,0x0f,
    0x28,0xf1,0xe8,0x49,0x71,0x01,0x00,0xe8,0xa4,0x44,0x01,0x00,0x84,0xc0,0x74,0x1c,
    0x48,0x8b,0x47,0xa0,0x48,0x8d,0x4f,0xa0,0xff,0x90,0x28,0x03,0x00,0x00,0x48,0x8b,
    0x47,0xa0,0x48,0x8d,0x4f,0xa0,0xff,0x90,0x20,0x03,0x00,0x00,0x0f,0x28,0xc6,0xe8,
    0x8c,0x63,0xff,0xff,0x0f,0x28,0xc6,0xe8,0x54,0x52,0x01,0x00,0x80,0xbf,0x7c,0x01,
    0x00,0x00,0x00,0x75,0x09,0x48,0x8d,0x4f,0xa0,0xe8,0x22,0xe4,0xff,0xff,0x48,0x8b,
    0x8f,0x30,0x01,0x00,0x00,0x0f,0x28,0xce,0x48,0x8b,0x01,0xff,0x90,0xc0,0x02,0x00,
    0x00,0x48,0x83,0xbf,0x1c,0x01,0x00,0x00,0x00,0x74,0x37,0x48,0x8d,0x4f,0xa0,0xe8,
    0x5c,0x5f,0xff,0xff,0x48,0x8d,0x4f,0xa0,0xe8,0x33,0x61,0xff,0xff,0x48,0x8b,0x8f,
    0x1c,0x01,0x00,0x00,0x0f,0x28,0xce,0x48,0x8b,0x01,0xff,0x90,0xb0,0x00,0x00,0x00,
    0x48,0x8d,0x4f,0xa0,0xe8,0xa7,0x64,0xff,0xff,0x48,0x8d,0x4f,0xa0,0xe8,0x1e,0x64,
    0xff,0xff,0x48,0x8d,0x4f,0xa0,0x0f,0x28,0xce,0xe8,0x82,0x04,0x00,0x00,0x48,0x8d,
    0x4f,0xa0,0x0f,0x28,0xce,0x48,0x8b,0x5c,0x24,0x40,0x0f,0x28,0x74,0x24,0x20,0x48,
    0x83,0xc4,0x30,0x5f,0xe9,0xa7,0x06,0x00,0x00,
};
constexpr std::uint8_t kReportingBytes28[] = {
    0x48,0x8b,0xc4,0x55,0x41,0x54,0x41,0x55,0x41,0x56,0x41,0x57,0x48,0x8d,0xa8,0x08,
    0xf8,0xff,0xff,0x48,0x81,0xec,0xd0,0x08,0x00,0x00,0x48,0xc7,0x45,0x88,0xfe,0xff,
    0xff,0xff,0x48,0x89,0x58,0x10,0x48,0x89,0x70,0x18,0x48,0x89,0x78,0x20,0x0f,0x29,
    0x70,0xc8,0x0f,0x29,0x78,0xb8,0x44,0x0f,0x29,0x40,0xa8,0x48,0x8b,0x05,0x6e,0x4c,
    0xa8,0x00,0x48,0x33,0xc4,0x48,0x89,0x85,0x90,0x07,0x00,0x00,0x44,0x0f,0x28,0xc1,
    0x4c,0x8b,0xf1,0x83,0x3d,0x8e,0xcf,0xa8,0x00,0x00,0x75,0x0d,0x83,0x3d,0x89,0xcf,
    0xa8,0x00,0x00,0x0f,0x84,0x7f,0x05,0x00,0x00,0xff,0x15,0xe9,0x0b,0x46,0x00,0x48,
    0x83,0x3d,0x19,0x38,0xd6,0x00,0x00,0x74,0x3a,0xff,0x15,0xe1,0x0b,0x46,0x00,0xf3,
    0x0f,0x10,0x05,0x75,0x3c,0xd6,0x00,0xf3,0x41,0x0f,0x58,0xc0,0xf3,0x0f,0x11,0x05,
    0x68,0x3c,0xd6,0x00,0x0f,0x2f,0x05,0xf9,0x0b,0x47,0x00,0x72,0x16,0x49,0x8b,0x8e,
    0xa8,0x01,0x00,0x00,0xe8,0xe7,0x83,0xff,0xff,0xc7,0x05,0x49,0x3c,0xd6,0x00,0x00,
    0x00,0x00,0x00,0x49,0x8b,0x8e,0x98,0x01,0x00,0x00,0x48,0x85,0xc9,0x74,0x05,0xe8,
    0xbc,0x42,0xff,0xff,0x45,0x33,0xff,0x45,0x8d,0x67,0x01,0x45,0x39,0xbe,0xa4,0x01,
    0x00,0x00,0x0f,0x85,0x81,0x00,0x00,0x00,0x49,0x8b,0x86,0x98,0x01,0x00,0x00,0x44,
    0x39,0x78,0x38,0x7e,0x74,0x41,0xf6,0x86,0xa0,0x01,0x00,0x00,0x02,0xbb,0x05,0x40,
    0x00,0x80,0x41,0x0f,0x45,0xdf,0x45,0x8b,0xcc,0x45,0x8b,0xc4,0x48,0x8d,0x15,0x85,
    0xb7,0x76,0x00,0x48,0x8d,0x4c,0x24,0x58,0xe8,0xe3,0xbb,0x67,0xff,0x48,0x8b,0x08,
    0x48,0x89,0x4c,0x24,0x60,0x41,0x8b,0xc7,0x85,0xdb,0x0f,0x94,0xc0,0x89,0x44,0x24,
    0x68,0x48,0x8d,0x44,0x24,0x40,0x48,0x89,0x44,0x24,0x58,0x4c,0x89,0x7c,0x24,0x40,
    0x4c,0x89,0x7c,0x24,0x48,0x49,0x8d,0x96,0xf8,0x02,0x00,0x00,0x48,0x8d,0x4c,0x24,
    0x40,0xe8,0xea,0x4f,0xfa,0xff,0x90,0x4c,0x8d,0x44,0x24,0x60,0x48,0x8d,0x54,0x24,
    0x40,0x49,0x8b,0xce,0xe8,0x97,0xa1,0xfc,0xff,0x41,0x8b,0xff,0xf3,0x0f,0x10,0x3d,
    0xec,0xb2,0x46,0x00,0x45,0x39,0xbe,0xa0,0x05,0x00,0x00,0x7e,0x5a,0x49,0x8b,0xdf,
    0x49,0x8b,0x8e,0x98,0x05,0x00,0x00,0x41,0x0f,0x28,0xc0,0xf3,0x0f,0x58,0x04,0x0b,
    0xf3,0x0f,0x11,0x04,0x0b,0x0f,0x2f,0xc7,0x72,0x2e,0x44,0x89,0x3c,0x0b,0xff,0x44,
    0x0b,0x04,0x41,0x8b,0xc7,0x83,0x7c,0x0b,0x04,0x3c,0x0f,0x9d,0xc0,0x85,0xc0,0x74,
    0x17,0x45,0x8b,0xc4,0x8b,0xd7,0x49,0x8d,0x8e,0x98,0x05,0x00,0x00,0xe8,0xfe,0xa3,
    0x14,0x00,0xff,0xcf,0x48,0x83,0xeb,0x20,0xff,0xc7,0x48,0x83,0xc3,0x20,0x41,0x3b,
    0xbe,0xa0,0x05,0x00,0x00,0x7c,0xa9,0x48,0x8b,0x0d,0xea,0x05,0xd6,0x00,0x48,0x85,
    0xc9,0x74,0x0c,0x33,0xd2,0xe8,0x46,0x43,0xf3,0xff,0x4c,0x8b,0xe8,0xeb,0x03,0x4d,
    0x8b,0xef,0x41,0x8b,0x86,0xa0,0x01,0x00,0x00,0x0f,0xba,0xe0,0x08,0x0f,0x83,0x97,
    0x02,0x00,0x00,0x0f,0xba,0xe0,0x09,0x0f,0x82,0x8d,0x02,0x00,0x00,0x4d,0x85,0xed,
    0x0f,0x84,0x84,0x02,0x00,0x00,0x41,0x80,0xbd,0x98,0x05,0x00,0x00,0x02,0x0f,0x85,
    0x76,0x02,0x00,0x00,0xf3,0x41,0x0f,0x10,0x8d,0xfc,0x04,0x00,0x00,0xf3,0x41,0x0f,
    0x10,0x96,0x34,0x06,0x00,0x00,0x0f,0x28,0xc1,0xf3,0x0f,0x5c,0xc2,0x0f,0x2f,0x05,
    0x0c,0x1a,0x49,0x00,0x73,0x13,0x0f,0x2f,0xd1,0x77,0x0e,0x41,0x80,0xbe,0xdf,0x01,
    0x00,0x00,0x00,0x0f,0x85,0x41,0x02,0x00,0x00,0x49,0x8d,0x96,0xd0,0x01,0x00,0x00,
    0x48,0x8d,0x4c,0x24,0x78,0xe8,0xb6,0xeb,0xf4,0xff,0x90,0x4c,0x8d,0x0d,0xfa,0xad,
    0x76,0x00,0x41,0x0f,0xb6,0x8e,0xdf,0x01,0x00,0x00,0x80,0xf9,0x0a,0x0f,0x83,0xde,
    0x01,0x00,0x00,0x41,0x8b,0x85,0xfc,0x04,0x00,0x00,0x41,0x89,0x86,0x34,0x06,0x00,
    0x00,0xfe,0xc1,0x41,0x88,0x8e,0xdf,0x01,0x00,0x00,0x48,0x8b,0x0d,0xff,0x35,0xd6,
    0x00,0x48,0x85,0xc9,0x0f,0x84,0x7a,0x01,0x00,0x00,0x49,0x8b,0x86,0x90,0x01,0x00,
    0x00,0x48,0x85,0xc0,0x0f,0x84,0x6a,0x01,0x00,0x00,0x48,0x83,0xb8,0x60,0x01,0x00,
    0x00,0x00,0x0f,0x84,0x5c,0x01,0x00,0x00,0x4c,0x8d,0x05,0x41,0xc2,0x76,0x00,0xba,
    0x51,0x03,0x00,0x00,0x48,0x8b,0x0d,0x0d,0xac,0xa3,0x00,0xe8,0xc0,0x85,0x66,0xff,
    0x49,0x8b,0x8e,0x90,0x01,0x00,0x00,0x48,0x85,0xc9,0x74,0x16,0x48,0x8b,0x41,0x68,
    0x8b,0x80,0xd8,0x00,0x00,0x00,0xc1,0xe8,0x17,0x83,0xe0,0x01,0x89,0x44,0x24,0x50,
    0xeb,0x05,0x44,0x89,0x7c,0x24,0x50,0x49,0x8b,0xbe,0xd0,0x01,0x00,0x00,0x48,0x89,
    0x7c,0x24,0x58,0x48,0x8b,0x81,0x60,0x01,0x00,0x00,0x0f,0xb7,0x48,0x0a,0xe8,0x81,
    0x9f,0x15,0x00,0x0f,0xb7,0xd8,0x49,0x8b,0x8e,0x90,0x01,0x00,0x00,0x48,0x8b,0x91,
    0x60,0x01,0x00,0x00,0x8b,0x4a,0x0c,0xe8,0x20,0x9f,0x15,0x00,0x8b,0xf0,0x41,0x8b,
    0xd4,0x48,0x8b,0xcf,0xe8,0x07,0xaf,0x00,0x00,0x44,0x89,0x7c,0x24,0x70,0x41,0x8b,
    0xd7,0x39,0x54,0x24,0x50,0x0f,0x95,0xc2,0x48,0x8d,0x44,0x24,0x70,0x48,0x89,0x44,
    0x24,0x30,0x89,0x54,0x24,0x28,0x89,0x5c,0x24,0x20,0x44,0x8b,0xce,0x4c,0x8b,0xc7,
    0xba,0x00,0x08,0x00,0x00,0x48,0x8d,0x4d,0x90,0xe8,0x12,0xad,0x00,0x00,0x8b,0xf8,
    0x48,0x8d,0x15,0x9b,0xab,0x76,0x00,0x48,0x8d,0x4c,0x24,0x60,0xe8,0x1f,0xf0,0x5c,
    0xff,0x90,0x48,0x8d,0x15,0x8a,0xab,0x76,0x00,0x48,0x8d,0x4c,0x24,0x40,0xe8,0x0d,
    0xf0,0x5c,0xff,0x90,0x44,0x89,0x64,0x24,0x30,0x48,0x8d,0x44,0x24,0x58,0x48,0x89,
    0x44,0x24,0x28,0x89,0x7c,0x24,0x20,0x4c,0x8d,0x4d,0x90,0x44,0x8b,0xc6,0x48,0x8d,
    0x54,0x24,0x60,0x48,0x8d,0x4c,0x24,0x40,0xe8,0x13,0x97,0x00,0x00,0x85,0xc0,0x0f,
    0x94,0xc3,0x4c,0x89,0x7c,0x24,0x48,0x48,0x8b,0x4c,0x24,0x40,0x48,0x85,0xc9,0x74,
    0x0a,0xe8,0xea,0x89,0x61,0xff,0x4c,0x89,0x7c,0x24,0x40,0x4c,0x89,0x7c,0x24,0x68,
    0x48,0x8b,0x4c,0x24,0x60,0x48,0x85,0xc9,0x74,0x05,0xe8,0xd1,0x89,0x61,0xff,0x84,
    0xdb,0x0f,0x84,0x80,0x00,0x00,0x00,0x4c,0x8d,0x05,0x7a,0xc5,0x76,0x00,0x48,0x8d,
    0x05,0xd3,0xc6,0x76,0x00,0x4c,0x8d,0x0d,0x84,0xc8,0x76,0x00,0x85,0xff,0x4c,0x0f,
    0x44,0xc8,0xeb,0x44,0x4c,0x8d,0x05,0xb5,0xc8,0x76,0x00,0x48,0x85,0xc9,0x75,0x09,
    0x4c,0x8d,0x0d,0x71,0xc9,0x76,0x00,0xeb,0x2f,0x49,0x8b,0x86,0x90,0x01,0x00,0x00,
    0x48,0x85,0xc0,0x75,0x09,0x4c,0x8d,0x0d,0x64,0xca,0x76,0x00,0xeb,0x1a,0x48,0x83,
    0xb8,0x60,0x01,0x00,0x00,0x00,0x75,0x10,0x4c,0x8d,0x0d,0x81,0xcb,0x76,0x00,0xeb,
    0x07,0x4c,0x8d,0x05,0x50,0xcc,0x76,0x00,0x41,0x81,0xa6,0xa0,0x01,0x00,0x00,0xff,
    0xfc,0xff,0xff,0x48,0x8d,0x15,0xe6,0xce,0x76,0x00,0x48,0x8b,0x0d,0x67,0xaa,0xa3,
    0x00,0xe8,0x2a,0x83,0x66,0xff,0x90,0x4c,0x89,0x7d,0x80,0x48,0x8b,0x4c,0x24,0x78,
    0x48,0x85,0xc9,0x74,0x05,0xe8,0x36,0x89,0x61,0xff,0xf3,0x41,0x0f,0x10,0xb5,0xfc,
    0x04,0x00,0x00,0x41,0x8b,0x8e,0x50,0x06,0x00,0x00,0x85,0xc9,0x0f,0x8e,0x03,0x01,
    0x00,0x00,0x41,0x0f,0xb6,0x85,0x98,0x05,0x00,0x00,0xfe,0xc8,0x3c,0x01,0x0f,0x87,
    0xf1,0x00,0x00,0x00,0xf3,0x41,0x0f,0x10,0x8e,0x58,0x06,0x00,0x00,0x0f,0x28,0xc6,
    0xf3,0x0f,0x5c,0xc1,0x0f,0x2f,0xc7,0x73,0x09,0x0f,0x2f,0xce,0x0f,0x86,0xd3,0x00,
    0x00,0x00,0xf3,0x41,0x0f,0x11,0xb6,0x58,0x06,0x00,0x00,0x85,0xc9,0x0f,0x8e,0xc2,
    0x00,0x00,0x00,0x49,0x8b,0xdf,0x66,0x66,0x0f,0x1f,0x84,0x00,0x00,0x00,0x00,0x00,
    0x49,0x8b,0x86,0x48,0x06,0x00,0x00,0x0f,0x2f,0x34,0x03,0x0f,0x83,0x8d,0x00,0x00,
    0x00,0x45,0x8b,0x86,0x50,0x06,0x00,0x00,0x45,0x2b,0xc7,0x41,0xff,0xc8,0x74,0x1d,
    0x41,0xc1,0xe0,0x04,0x49,0x63,0xd4,0x48,0xc1,0xe2,0x04,0x48,0x03,0xd0,0x49,0x63,
    0xcf,0x48,0xc1,0xe1,0x04,0x48,0x03,0xc8,0xe8,0x33,0x8a,0x61,0xff,0x41,0xff,0x8e,
    0x50,0x06,0x00,0x00,0x41,0xb8,0x10,0x00,0x00,0x00,0x41,0x8b,0x96,0x54,0x06,0x00,
    0x00,0x41,0x8b,0x8e,0x50,0x06,0x00,0x00,0xe8,0x53,0x7e,0x5d,0xff,0x41,0x3b,0x86,
    0x54,0x06,0x00,0x00,0x74,0x2e,0x41,0x89,0x86,0x54,0x06,0x00,0x00,0x49,0x8b,0x8e,
    0x48,0x06,0x00,0x00,0x48,0x85,0xc9,0x75,0x04,0x85,0xc0,0x74,0x17,0xc1,0xe0,0x04,
    0x41,0xb8,0x08,0x00,0x00,0x00,0x8b,0xd0,0xe8,0x03,0x8c,0x61,0xff,0x49,0x89,0x86,
    0x48,0x06,0x00,0x00,0x41,0xff,0xcf,0x41,0xff,0xcc,0x48,0x83,0xeb,0x10,0x41,0xff,
    0xc7,0x41,0xff,0xc4,0x48,0x83,0xc3,0x10,0x45,0x3b,0xbe,0x50,0x06,0x00,0x00,0x0f,
    0x8c,0x4b,0xff,0xff,0xff,0xf3,0x0f,0x10,0x05,0x53,0x37,0xd6,0x00,0xf3,0x41,0x0f,
    0x58,0xc0,0xf3,0x0f,0x11,0x05,0x46,0x37,0xd6,0x00,0x0f,0x2f,0x05,0xd3,0x06,0x47,
    0x00,0x72,0x25,0x45,0x33,0xc9,0x4c,0x8d,0x05,0xd3,0xd1,0x76,0x00,0xba,0x51,0x03,
    0x00,0x00,0x48,0x8b,0x0d,0xff,0xa8,0xa3,0x00,0xe8,0xb2,0x82,0x66,0xff,0xc7,0x05,
    0x18,0x37,0xd6,0x00,0x00,0x00,0x00,0x00,0x48,0x8b,0x8d,0x90,0x07,0x00,0x00,0x48,
    0x33,0xcc,0xe8,0x39,0x27,0x2f,0x00,0x4c,0x8d,0x9c,0x24,0xd0,0x08,0x00,0x00,0x49,
    0x8b,0x5b,0x38,0x49,0x8b,0x73,0x40,0x49,0x8b,0x7b,0x48,0x41,0x0f,0x28,0x73,0xf0,
    0x41,0x0f,0x28,0x7b,0xe0,0x45,0x0f,0x28,0x43,0xd0,0x49,0x8b,0xe3,0x41,0x5f,0x41,
    0x5e,0x41,0x5d,0x41,0x5c,0x5d,0xc3,
};
constexpr std::uint8_t kReportingBytes29[] = {
    0x48,0x8b,0xc4,0x55,0x48,0x8d,0x68,0xa1,0x48,0x81,0xec,0xe0,0x00,0x00,0x00,0x48,
    0xc7,0x45,0x07,0xfe,0xff,0xff,0xff,0x48,0x89,0x58,0x10,0x48,0x89,0x78,0x18,0x0f,
    0x29,0x70,0xe8,0x48,0x8b,0x05,0xa6,0xe2,0xa6,0x00,0x48,0x33,0xc4,0x48,0x89,0x45,
    0x3f,0x0f,0x28,0xf0,0xf3,0x0f,0x10,0x05,0x9c,0xd3,0xd4,0x00,0xf3,0x0f,0x58,0xc6,
    0xf3,0x0f,0x11,0x05,0x90,0xd3,0xd4,0x00,0x0f,0x57,0xc0,0xf3,0x0f,0x10,0x0d,0x99,
    0xd3,0xd4,0x00,0x0f,0x2f,0xc8,0x76,0x0c,0xf3,0x0f,0x5c,0xce,0xf3,0x0f,0x11,0x0d,
    0x88,0xd3,0xd4,0x00,0x80,0x3d,0xc6,0xd2,0xd4,0x00,0x00,0x74,0x4a,0xe8,0x2e,0xd6,
    0xff,0xff,0x83,0x3d,0xe7,0xd2,0xd4,0x00,0x00,0x74,0x05,0xe8,0x60,0xa6,0x15,0x00,
    0x48,0x8b,0x0d,0x29,0xd3,0xd4,0x00,0x48,0x85,0xc9,0x74,0x08,0x0f,0x28,0xce,0xe8,
    0x8c,0xa8,0x00,0x00,0x48,0x8b,0x0d,0x9d,0xd2,0xd4,0x00,0x48,0x85,0xc9,0x0f,0x84,
    0x47,0x02,0x00,0x00,0xff,0x15,0x46,0x8f,0x44,0x00,0x0f,0x28,0xc6,0xe8,0xfe,0xcf,
    0x5e,0xff,0xe9,0x34,0x02,0x00,0x00,0xf3,0x0f,0x10,0x05,0x09,0xd3,0xd4,0x00,0xf3,
    0x0f,0x58,0xc6,0xf3,0x0f,0x11,0x05,0xfd,0xd2,0xd4,0x00,0x84,0xd2,0x74,0x18,0x0f,
    0x2f,0x05,0xda,0xa1,0x45,0x00,0x72,0x0f,0xc7,0x05,0xe6,0xd2,0xd4,0x00,0x00,0x00,
    0x00,0x00,0xe8,0xd9,0x75,0x00,0x00,0x80,0x3d,0xe5,0xd2,0xd4,0x00,0x00,0x74,0x0c,
    0xc6,0x05,0xdc,0xd2,0xd4,0x00,0x00,0xe8,0x04,0xfa,0xff,0xff,0x80,0x3d,0x2f,0xd2,
    0xd4,0x00,0x00,0x74,0x13,0xc6,0x05,0x26,0xd2,0xd4,0x00,0x00,0x48,0x8d,0x0d,0x1d,
    0x95,0xa5,0x00,0xe8,0xd8,0x88,0x00,0x00,0xe8,0x63,0xd2,0xff,0xff,0x84,0xc0,0x74,
    0x05,0xe8,0x7a,0xd5,0xff,0xff,0x83,0x3d,0x2f,0xd2,0xd4,0x00,0x00,0x74,0x0d,0x48,
    0x8b,0x0d,0x02,0xd2,0xd4,0x00,0xff,0x15,0xb4,0x8e,0x44,0x00,0x83,0x3d,0x1d,0xd2,
    0xd4,0x00,0x00,0x0f,0x84,0xa2,0x01,0x00,0x00,0xe8,0x92,0xa5,0x15,0x00,0x8b,0x0d,
    0x5c,0x93,0xa5,0x00,0xe8,0xc7,0x01,0x15,0x00,0x84,0xc0,0x0f,0x85,0x4e,0x01,0x00,
    0x00,0x48,0x83,0x3d,0x4f,0xd5,0xd4,0x00,0x00,0x0f,0x84,0x7c,0x01,0x00,0x00,0x48,
    0x8d,0x55,0xa7,0x48,0x8d,0x0d,0x1e,0xd5,0xd4,0x00,0xe8,0x51,0xd0,0x5e,0xff,0x48,
    0x8b,0xd0,0x48,0x8b,0x08,0x33,0xff,0x48,0x85,0xc9,0x8b,0xc7,0x74,0x03,0x48,0x8b,
    0x01,0x48,0x8b,0x48,0x10,0x48,0xff,0xc9,0x48,0x23,0x4a,0x10,0x48,0x8b,0x40,0x08,
    0x48,0x8b,0x1c,0xc8,0x48,0x8d,0x55,0xc7,0x48,0x8b,0xcb,0xe8,0x60,0x06,0x00,0x00,
    0x90,0x48,0x8d,0x55,0x0f,0x48,0x8b,0xcb,0xe8,0x33,0x0c,0x00,0x00,0x90,0x4c,0x8d,
    0x05,0xfb,0x1f,0x77,0x00,0xba,0xa6,0x0f,0x00,0x00,0x48,0x8b,0x0d,0x27,0x43,0xa2,
    0x00,0xe8,0xda,0x1c,0x65,0xff,0xc7,0x05,0x54,0xd1,0xd4,0x00,0x00,0x00,0x00,0x00,
    0x48,0x8d,0x05,0x09,0x6b,0x77,0x00,0x48,0x89,0x45,0xa7,0x48,0x8d,0x05,0xde,0x31,
    0x00,0x00,0x48,0x89,0x45,0xaf,0x48,0x8d,0x45,0xa7,0x48,0x89,0x45,0xbf,0x48,0x8d,
    0x05,0x5b,0x6b,0x77,0x00,0x48,0x89,0x45,0xe7,0x48,0x8d,0x05,0x60,0x32,0x00,0x00,
    0x48,0x89,0x45,0xef,0x48,0x8d,0x45,0xe7,0x48,0x89,0x45,0xff,0x48,0x8d,0x55,0x0f,
    0x48,0x83,0x7d,0x27,0x10,0x48,0x0f,0x43,0x55,0x0f,0x48,0x8d,0x45,0xa7,0x48,0x89,
    0x44,0x24,0x20,0x4c,0x8d,0x4d,0xe7,0x4c,0x8d,0x45,0xc7,0x48,0x8d,0x0d,0x6e,0x92,
    0xa5,0x00,0xe8,0x29,0x27,0x15,0x00,0x85,0xc0,0x74,0x1b,0x44,0x8b,0xc8,0x4c,0x8d,
    0x05,0x83,0x25,0x77,0x00,0xba,0x51,0x03,0x00,0x00,0x48,0x8b,0x0d,0x97,0x42,0xa2,
    0x00,0xe8,0x4a,0x1c,0x65,0xff,0x48,0x8d,0x0d,0x2b,0xd4,0xd4,0x00,0xe8,0xae,0x28,
    0x01,0x00,0x90,0x48,0x83,0x7d,0x27,0x10,0x72,0x09,0x48,0x8b,0x4d,0x0f,0xe8,0x5d,
    0x21,0x60,0xff,0x48,0xc7,0x45,0x27,0x0f,0x00,0x00,0x00,0x48,0x89,0x7d,0x1f,0xc6,
    0x45,0x0f,0x00,0x48,0x8b,0x4d,0xcf,0x48,0x85,0xc9,0x74,0x4f,0xe8,0x3f,0x21,0x60,
    0xff,0x48,0x89,0x7d,0xcf,0x48,0x89,0x7d,0xd7,0x48,0x89,0x7d,0xdf,0xeb,0x3c,0xf3,
    0x0f,0x10,0x05,0x7d,0xd0,0xd4,0x00,0xf3,0x0f,0x58,0xc6,0xf3,0x0f,0x11,0x05,0x71,
    0xd0,0xd4,0x00,0x0f,0x2f,0x05,0xd2,0xf4,0x45,0x00,0x76,0x1f,0x8b,0x0d,0xde,0x91,
    0xa5,0x00,0xe8,0xf9,0xff,0x14,0x00,0xc7,0x05,0xcf,0x91,0xa5,0x00,0xff,0xff,0xff,
    0xff,0xc7,0x05,0x49,0xd0,0xd4,0x00,0x00,0x00,0x00,0x00,0x48,0x8b,0x0d,0x7e,0xd0,
    0xd4,0x00,0x48,0x85,0xc9,0x74,0x05,0xe8,0xc4,0x56,0x00,0x00,0x48,0x8b,0x4d,0x3f,
    0x48,0x33,0xcc,0xe8,0x48,0xc0,0x2d,0x00,0x4c,0x8d,0x9c,0x24,0xe0,0x00,0x00,0x00,
    0x49,0x8b,0x5b,0x18,0x49,0x8b,0x7b,0x20,0x41,0x0f,0x28,0x73,0xf0,0x49,0x8b,0xe3,
    0x5d,0xc3,
};
constexpr std::uint8_t kReportingBytes30[] = {
    0x40,0x53,0x48,0x83,0xec,0x20,0xff,0x15,0x2c,0xea,0x2e,0x00,0x48,0x8b,0xd8,0x48,
    0x8b,0x05,0x52,0x52,0x90,0x00,0x48,0x85,0xc0,0x74,0x1b,0x48,0x8b,0xd3,0x48,0x2b,
    0xd0,0x48,0x81,0xfa,0x88,0x13,0x00,0x00,0x7e,0x0c,0x48,0x8d,0x0d,0xef,0x88,0x6c,
    0x00,0xe8,0x3a,0x8a,0x00,0x00,0x8b,0x05,0x64,0x51,0x90,0x00,0x48,0x89,0x1d,0x25,
    0x52,0x90,0x00,0x83,0xf8,0x01,0x75,0x2f,0xe8,0x03,0x50,0x05,0x00,0xe8,0xde,0xf5,
    0xff,0xff,0xe8,0x99,0x4d,0x06,0x00,0xe8,0x74,0x06,0x05,0x00,0xb1,0x01,0xe8,0xfd,
    0x26,0x05,0x00,0xe8,0xd8,0x36,0x06,0x00,0xe8,0x03,0x8e,0x00,0x00,0x48,0x83,0xc4,
    0x20,0x5b,0xe9,0x39,0xb2,0x05,0x00,0x83,0xf8,0x02,0x75,0x42,0xb1,0x01,0xe8,0xdd,
    0x26,0x05,0x00,0xe8,0x28,0xb2,0x05,0x00,0xe8,0x43,0xb0,0x05,0x00,0x84,0xc0,0x75,
    0x2d,0x83,0x3d,0x0c,0x51,0x90,0x00,0x00,0x74,0x1a,0x4c,0x8d,0x05,0xd7,0x1e,0x3c,
    0x00,0x33,0xd2,0x33,0xc9,0xc7,0x05,0xf5,0x50,0x90,0x00,0x00,0x00,0x00,0x00,0xe8,
    0x5c,0x00,0x00,0x00,0x48,0x83,0xc4,0x20,0x5b,0xe9,0x32,0xfe,0xff,0xff,0x48,0x83,
    0xc4,0x20,0x5b,0xc3,
};
constexpr std::uint8_t kReportingBytes31[] = {
    0x40,0x53,0x48,0x83,0xec,0x20,0x0f,0xb6,0xd9,0xe8,0xd2,0xed,0xff,0xff,0x84,0xdb,
    0x74,0x0a,0x48,0x83,0xc4,0x20,0x5b,0xe9,0xf4,0xe0,0xff,0xff,0x48,0x83,0xc4,0x20,
    0x5b,0xc3,
};
constexpr std::uint8_t kReportingBytes32[] = {
    0x48,0x8b,0xc4,0x55,0x57,0x41,0x54,0x41,0x55,0x41,0x56,0x48,0x8d,0x68,0xa1,0x48,
    0x81,0xec,0x90,0x00,0x00,0x00,0x48,0xc7,0x45,0x0f,0xfe,0xff,0xff,0xff,0x48,0x89,
    0x58,0x10,0x48,0x89,0x70,0x18,0x0f,0x29,0x70,0xc8,0x48,0x8b,0x05,0x3f,0x09,0xa7,
    0x00,0x48,0x33,0xc4,0x48,0x89,0x45,0x1f,0x44,0x0f,0xb6,0xea,0x48,0x8b,0xf9,0x48,
    0x89,0x4d,0x17,0x48,0x8b,0x0d,0x8e,0xf9,0xd4,0x00,0x48,0x85,0xc9,0x0f,0x84,0x30,
    0x03,0x00,0x00,0xff,0x15,0x4f,0xb6,0x44,0x00,0x4c,0x8b,0xe0,0x48,0x85,0xc0,0x0f,
    0x84,0x1e,0x03,0x00,0x00,0x48,0x83,0x3d,0x7b,0xf9,0xd4,0x00,0x00,0x0f,0x84,0x10,
    0x03,0x00,0x00,0x45,0x33,0xf6,0x4c,0x89,0x75,0xcf,0x33,0xc9,0x48,0x89,0x4d,0xd7,
    0x33,0xd2,0x48,0x89,0x55,0xdf,0x48,0x39,0x57,0x10,0x74,0x3a,0x48,0x83,0x7f,0x18,
    0x10,0x72,0x05,0x48,0x8b,0x1f,0xeb,0x03,0x48,0x8b,0xdf,0xba,0x01,0x00,0x00,0x00,
    0x48,0x8d,0x4d,0xcf,0xe8,0xd7,0xfb,0x00,0x00,0x48,0x8b,0x4d,0xd7,0x48,0x85,0xc9,
    0x74,0x03,0x48,0x89,0x19,0x48,0x83,0xc1,0x08,0x48,0x89,0x4d,0xd7,0x4c,0x8b,0x75,
    0xcf,0xe9,0xda,0x01,0x00,0x00,0x48,0x8b,0x05,0x13,0xfb,0xd4,0x00,0x48,0x8b,0x18,
    0x48,0x3b,0xd8,0x0f,0x84,0xc7,0x01,0x00,0x00,0x49,0xb9,0xff,0xff,0xff,0xff,0xff,
    0xff,0xff,0x1f,0x48,0x8d,0x73,0x28,0x48,0x83,0x7e,0x18,0x10,0x72,0x03,0x48,0x8b,
    0x36,0x48,0x89,0x75,0xc7,0x48,0x8d,0x45,0xc7,0x48,0x3b,0xc1,0x0f,0x83,0x9f,0x00,
    0x00,0x00,0x48,0x8d,0x45,0xc7,0x4c,0x3b,0xf0,0x0f,0x87,0x92,0x00,0x00,0x00,0x48,
    0x8d,0x75,0xc7,0x49,0x2b,0xf6,0x48,0xc1,0xfe,0x03,0x48,0x3b,0xca,0x75,0x70,0x48,
    0x8b,0xc2,0x48,0x2b,0xc1,0x48,0xc1,0xf8,0x03,0x48,0x83,0xf8,0x01,0x73,0x60,0x49,
    0x2b,0xce,0x48,0xc1,0xf9,0x03,0x49,0x8b,0xc1,0x48,0x2b,0xc1,0x48,0x83,0xf8,0x01,
    0x0f,0x82,0x3e,0x01,0x00,0x00,0x4c,0x8d,0x41,0x01,0x49,0x2b,0xd6,0x48,0xc1,0xfa,
    0x03,0x48,0x8b,0xca,0x48,0xd1,0xe9,0x49,0x8b,0xc1,0x48,0x2b,0xc1,0x48,0x3b,0xc2,
    0x73,0x04,0x33,0xd2,0xeb,0x03,0x48,0x03,0xd1,0x49,0x3b,0xd0,0x49,0x0f,0x42,0xd0,
    0x48,0x8d,0x4d,0xcf,0xe8,0x07,0xfb,0x00,0x00,0x48,0x8b,0x55,0xdf,0x48,0x8b,0x4d,
    0xd7,0x4c,0x8b,0x75,0xcf,0x49,0xb9,0xff,0xff,0xff,0xff,0xff,0xff,0xff,0x1f,0x48,
    0x85,0xc9,0x0f,0x84,0x86,0x00,0x00,0x00,0x49,0x8b,0x04,0xf6,0x48,0x89,0x01,0xeb,
    0x7d,0x48,0x3b,0xca,0x75,0x70,0x48,0x8b,0xc2,0x48,0x2b,0xc1,0x48,0xc1,0xf8,0x03,
    0x48,0x83,0xf8,0x01,0x73,0x60,0x49,0x2b,0xce,0x48,0xc1,0xf9,0x03,0x49,0x8b,0xc1,
    0x48,0x2b,0xc1,0x48,0x83,0xf8,0x01,0x0f,0x82,0xc5,0x00,0x00,0x00,0x4c,0x8d,0x41,
    0x01,0x49,0x2b,0xd6,0x48,0xc1,0xfa,0x03,0x48,0x8b,0xca,0x48,0xd1,0xe9,0x49,0x8b,
    0xc1,0x48,0x2b,0xc1,0x48,0x3b,0xc2,0x73,0x04,0x33,0xd2,0xeb,0x03,0x48,0x03,0xd1,
    0x49,0x3b,0xd0,0x49,0x0f,0x42,0xd0,0x48,0x8d,0x4d,0xcf,0xe8,0x80,0xfa,0x00,0x00,
    0x48,0x8b,0x55,0xdf,0x48,0x8b,0x4d,0xd7,0x4c,0x8b,0x75,0xcf,0x49,0xb9,0xff,0xff,
    0xff,0xff,0xff,0xff,0xff,0x1f,0x48,0x85,0xc9,0x74,0x03,0x48,0x89,0x31,0x48,0x83,
    0xc1,0x08,0x48,0x89,0x4d,0xd7,0x80,0x7b,0x19,0x00,0x75,0x4a,0x48,0x8b,0x43,0x10,
    0x80,0x78,0x19,0x00,0x75,0x1a,0x48,0x8b,0xd8,0x48,0x8b,0x00,0x80,0x78,0x19,0x00,
    0x75,0x34,0x48,0x8b,0xd8,0x48,0x8b,0x00,0x80,0x78,0x19,0x00,0x74,0xf4,0xeb,0x26,
    0x48,0x8b,0x43,0x08,0x80,0x78,0x19,0x00,0x75,0x19,0x66,0x0f,0x1f,0x44,0x00,0x00,
    0x48,0x3b,0x58,0x10,0x75,0x0d,0x48,0x8b,0xd8,0x48,0x8b,0x40,0x08,0x80,0x78,0x19,
    0x00,0x74,0xed,0x48,0x8b,0xd8,0x48,0x3b,0x1d,0x63,0xf9,0xd4,0x00,0x74,0x21,0xe9,
    0x5f,0xfe,0xff,0xff,0x48,0x8d,0x0d,0xc5,0xca,0x86,0x00,0xff,0x15,0x87,0xba,0x44,
    0x00,0xcc,0x48,0x8d,0x0d,0xb7,0xca,0x86,0x00,0xff,0x15,0x79,0xba,0x44,0x00,0xcc,
    0xc7,0x45,0xe7,0x02,0x00,0x00,0x00,0x48,0x8b,0x05,0x3a,0xf7,0xd4,0x00,0x48,0x89,
    0x45,0xef,0x4c,0x89,0x75,0xf7,0x49,0x2b,0xce,0x48,0xc1,0xf9,0x03,0x89,0x4d,0xff,
    0x48,0xc7,0x45,0x07,0x00,0x00,0x00,0x00,0x4c,0x8d,0x0d,0x91,0x88,0x00,0x00,0x45,
    0x33,0xc0,0x48,0x8d,0x55,0xe7,0x49,0x8b,0xcc,0xff,0x15,0x91,0xb1,0x44,0x00,0x44,
    0x88,0x2d,0x14,0xf7,0xd4,0x00,0x45,0x84,0xed,0x74,0x1b,0xf3,0x0f,0x10,0x35,0x1d,
    0x6e,0x45,0x00,0x33,0xd2,0x0f,0x28,0xc6,0xe8,0xa3,0x23,0x00,0x00,0x80,0x3d,0xf6,
    0xf6,0xd4,0x00,0x00,0x75,0xed,0x48,0x8b,0xd7,0x48,0x8d,0x0d,0x28,0xf9,0xd4,0x00,
    0xe8,0x9b,0xf5,0x00,0x00,0x48,0x8b,0xd8,0x48,0x8b,0x0d,0x19,0xf9,0xd4,0x00,0x48,
    0x3b,0xc1,0x74,0x1b,0x48,0x8d,0x50,0x20,0x48,0x8b,0xcf,0xe8,0x60,0xf5,0x5e,0xff,
    0x48,0x8b,0x0d,0x01,0xf9,0xd4,0x00,0x85,0xc0,0x48,0x89,0x5d,0xc7,0x79,0x04,0x48,
    0x89,0x4d,0xc7,0x48,0x8d,0x45,0xc7,0x48,0x8b,0x00,0x48,0x3b,0xc1,0x74,0x26,0x0f,
    0xb6,0x58,0x40,0x4d,0x85,0xf6,0x74,0x09,0x49,0x8b,0xce,0xe8,0x20,0x47,0x60,0xff,
    0x90,0x48,0x83,0x7f,0x18,0x10,0x72,0x08,0x48,0x8b,0x0f,0xe8,0x10,0x47,0x60,0xff,
    0x0f,0xb6,0xc3,0xeb,0x1f,0x4d,0x85,0xf6,0x74,0x09,0x49,0x8b,0xce,0xe8,0xfe,0x46,
    0x60,0xff,0x90,0x48,0x83,0x7f,0x18,0x10,0x72,0x08,0x48,0x8b,0x0f,0xe8,0xee,0x46,
    0x60,0xff,0x32,0xc0,0x48,0xc7,0x47,0x18,0x0f,0x00,0x00,0x00,0x48,0xc7,0x47,0x10,
    0x00,0x00,0x00,0x00,0xc6,0x07,0x00,0x48,0x8b,0x4d,0x1f,0x48,0x33,0xcc,0xe8,0x3d,
    0xe6,0x2d,0x00,0x4c,0x8d,0x9c,0x24,0x90,0x00,0x00,0x00,0x49,0x8b,0x5b,0x38,0x49,
    0x8b,0x73,0x40,0x41,0x0f,0x28,0x73,0xf0,0x49,0x8b,0xe3,0x41,0x5e,0x41,0x5d,0x41,
    0x5c,0x5f,0x5d,0xc3,
};
constexpr std::uint8_t kReportingBytes33[] = {
    0x48,0x8b,0xc4,0x55,0x41,0x56,0x41,0x57,0x48,0x8d,0xa8,0x48,0xff,0xff,0xff,0x48,
    0x81,0xec,0xa0,0x01,0x00,0x00,0x48,0xc7,0x45,0x40,0xfe,0xff,0xff,0xff,0x48,0x89,
    0x58,0x08,0x48,0x89,0x70,0x10,0x48,0x89,0x78,0x18,0x0f,0x29,0x70,0xd8,0x48,0x8b,
    0x05,0xeb,0x00,0xa7,0x00,0x48,0x33,0xc4,0x48,0x89,0x85,0x88,0x00,0x00,0x00,0xba,
    0x08,0x00,0x00,0x00,0x8d,0x4a,0xf9,0xe8,0x34,0x43,0x60,0xff,0x45,0x33,0xf6,0x48,
    0x85,0xc0,0x74,0x0d,0x33,0xc9,0x88,0x08,0x48,0x89,0x05,0x69,0xf1,0xd4,0x00,0xeb,
    0x07,0x4c,0x89,0x35,0x60,0xf1,0xd4,0x00,0xba,0x08,0x00,0x00,0x00,0x8d,0x4a,0xf9,
    0xe8,0x0b,0x43,0x60,0xff,0x48,0x85,0xc0,0x74,0x0d,0x33,0xc9,0x88,0x08,0x48,0x89,
    0x05,0x4b,0xf1,0xd4,0x00,0xeb,0x07,0x4c,0x89,0x35,0x42,0xf1,0xd4,0x00,0x4c,0x89,
    0x35,0x43,0xf1,0xd4,0x00,0xba,0x08,0x00,0x00,0x00,0xb9,0x20,0x01,0x00,0x00,0xe8,
    0xdc,0x42,0x60,0xff,0x48,0x89,0x44,0x24,0x30,0x48,0x85,0xc0,0x74,0x0a,0x48,0x8b,
    0xc8,0xe8,0xea,0xb8,0xff,0xff,0xeb,0x03,0x49,0x8b,0xc6,0x48,0x89,0x05,0x26,0xf1,
    0xd4,0x00,0xba,0x08,0x00,0x00,0x00,0x8d,0x4a,0xf9,0xe8,0xb1,0x42,0x60,0xff,0x48,
    0x85,0xc0,0x74,0x0d,0x33,0xc9,0x88,0x08,0x48,0x89,0x05,0x11,0xf1,0xd4,0x00,0xeb,
    0x07,0x4c,0x89,0x35,0x08,0xf1,0xd4,0x00,0x4c,0x89,0x35,0x09,0xf1,0xd4,0x00,0x4c,
    0x89,0x35,0xca,0xf0,0xd4,0x00,0x4c,0x89,0x35,0x03,0xf1,0xd4,0x00,0x4c,0x89,0x35,
    0x04,0xf1,0xd4,0x00,0x4c,0x89,0x35,0x05,0xf1,0xd4,0x00,0xe8,0x30,0xed,0x65,0xff,
    0x48,0x8b,0xc8,0x48,0x8d,0x15,0xd6,0x47,0x77,0x00,0xe8,0x31,0x55,0x66,0xff,0x48,
    0x85,0xc0,0x0f,0x95,0x05,0x58,0xf0,0xd4,0x00,0x44,0x89,0x35,0x7c,0xf0,0xd4,0x00,
    0x44,0x89,0x35,0x79,0xf0,0xd4,0x00,0x48,0x8d,0x4c,0x24,0x50,0xe8,0xbf,0xc4,0x15,
    0x00,0x48,0x8d,0x05,0x98,0x02,0x01,0x00,0x48,0x89,0x44,0x24,0x50,0x48,0x8d,0x05,
    0xfc,0x03,0x01,0x00,0x48,0x89,0x44,0x24,0x58,0x48,0x8d,0x4c,0x24,0x50,0xe8,0x9d,
    0xc5,0x15,0x00,0x48,0x8d,0x4c,0x24,0x40,0xe8,0x93,0xc4,0x15,0x00,0x48,0x8d,0x05,
    0xbc,0x07,0x01,0x00,0x48,0x89,0x44,0x24,0x40,0x48,0x8d,0x05,0x50,0x0b,0x01,0x00,
    0x48,0x89,0x44,0x24,0x48,0x48,0x8d,0x4c,0x24,0x40,0xe8,0x61,0xc5,0x15,0x00,0x80,
    0x3d,0xeb,0xef,0xd4,0x00,0x00,0x0f,0x85,0xa2,0x07,0x00,0x00,0x48,0x8d,0x15,0xdd,
    0x47,0x77,0x00,0x48,0x8d,0x4d,0x48,0xe8,0xb4,0x68,0x00,0x00,0x48,0x8b,0xd8,0x48,
    0x8d,0x35,0x12,0xb3,0xa5,0x00,0x48,0x3b,0xf0,0x74,0x3a,0x48,0x83,0x3d,0x1d,0xb3,
    0xa5,0x00,0x10,0x72,0x0c,0x48,0x8b,0x0d,0xfc,0xb2,0xa5,0x00,0xe8,0x5f,0x40,0x60,
    0xff,0x48,0xc7,0x05,0x04,0xb3,0xa5,0x00,0x0f,0x00,0x00,0x00,0x4c,0x89,0x35,0xf5,
    0xb2,0xa5,0x00,0xc6,0x05,0xde,0xb2,0xa5,0x00,0x00,0x48,0x8b,0xd3,0x48,0x8b,0xce,
    0xe8,0x8b,0x86,0x5b,0xff,0x48,0x83,0x7d,0x60,0x10,0x72,0x09,0x48,0x8b,0x4d,0x48,
    0xe8,0x2b,0x40,0x60,0xff,0x48,0x8d,0x15,0x84,0x47,0x77,0x00,0x48,0x8d,0x4d,0x48,
    0xe8,0x4b,0x68,0x00,0x00,0x48,0x8b,0xd8,0x4c,0x8d,0x3d,0x29,0xb3,0xa5,0x00,0x4c,
    0x3b,0xf8,0x74,0x3a,0x48,0x83,0x3d,0x34,0xb3,0xa5,0x00,0x10,0x72,0x0c,0x48,0x8b,
    0x0d,0x13,0xb3,0xa5,0x00,0xe8,0xf6,0x3f,0x60,0xff,0x48,0xc7,0x05,0x1b,0xb3,0xa5,
    0x00,0x0f,0x00,0x00,0x00,0x4c,0x89,0x35,0x0c,0xb3,0xa5,0x00,0xc6,0x05,0xf5,0xb2,
    0xa5,0x00,0x00,0x48,0x8b,0xd3,0x49,0x8b,0xcf,0xe8,0x22,0x86,0x5b,0xff,0x48,0x83,
    0x7d,0x60,0x10,0x72,0x09,0x48,0x8b,0x4d,0x48,0xe8,0xc2,0x3f,0x60,0xff,0x48,0x8d,
    0x15,0x2b,0x47,0x77,0x00,0x48,0x8d,0x4d,0x48,0xe8,0xe2,0x67,0x00,0x00,0x48,0x8b,
    0xd8,0x48,0x8d,0x3d,0x80,0xb2,0xa5,0x00,0x48,0x3b,0xf8,0x74,0x3a,0x48,0x83,0x3d,
    0x8b,0xb2,0xa5,0x00,0x10,0x72,0x0c,0x48,0x8b,0x0d,0x6a,0xb2,0xa5,0x00,0xe8,0x8d,
    0x3f,0x60,0xff,0x48,0xc7,0x05,0x72,0xb2,0xa5,0x00,0x0f,0x00,0x00,0x00,0x4c,0x89,
    0x35,0x63,0xb2,0xa5,0x00,0xc6,0x05,0x4c,0xb2,0xa5,0x00,0x00,0x48,0x8b,0xd3,0x48,
    0x8b,0xcf,0xe8,0xb9,0x85,0x5b,0xff,0x48,0x83,0x7d,0x60,0x10,0x72,0x09,0x48,0x8b,
    0x4d,0x48,0xe8,0x59,0x3f,0x60,0xff,0x48,0xc7,0x85,0x80,0x00,0x00,0x00,0x0f,0x00,
    0x00,0x00,0x4c,0x89,0x75,0x78,0xc6,0x45,0x68,0x00,0x48,0x83,0xcb,0xff,0x48,0x8b,
    0x15,0x13,0xb0,0xa5,0x00,0x80,0x3a,0x00,0x75,0x05,0x4d,0x8b,0xc6,0xeb,0x0d,0x4c,
    0x8b,0xc3,0x49,0xff,0xc0,0x42,0x80,0x3c,0x02,0x00,0x75,0xf6,0x48,0x8d,0x4d,0x68,
    0xe8,0x4b,0x8a,0x5b,0xff,0x90,0x48,0x8d,0x55,0x68,0x48,0x8d,0x4c,0x24,0x30,0xe8,
    0x9c,0xd6,0xff,0xff,0x90,0x48,0x8d,0x3d,0xd4,0xab,0x45,0x00,0x83,0x78,0x08,0x00,
    0x74,0x05,0x4c,0x8b,0x08,0xeb,0x03,0x4c,0x8b,0xcf,0x4c,0x8d,0x05,0xef,0x46,0x77,
    0x00,0xba,0x51,0x03,0x00,0x00,0x48,0x8b,0x0d,0xfb,0x5f,0xa2,0x00,0xe8,0xae,0x39,
    0x65,0xff,0x90,0x4c,0x89,0x74,0x24,0x38,0x48,0x8b,0x4c,0x24,0x30,0x48,0x85,0xc9,
    0x74,0x0a,0xe8,0xc9,0x3e,0x60,0xff,0x4c,0x89,0x74,0x24,0x30,0x48,0x83,0xbd,0x80,
    0x00,0x00,0x00,0x10,0x72,0x09,0x48,0x8b,0x4d,0x68,0xe8,0xb1,0x3e,0x60,0xff,0x48,
    0xc7,0x85,0x80,0x00,0x00,0x00,0x0f,0x00,0x00,0x00,0x4c,0x89,0x75,0x78,0xc6,0x45,
    0x68,0x00,0x48,0x8b,0x15,0x77,0xaf,0xa5,0x00,0x80,0x3a,0x00,0x75,0x05,0x4d,0x8b,
    0xc6,0xeb,0x0d,0x4c,0x8b,0xc3,0x49,0xff,0xc0,0x42,0x80,0x3c,0x02,0x00,0x75,0xf6,
    0x48,0x8d,0x4d,0x68,0xe8,0xa7,0x89,0x5b,0xff,0x90,0x48,0x8d,0x55,0x68,0x48,0x8d,
    0x4c,0x24,0x30,0xe8,0xf8,0xd5,0xff,0xff,0x90,0x83,0x78,0x08,0x00,0x74,0x05,0x4c,
    0x8b,0x08,0xeb,0x03,0x4c,0x8b,0xcf,0x4c,0x8d,0x05,0x8a,0x46,0x77,0x00,0xba,0x51,
    0x03,0x00,0x00,0x48,0x8b,0x0d,0x5e,0x5f,0xa2,0x00,0xe8,0x11,0x39,0x65,0xff,0x90,
    0x4c,0x89,0x74,0x24,0x38,0x48,0x8b,0x4c,0x24,0x30,0x48,0x85,0xc9,0x74,0x0a,0xe8,
    0x2c,0x3e,0x60,0xff,0x4c,0x89,0x74,0x24,0x30,0x48,0x83,0xbd,0x80,0x00,0x00,0x00,
    0x10,0x72,0x09,0x48,0x8b,0x4d,0x68,0xe8,0x14,0x3e,0x60,0xff,0x48,0xc7,0x85,0x80,
    0x00,0x00,0x00,0x0f,0x00,0x00,0x00,0x4c,0x89,0x75,0x78,0xc6,0x45,0x68,0x00,0x48,
    0x8b,0x15,0xea,0xae,0xa5,0x00,0x80,0x3a,0x00,0x75,0x05,0x4d,0x8b,0xc6,0xeb,0x0d,
    0x4c,0x8b,0xc3,0x49,0xff,0xc0,0x42,0x80,0x3c,0x02,0x00,0x75,0xf6,0x48,0x8d,0x4d,
    0x68,0xe8,0x0a,0x89,0x5b,0xff,0x90,0x48,0x8d,0x55,0x68,0x48,0x8d,0x4c,0x24,0x30,
    0xe8,0x5b,0xd5,0xff,0xff,0x90,0x83,0x78,0x08,0x00,0x74,0x05,0x4c,0x8b,0x08,0xeb,
    0x03,0x4c,0x8b,0xcf,0x4c,0x8d,0x05,0x25,0x46,0x77,0x00,0xba,0x51,0x03,0x00,0x00,
    0x48,0x8b,0x0d,0xc1,0x5e,0xa2,0x00,0xe8,0x74,0x38,0x65,0xff,0x90,0x4c,0x89,0x74,
    0x24,0x38,0x48,0x8b,0x4c,0x24,0x30,0x48,0x85,0xc9,0x74,0x0a,0xe8,0x8f,0x3d,0x60,
    0xff,0x4c,0x89,0x74,0x24,0x30,0x48,0x83,0xbd,0x80,0x00,0x00,0x00,0x10,0x72,0x09,
    0x48,0x8b,0x4d,0x68,0xe8,0x77,0x3d,0x60,0xff,0x48,0xc7,0x85,0x80,0x00,0x00,0x00,
    0x0f,0x00,0x00,0x00,0x4c,0x89,0x75,0x78,0xc6,0x45,0x68,0x00,0x48,0xc7,0x45,0x60,
    0x0f,0x00,0x00,0x00,0x4c,0x89,0x75,0x58,0xc6,0x45,0x48,0x00,0x48,0x8b,0x15,0x8d,
    0xae,0xa5,0x00,0x80,0x3a,0x00,0x75,0x05,0x4d,0x8b,0xc6,0xeb,0x0d,0x4c,0x8b,0xc3,
    0x49,0xff,0xc0,0x42,0x80,0x3c,0x02,0x00,0x75,0xf6,0x48,0x8d,0x4d,0x48,0xe8,0x5d,
    0x88,0x5b,0xff,0x90,0x48,0x8d,0x55,0x48,0x48,0x8d,0x4c,0x24,0x20,0xe8,0xae,0xd4,
    0xff,0xff,0x90,0x83,0x78,0x08,0x00,0x74,0x05,0x4c,0x8b,0x08,0xeb,0x03,0x4c,0x8b,
    0xcf,0x4c,0x8d,0x05,0xa8,0x45,0x77,0x00,0xba,0x51,0x03,0x00,0x00,0x48,0x8b,0x0d,
    0x14,0x5e,0xa2,0x00,0xe8,0xc7,0x37,0x65,0xff,0x90,0x4c,0x89,0x74,0x24,0x28,0x48,
    0x8b,0x4c,0x24,0x20,0x48,0x85,0xc9,0x74,0x0a,0xe8,0xe2,0x3c,0x60,0xff,0x4c,0x89,
    0x74,0x24,0x20,0x48,0x83,0x7d,0x60,0x10,0x72,0x09,0x48,0x8b,0x4d,0x48,0xe8,0xcd,
    0x3c,0x60,0xff,0x49,0x8b,0xd7,0x48,0x8d,0x4c,0x24,0x20,0xe8,0xe0,0xc8,0x00,0x00,
    0x90,0x83,0x78,0x08,0x00,0x74,0x05,0x4c,0x8b,0x08,0xeb,0x03,0x4c,0x8b,0xcf,0x4c,
    0x8d,0x05,0x7a,0x45,0x77,0x00,0xba,0x51,0x03,0x00,0x00,0x48,0x8b,0x0d,0xb6,0x5d,
    0xa2,0x00,0xe8,0x69,0x37,0x65,0xff,0x90,0x4c,0x89,0x74,0x24,0x28,0x48,0x8b,0x4c,
    0x24,0x20,0x48,0x85,0xc9,0x74,0x05,0xe8,0x84,0x3c,0x60,0xff,0x48,0xc7,0x45,0x60,
    0x0f,0x00,0x00,0x00,0x4c,0x89,0x75,0x58,0xc6,0x45,0x48,0x00,0x48,0x8b,0x15,0x6d,
    0xad,0xa5,0x00,0x80,0x3a,0x00,0x75,0x05,0x4d,0x8b,0xc6,0xeb,0x0d,0x4c,0x8b,0xc3,
    0x49,0xff,0xc0,0x42,0x80,0x3c,0x02,0x00,0x75,0xf6,0x48,0x8d,0x4d,0x48,0xe8,0x7d,
    0x87,0x5b,0xff,0x90,0x48,0x8d,0x55,0x48,0x48,0x8d,0x4c,0x24,0x20,0xe8,0xce,0xd3,
    0xff,0xff,0x90,0x83,0x78,0x08,0x00,0x74,0x05,0x4c,0x8b,0x08,0xeb,0x03,0x4c,0x8b,
    0xcf,0x4c,0x8d,0x05,0x38,0x45,0x77,0x00,0xba,0x51,0x03,0x00,0x00,0x48,0x8b,0x0d,
    0x34,0x5d,0xa2,0x00,0xe8,0xe7,0x36,0x65,0xff,0x90,0x4c,0x89,0x74,0x24,0x28,0x48,
    0x8b,0x4c,0x24,0x20,0x48,0x85,0xc9,0x74,0x0a,0xe8,0x02,0x3c,0x60,0xff,0x4c,0x89,
    0x74,0x24,0x20,0x48,0x83,0x7d,0x60,0x10,0x72,0x09,0x48,0x8b,0x4d,0x48,0xe8,0xed,
    0x3b,0x60,0xff,0x48,0xc7,0x45,0x60,0x0f,0x00,0x00,0x00,0x4c,0x89,0x75,0x58,0xc6,
    0x45,0x48,0x00,0x48,0x8b,0x15,0xde,0xac,0xa5,0x00,0x80,0x3a,0x00,0x75,0x05,0x4d,
    0x8b,0xc6,0xeb,0x16,0x4c,0x8b,0xc3,0x66,0x0f,0x1f,0x84,0x00,0x00,0x00,0x00,0x00,
    0x49,0xff,0xc0,0x42,0x80,0x3c,0x02,0x00,0x75,0xf6,0x48,0x8d,0x4d,0x48,0xe8,0xdd,
    0x86,0x5b,0xff,0x90,0x48,0x8d,0x55,0x48,0x48,0x8d,0x4c,0x24,0x20,0xe8,0x2e,0xd3,
    0xff,0xff,0x90,0x83,0x78,0x08,0x00,0x74,0x05,0x4c,0x8b,0x08,0xeb,0x03,0x4c,0x8b,
    0xcf,0x4c,0x8d,0x05,0x48,0x45,0x77,0x00,0xba,0x51,0x03,0x00,0x00,0x48,0x8b,0x0d,
    0x94,0x5c,0xa2,0x00,0xe8,0x47,0x36,0x65,0xff,0x90,0x4c,0x89,0x74,0x24,0x28,0x48,
    0x8b,0x4c,0x24,0x20,0x48,0x85,0xc9,0x74,0x0a,0xe8,0x62,0x3b,0x60,0xff,0x4c,0x89,
    0x74,0x24,0x20,0x48,0x83,0x7d,0x60,0x10,0x72,0x09,0x48,0x8b,0x4d,0x48,0xe8,0x4d,
    0x3b,0x60,0xff,0x48,0x83,0x3d,0xf5,0xad,0xa5,0x00,0x10,0x48,0x0f,0x43,0x35,0xd5,
    0xad,0xa5,0x00,0x48,0xc7,0x45,0x60,0x0f,0x00,0x00,0x00,0x4c,0x89,0x75,0x58,0xc6,
    0x45,0x48,0x00,0x80,0x3e,0x00,0x75,0x08,0x49,0x8b,0xde,0xeb,0x0c,0x0f,0x1f,0x00,
    0x48,0xff,0xc3,0x80,0x3c,0x1e,0x00,0x75,0xf7,0x4c,0x8b,0xc3,0x48,0x8b,0xd6,0x48,
    0x8d,0x4d,0x48,0xe8,0x38,0x86,0x5b,0xff,0x90,0x48,0x8d,0x55,0x48,0x48,0x8d,0x4c,
    0x24,0x20,0xe8,0x89,0xd2,0xff,0xff,0x90,0x83,0x78,0x08,0x00,0x74,0x03,0x48,0x8b,
    0x38,0x4c,0x8b,0xcf,0x4c,0x8d,0x05,0xfd,0x44,0x77,0x00,0xba,0x51,0x03,0x00,0x00,
    0x48,0x8b,0x0d,0xf1,0x5b,0xa2,0x00,0xe8,0xa4,0x35,0x65,0xff,0x90,0x4c,0x89,0x74,
    0x24,0x28,0x48,0x8b,0x4c,0x24,0x20,0x48,0x85,0xc9,0x74,0x0a,0xe8,0xbf,0x3a,0x60,
    0xff,0x4c,0x89,0x74,0x24,0x20,0x48,0x83,0x7d,0x60,0x10,0x72,0x09,0x48,0x8b,0x4d,
    0x48,0xe8,0xaa,0x3a,0x60,0xff,0xc7,0x44,0x24,0x60,0x03,0x00,0x00,0x00,0x4c,0x89,
    0x74,0x24,0x68,0x4c,0x89,0x74,0x24,0x70,0x4c,0x89,0x74,0x24,0x78,0x48,0x8b,0x05,
    0x64,0xab,0xa5,0x00,0x48,0x89,0x45,0x80,0x48,0x8b,0x05,0x61,0xab,0xa5,0x00,0x48,
    0x89,0x45,0x88,0x0f,0x57,0xc0,0x66,0x0f,0x7f,0x45,0x90,0x48,0x8d,0x4c,0x24,0x60,
    0xff,0x15,0x02,0xa6,0x44,0x00,0x48,0x8b,0x0d,0x7b,0x5b,0xa2,0x00,0x85,0xc0,0x74,
    0x22,0x4c,0x8d,0x05,0x78,0x46,0x77,0x00,0x44,0x8b,0xc8,0xba,0x15,0x03,0x00,0x00,
    0xe8,0x1b,0x35,0x65,0xff,0xc6,0x05,0x42,0xea,0xd4,0x00,0x01,0x32,0xc0,0xe9,0x0b,
    0x03,0x00,0x00,0x4c,0x8d,0x05,0x7e,0x44,0x77,0x00,0xba,0x51,0x03,0x00,0x00,0xe8,
    0xfc,0x34,0x65,0xff,0xc7,0x45,0xb0,0x07,0x00,0x00,0x00,0x4c,0x89,0x75,0xb8,0x48,
    0x8b,0x05,0x0a,0xab,0xa5,0x00,0x48,0x89,0x45,0xc0,0x48,0x8b,0x05,0x4f,0xab,0xa5,
    0x00,0x48,0x89,0x45,0xc8,0x48,0x8b,0x05,0x04,0xab,0xa5,0x00,0x48,0x89,0x45,0xd0,
    0x48,0x8b,0x05,0x01,0xab,0xa5,0x00,0x48,0x89,0x45,0xd8,0x44,0x89,0x75,0xe0,0x4c,
    0x89,0x75,0xe8,0x0f,0x57,0xc0,0x66,0x0f,0x7f,0x45,0xf0,0x48,0x8b,0x05,0xd6,0xaa,
    0xa5,0x00,0x48,0x89,0x45,0x00,0x48,0xc7,0x45,0x08,0x04,0x00,0x00,0x00,0x4c,0x89,
    0x75,0x10,0x44,0x89,0x75,0x18,0x48,0x83,0x3d,0x1a,0xe9,0xd4,0x00,0x00,0x74,0x18,
    0x4c,0x8d,0x05,0x79,0x47,0x77,0x00,0xba,0x15,0x03,0x00,0x00,0x48,0x8b,0x0d,0xc5,
    0x5a,0xa2,0x00,0xe8,0x78,0x34,0x65,0xff,0x48,0x8d,0x4d,0xb0,0xff,0x15,0x46,0xa5,
    0x44,0x00,0x48,0x89,0x05,0xef,0xe8,0xd4,0x00,0x48,0x8b,0x0d,0xa8,0x5a,0xa2,0x00,
    0x48,0x85,0xc0,0x75,0x1f,0x4c,0x8d,0x05,0x94,0x47,0x77,0x00,0xba,0x15,0x03,0x00,
    0x00,0xe8,0x4a,0x34,0x65,0xff,0xc6,0x05,0x71,0xe9,0xd4,0x00,0x01,0x32,0xc0,0xe9,
    0x3a,0x02,0x00,0x00,0x4c,0x8d,0x05,0x4d,0x45,0x77,0x00,0xba,0x51,0x03,0x00,0x00,
    0xe8,0x2b,0x34,0x65,0xff,0xc7,0x05,0xcd,0xe8,0xd4,0x00,0x01,0x00,0x00,0x00,0x4c,
    0x8d,0x05,0x1a,0x48,0x77,0x00,0xba,0x51,0x03,0x00,0x00,0x48,0x8b,0x0d,0x56,0x5a,
    0xa2,0x00,0xe8,0x09,0x34,0x65,0xff,0x48,0x8d,0x0d,0xc2,0x0c,0x00,0x00,0xff,0x15,
    0x8c,0xa3,0x44,0x00,0x48,0x8b,0x0d,0x3d,0x5a,0xa2,0x00,0x85,0xc0,0x74,0x09,0x4c,
    0x8d,0x05,0x3a,0x48,0x77,0x00,0xeb,0x94,0x4c,0x8d,0x05,0x69,0x47,0x77,0x00,0xba,
    0x51,0x03,0x00,0x00,0xe8,0xd7,0x33,0x65,0xff,0xba,0x58,0x02,0x00,0x00,0xb9,0xff,
    0xff,0xff,0x7f,0xff,0x15,0x4f,0xa3,0x44,0x00,0xe9,0x82,0x01,0x00,0x00,0xc7,0x44,
    0x24,0x60,0x03,0x00,0x00,0x00,0x4c,0x89,0x74,0x24,0x68,0x4c,0x89,0x74,0x24,0x70,
    0x4c,0x89,0x74,0x24,0x78,0x48,0x8b,0x05,0xac,0xa9,0xa5,0x00,0x48,0x89,0x45,0x80,
    0x48,0x8b,0x05,0xa9,0xa9,0xa5,0x00,0x48,0x89,0x45,0x88,0x0f,0x57,0xc0,0x66,0x0f,
    0x7f,0x45,0x90,0x48,0x8d,0x4c,0x24,0x60,0xff,0x15,0x4a,0xa4,0x44,0x00,0x48,0x8b,
    0x0d,0xc3,0x59,0xa2,0x00,0x85,0xc0,0x74,0x0c,0x4c,0x8d,0x05,0x10,0x48,0x77,0x00,
    0xe9,0x43,0xfe,0xff,0xff,0x4c,0x8d,0x05,0x1c,0x46,0x77,0x00,0xba,0x51,0x03,0x00,
    0x00,0xe8,0x5a,0x33,0x65,0xff,0x48,0x8d,0x0d,0x13,0x0c,0x00,0x00,0xff,0x15,0xdd,
    0xa2,0x44,0x00,0x48,0x8b,0x0d,0x8e,0x59,0xa2,0x00,0x85,0xc0,0x74,0x16,0x4c,0x8d,
    0x05,0x2b,0x48,0x77,0x00,0xba,0x15,0x03,0x00,0x00,0xe8,0x31,0x33,0x65,0xff,0xe9,
    0x11,0xfe,0xff,0xff,0x4c,0x8d,0x05,0x65,0x48,0x77,0x00,0xba,0x51,0x03,0x00,0x00,
    0xe8,0x1b,0x33,0x65,0xff,0xba,0x58,0x02,0x00,0x00,0xb9,0xff,0xff,0xff,0x7f,0xff,
    0x15,0x93,0xa2,0x44,0x00,0xc7,0x45,0xb0,0x07,0x00,0x00,0x00,0x4c,0x89,0x75,0xb8,
    0x48,0x8b,0x05,0x19,0xa9,0xa5,0x00,0x48,0x89,0x45,0xc0,0x48,0x8b,0x05,0x5e,0xa9,
    0xa5,0x00,0x48,0x89,0x45,0xc8,0x48,0x8b,0x05,0x23,0xa9,0xa5,0x00,0x48,0x89,0x45,
    0xd0,0x48,0x8b,0x05,0x20,0xa9,0xa5,0x00,0x48,0x89,0x45,0xd8,0xc7,0x45,0xe0,0x01,
    0x00,0x00,0x00,0x4c,0x89,0x75,0xe8,0x0f,0x57,0xc0,0x66,0x0f,0x7f,0x45,0xf0,0x48,
    0x8b,0x05,0xe2,0xa8,0xa5,0x00,0x48,0x89,0x45,0x00,0x48,0xc7,0x45,0x08,0x06,0x00,
    0x00,0x00,0x4c,0x89,0x75,0x10,0x44,0x89,0x75,0x18,0x48,0x83,0x3d,0x26,0xe7,0xd4,
    0x00,0x00,0x74,0x18,0x4c,0x8d,0x05,0x15,0x48,0x77,0x00,0xba,0x15,0x03,0x00,0x00,
    0x48,0x8b,0x0d,0xd1,0x58,0xa2,0x00,0xe8,0x84,0x32,0x65,0xff,0x48,0x8d,0x4d,0xb0,
    0xff,0x15,0x52,0xa3,0x44,0x00,0x48,0x89,0x05,0xfb,0xe6,0xd4,0x00,0x48,0x8b,0x0d,
    0xb4,0x58,0xa2,0x00,0x48,0x85,0xc0,0x75,0x16,0x4c,0x8d,0x05,0x30,0x48,0x77,0x00,
    0xba,0x15,0x03,0x00,0x00,0xe8,0x56,0x32,0x65,0xff,0xe9,0x36,0xfd,0xff,0xff,0x4c,
    0x8d,0x05,0x12,0x46,0x77,0x00,0xba,0x51,0x03,0x00,0x00,0xe8,0x40,0x32,0x65,0xff,
    0xc7,0x05,0xe6,0xe6,0xd4,0x00,0x01,0x00,0x00,0x00,0x80,0x3d,0xb0,0xe6,0xd4,0x00,
    0x00,0x0f,0x85,0x15,0xfd,0xff,0xff,0xf3,0x0f,0x10,0x35,0xe1,0x5d,0x45,0x00,0x90,
    0x80,0x3d,0x46,0xe7,0xd4,0x00,0x00,0x75,0x13,0x33,0xd2,0x0f,0x28,0xc6,0xe8,0x5d,
    0x13,0x00,0x00,0x83,0x3d,0xb6,0xe6,0xd4,0x00,0x03,0x75,0xe4,0xb0,0x01,0x48,0x8b,
    0x8d,0x88,0x00,0x00,0x00,0x48,0x33,0xcc,0xe8,0x93,0xd6,0x2d,0x00,0x4c,0x8d,0x9c,
    0x24,0xa0,0x01,0x00,0x00,0x49,0x8b,0x5b,0x20,0x49,0x8b,0x73,0x28,0x49,0x8b,0x7b,
    0x30,0x41,0x0f,0x28,0x73,0xf0,0x49,0x8b,0xe3,0x41,0x5f,0x41,0x5e,0x5d,0xc3,
};
constexpr std::uint8_t kReportingBytes34[] = {
    0x48,0x83,0xec,0x28,0x83,0x3d,0xe5,0xfa,0xd4,0x00,0x00,0x75,0x07,0xb0,0x01,0x48,
    0x83,0xc4,0x28,0xc3,0x48,0x89,0x5c,0x24,0x20,0xe8,0xa2,0x08,0x16,0x00,0x85,0xc0,
    0x0f,0x94,0xc0,0x83,0x3d,0xc6,0xfa,0xd4,0x00,0x05,0x0f,0x94,0xc3,0x84,0xc0,0x74,
    0x3a,0x33,0xc9,0x8b,0xc1,0x38,0x05,0x3e,0xfb,0xd4,0x00,0x0f,0x94,0xc0,0x84,0xdb,
    0x0f,0x94,0xc1,0x85,0xc1,0x74,0x24,0x48,0x8b,0x0d,0x3a,0x6c,0xa2,0x00,0x4c,0x8d,
    0x05,0x83,0x64,0x77,0x00,0xba,0x51,0x03,0x00,0x00,0xe8,0xe1,0x45,0x65,0xff,0xe8,
    0x1c,0xc9,0x15,0x00,0xc6,0x05,0x0e,0xfb,0xd4,0x00,0x01,0x84,0xdb,0x75,0x05,0xe8,
    0xfc,0xcd,0x15,0x00,0x0f,0xb6,0xc3,0x48,0x8b,0x5c,0x24,0x20,0x48,0x83,0xc4,0x28,
    0xc3,
};
constexpr std::uint8_t kReportingBytes35[] = {
    0x48,0x83,0xec,0x38,0x48,0x8b,0x0d,0xcd,0x19,0x3c,0x01,0x4c,0x8d,0x05,0x2e,0x5e,
    0xe1,0x00,0xba,0xfb,0x02,0x00,0x00,0xe8,0x74,0xf3,0xfe,0xff,0xe8,0x6f,0xb5,0x01,
    0x00,0x48,0x8b,0x0d,0x30,0x4d,0x6c,0x01,0x48,0x85,0xc9,0x74,0x06,0x48,0x8b,0x01,
    0xff,0x50,0x10,0x83,0x3d,0xae,0x3a,0x41,0x01,0x00,0x74,0x14,0xe8,0x7f,0xb3,0x99,
    0x00,0xe8,0x7a,0xc1,0x99,0x00,0xc7,0x05,0x98,0x3a,0x41,0x01,0x00,0x00,0x00,0x00,
    0x83,0x3d,0x95,0x3a,0x41,0x01,0x00,0x74,0x3d,0xe8,0xf2,0xb4,0x99,0x00,0xc7,0x05,
    0x84,0x3a,0x41,0x01,0x00,0x00,0x00,0x00,0xe8,0xe3,0xac,0x99,0x00,0x84,0xc0,0x75,
    0x25,0x0f,0x29,0x74,0x24,0x20,0xf3,0x0f,0x10,0x35,0x86,0x86,0xe1,0x00,0x66,0x90,
    0x0f,0x28,0xc6,0xe8,0x88,0xc3,0x03,0x00,0xe8,0xc3,0xac,0x99,0x00,0x84,0xc0,0x74,
    0xef,0x0f,0x28,0x74,0x24,0x20,0x48,0x83,0xc4,0x38,0xc3,
};
constexpr std::uint8_t kReportingBytes36[] = {
    0x40,0x53,0x48,0x83,0xec,0x20,0xe8,0xa5,0x00,0x16,0x00,0x48,0x8b,0x1d,0x6e,0xf3,
    0xd4,0x00,0x48,0x85,0xdb,0x74,0x10,0x48,0x8b,0xcb,0xe8,0x51,0xc6,0xff,0xff,0x48,
    0x8b,0xcb,0xe8,0x49,0x43,0x60,0xff,0x48,0x8b,0x1d,0x5a,0xf3,0xd4,0x00,0x48,0xc7,
    0x05,0x47,0xf3,0xd4,0x00,0x00,0x00,0x00,0x00,0x48,0x85,0xdb,0x74,0x10,0x48,0x8b,
    0xcb,0xe8,0xba,0xc6,0xff,0xff,0x48,0x8b,0xcb,0xe8,0x22,0x43,0x60,0xff,0x48,0xc7,
    0x05,0x2f,0xf3,0xd4,0x00,0x00,0x00,0x00,0x00,0xe8,0x12,0x0c,0x00,0x00,0x80,0x3d,
    0x13,0xf3,0xd4,0x00,0x00,0x74,0x12,0xff,0x15,0xd3,0xc1,0x44,0x00,0x48,0x83,0xc4,
    0x20,0x5b,0x48,0xff,0x25,0xdf,0xc1,0x44,0x00,0x48,0x83,0xc4,0x20,0x5b,0xc3,
};
constexpr std::uint8_t kReportingBytes37[] = {
    0x40,0x53,0x48,0x83,0xec,0x20,0xe8,0x35,0x02,0x16,0x00,0x48,0x8b,0x1d,0xfe,0xf4,
    0xd4,0x00,0x48,0x85,0xdb,0x74,0x10,0x48,0x8b,0xcb,0xe8,0xe1,0xc7,0xff,0xff,0x48,
    0x8b,0xcb,0xe8,0xd9,0x44,0x60,0xff,0x48,0x8b,0x1d,0xea,0xf4,0xd4,0x00,0x48,0xc7,
    0x05,0xd7,0xf4,0xd4,0x00,0x00,0x00,0x00,0x00,0x48,0x85,0xdb,0x74,0x10,0x48,0x8b,
    0xcb,0xe8,0x4a,0xc8,0xff,0xff,0x48,0x8b,0xcb,0xe8,0xb2,0x44,0x60,0xff,0x48,0xc7,
    0x05,0xbf,0xf4,0xd4,0x00,0x00,0x00,0x00,0x00,0x48,0x83,0xc4,0x20,0x5b,0xc3,
};
constexpr std::uint8_t kReportingBytes38[] = {
    0x48,0x8b,0xc4,0xf3,0x0f,0x11,0x50,0x18,0x55,0x53,0x56,0x57,0x41,0x54,0x41,0x55,
    0x41,0x56,0x41,0x57,0x48,0x8d,0x68,0xa1,0x48,0x81,0xec,0xd8,0x00,0x00,0x00,0x48,
    0xc7,0x45,0xe7,0xfe,0xff,0xff,0xff,0x0f,0x29,0x70,0xa8,0x0f,0x29,0x78,0x98,0x44,
    0x8b,0xfa,0x4c,0x8b,0xe9,0x33,0xd2,0xe8,0x74,0x4f,0x37,0x00,0x4c,0x8b,0xe0,0x48,
    0x89,0x45,0xd7,0x33,0xff,0x48,0x8b,0x15,0xec,0x25,0x19,0x01,0x39,0xba,0x70,0x06,
    0x00,0x00,0x0f,0x8e,0x93,0x00,0x00,0x00,0x33,0xdb,0x66,0x0f,0x1f,0x44,0x00,0x00,
    0x48,0x8b,0x8a,0x68,0x06,0x00,0x00,0x48,0x83,0x3c,0x0b,0x00,0x74,0x4d,0x48,0x8b,
    0x04,0x0b,0x48,0x83,0x78,0x68,0x00,0x74,0x42,0x48,0x8b,0x48,0x68,0x48,0x8b,0x01,
    0xff,0x90,0xa0,0x07,0x00,0x00,0x85,0xc0,0x74,0x2a,0x48,0x8b,0x05,0xa7,0x25,0x19,
    0x01,0x48,0x8b,0x88,0x68,0x06,0x00,0x00,0x48,0x8b,0x0c,0x0b,0x48,0x8b,0x49,0x68,
    0xe8,0xbb,0x35,0xea,0xff,0x48,0x85,0xc0,0x74,0x0a,0x48,0x83,0xb8,0x6c,0x02,0x00,
    0x00,0x00,0x75,0x17,0x48,0x8b,0x15,0x7d,0x25,0x19,0x01,0xff,0xc7,0x48,0x83,0xc3,
    0x08,0x3b,0xba,0x70,0x06,0x00,0x00,0x7d,0x20,0xeb,0x95,0x33,0xff,0x48,0x89,0x7d,
    0xc7,0x89,0x7d,0xcf,0x4c,0x8d,0x45,0xc7,0x48,0x8d,0x15,0xd1,0xd0,0x19,0x01,0x48,
    0x8b,0xc8,0xe8,0x19,0x3c,0xf9,0xff,0xeb,0x02,0x33,0xff,0x48,0x8d,0x05,0x86,0x83,
    0xed,0x00,0x48,0x89,0x44,0x24,0x38,0x48,0x8b,0x05,0x7a,0x83,0xed,0x00,0x48,0x89,
    0x45,0x87,0x48,0x8b,0x05,0x83,0x83,0xed,0x00,0x48,0x89,0x45,0x8f,0x89,0x7d,0x97,
    0x48,0x8b,0x05,0x7d,0x83,0xed,0x00,0x48,0x89,0x45,0x9b,0x48,0x8d,0x44,0x24,0x38,
    0x48,0x89,0x05,0x6d,0x83,0xed,0x00,0xff,0x05,0x77,0x83,0xed,0x00,0xe8,0x5e,0xe0,
    0xa0,0xff,0x83,0x3d,0x5f,0xd9,0xec,0x00,0x00,0x74,0x0c,0x48,0x8d,0x0d,0x32,0x88,
    0xea,0x00,0xe8,0x39,0x1c,0xc9,0xff,0x41,0xbe,0x01,0x00,0x00,0x00,0x45,0x89,0xb5,
    0xc8,0x01,0x00,0x00,0x89,0x7d,0x7f,0x49,0x83,0xbd,0x80,0x01,0x00,0x00,0x00,0x0f,
    0x84,0x99,0x00,0x00,0x00,0x49,0x8b,0xcd,0xe8,0x93,0xab,0xff,0xff,0x85,0xc0,0x0f,
    0x85,0x89,0x00,0x00,0x00,0x49,0x8b,0x8d,0x80,0x01,0x00,0x00,0x48,0x8b,0x81,0x80,
    0x00,0x00,0x00,0x48,0x85,0xc0,0x74,0x2f,0x83,0xb9,0x20,0x02,0x00,0x00,0x00,0x74,
    0x09,0x83,0xb9,0x08,0x02,0x00,0x00,0x00,0x74,0x0c,0xf3,0x41,0x0f,0x10,0x94,0x24,
    0xf0,0x04,0x00,0x00,0xeb,0x19,0x48,0x85,0xc0,0x74,0x0c,0xf3,0x41,0x0f,0x10,0x94,
    0x24,0xf4,0x04,0x00,0x00,0xeb,0x08,0xf3,0x0f,0x10,0x15,0x21,0xbd,0x8a,0x00,0x48,
    0x8d,0x55,0x77,0xe8,0xc8,0x90,0xb9,0xff,0x89,0x45,0x7f,0x49,0x8b,0x8d,0x80,0x01,
    0x00,0x00,0x48,0x8b,0x01,0xf3,0x0f,0x10,0x4d,0x77,0xff,0x90,0xa8,0x02,0x00,0x00,
    0x49,0x8b,0x85,0x80,0x01,0x00,0x00,0x48,0x83,0xb8,0x80,0x00,0x00,0x00,0x00,0x74,
    0x0d,0xf3,0x0f,0x10,0x4d,0x77,0x49,0x8b,0xcd,0xe8,0x82,0x16,0x00,0x00,0x49,0x8b,
    0x8d,0x20,0x01,0x00,0x00,0x48,0x85,0xc9,0x74,0x31,0x48,0x8b,0x01,0xf3,0x0f,0x10,
    0x4d,0x77,0xff,0x90,0xa8,0x02,0x00,0x00,0x49,0x8b,0x85,0x20,0x01,0x00,0x00,0x48,
    0x85,0xc0,0x74,0x17,0x48,0x83,0xb8,0x80,0x00,0x00,0x00,0x00,0x74,0x0d,0xf3,0x0f,
    0x10,0x4d,0x77,0x49,0x8b,0xcd,0xe8,0x25,0x1d,0x00,0x00,0x49,0x8b,0x8d,0x88,0x01,
    0x00,0x00,0x48,0x85,0xc9,0x74,0x0e,0x48,0x8b,0x01,0xf3,0x0f,0x10,0x4d,0x77,0xff,
    0x90,0xa8,0x02,0x00,0x00,0x49,0x8b,0x8d,0x90,0x01,0x00,0x00,0x48,0x85,0xc9,0x74,
    0x06,0x48,0x8b,0x01,0xff,0x50,0x08,0x45,0x38,0xb4,0x24,0x98,0x05,0x00,0x00,0x75,
    0x48,0x49,0x8b,0x9d,0xe8,0x01,0x00,0x00,0x89,0xbb,0x40,0x02,0x00,0x00,0x83,0xbb,
    0x44,0x02,0x00,0x00,0x00,0x74,0x24,0x89,0xbb,0x44,0x02,0x00,0x00,0x48,0x8b,0x8b,
    0x38,0x02,0x00,0x00,0x48,0x85,0xc9,0x74,0x12,0x33,0xd2,0x44,0x8d,0x42,0x08,0xe8,
    0x6c,0x99,0xa5,0xff,0x48,0x89,0x83,0x38,0x02,0x00,0x00,0x49,0x8b,0x8d,0xe8,0x01,
    0x00,0x00,0xe8,0xa9,0x87,0xe0,0xff,0xeb,0x15,0x49,0x8b,0x8d,0xe8,0x01,0x00,0x00,
    0x48,0x8b,0x01,0xf3,0x0f,0x10,0x4d,0x77,0xff,0x90,0x80,0x02,0x00,0x00,0xf3,0x0f,
    0x10,0x45,0x77,0xf3,0x41,0x0f,0x58,0x84,0x24,0xfc,0x04,0x00,0x00,0xf3,0x41,0x0f,
    0x11,0x84,0x24,0xfc,0x04,0x00,0x00,0x49,0x8b,0xcd,0xe8,0x11,0xaa,0xff,0xff,0x85,
    0xc0,0x75,0x19,0xf3,0x0f,0x10,0x45,0x77,0xf3,0x41,0x0f,0x58,0x84,0x24,0x00,0x05,
    0x00,0x00,0xf3,0x41,0x0f,0x11,0x84,0x24,0x00,0x05,0x00,0x00,0xf3,0x0f,0x10,0x45,
    0x77,0xf3,0x41,0x0f,0x59,0x84,0x24,0xf0,0x04,0x00,0x00,0xf3,0x0f,0x11,0x45,0x77,
    0x49,0x8b,0x85,0x80,0x01,0x00,0x00,0x48,0x85,0xc0,0x74,0x19,0x48,0x83,0xb8,0x80,
    0x00,0x00,0x00,0x00,0x74,0x0f,0xf3,0x41,0x0f,0x59,0x84,0x24,0xf4,0x04,0x00,0x00,
    0xf3,0x0f,0x11,0x45,0x77,0xf3,0x0f,0x10,0x0d,0x7f,0xf3,0xa8,0x00,0x0f,0x2f,0xc1,
    0x72,0x0d,0xf3,0x0f,0x10,0x0d,0x6e,0xa0,0xa0,0x00,0x0f,0x2f,0xc1,0x72,0x08,0x0f,
    0x28,0xc1,0xf3,0x0f,0x11,0x45,0x77,0xf3,0x41,0x0f,0x11,0x84,0x24,0x04,0x05,0x00,
    0x00,0x49,0x8b,0xcd,0xe8,0x87,0xa9,0xff,0xff,0x85,0xc0,0x75,0x19,0xf3,0x0f,0x10,
    0x45,0x77,0xf3,0x41,0x0f,0x58,0x84,0x24,0xf8,0x04,0x00,0x00,0xf3,0x41,0x0f,0x11,
    0x84,0x24,0xf8,0x04,0x00,0x00,0x41,0x8b,0x84,0x24,0x98,0x03,0x00,0x00,0x0f,0xba,
    0xe0,0x09,0x45,0x0f,0x42,0xfe,0x44,0x89,0x7d,0x6f,0x0f,0xba,0xe0,0x14,0x72,0x06,
    0x0f,0xba,0xe0,0x15,0x73,0x10,0xf3,0x0f,0x10,0x0d,0x42,0xf4,0x92,0x00,0x41,0x8b,
    0xce,0xe8,0xba,0x4b,0xa5,0xff,0x48,0x8d,0x0d,0x13,0xce,0x19,0x01,0xe8,0x0e,0xc3,
    0xff,0xff,0x0f,0x57,0xff,0x45,0x85,0xff,0x0f,0x84,0x1d,0x02,0x00,0x00,0x49,0x8b,
    0xcd,0xe8,0x1a,0xa9,0xff,0xff,0x85,0xc0,0x0f,0x85,0x0d,0x02,0x00,0x00,0x49,0x8b,
    0x85,0x20,0x01,0x00,0x00,0x48,0x85,0xc0,0x74,0x19,0x48,0x8b,0x88,0x80,0x00,0x00,
    0x00,0x48,0x85,0xc9,0x74,0x0d,0x83,0xb9,0x94,0x00,0x00,0x00,0x03,0x0f,0x85,0xe8,
    0x01,0x00,0x00,0x41,0x89,0xbc,0x24,0x1c,0x08,0x00,0x00,0x41,0xf7,0x84,0x24,0x98,
    0x03,0x00,0x00,0x00,0x02,0x00,0x00,0x75,0x65,0x83,0x3d,0x48,0x7f,0xed,0x00,0x00,
    0x74,0x5c,0x49,0x8b,0x85,0x90,0x00,0x00,0x00,0x83,0xb8,0x78,0x01,0x00,0x00,0x00,
    0x7e,0x4a,0x33,0xdb,0x66,0x66,0x66,0x66,0x0f,0x1f,0x84,0x00,0x00,0x00,0x00,0x00,
    0x49,0x8b,0x85,0x90,0x00,0x00,0x00,0x48,0x8b,0x88,0x70,0x01,0x00,0x00,0x48,0x83,
    0x3c,0x0b,0x00,0x74,0x12,0x48,0x8b,0x0c,0x0b,0x48,0x8b,0x01,0xf3,0x0f,0x10,0x4d,
    0x77,0xff,0x90,0x08,0x03,0x00,0x00,0xff,0xc7,0x48,0x83,0xc3,0x08,0x49,0x8b,0x85,
    0x90,0x00,0x00,0x00,0x3b,0xb8,0x78,0x01,0x00,0x00,0x7c,0xc4,0x33,0xff,0xf3,0x0f,
    0x10,0x4d,0x77,0xf3,0x0f,0x10,0x05,0xb9,0xcc,0x19,0x01,0x0f,0x2f,0xc7,0x76,0x0c,
    0xf3,0x0f,0x5c,0xc1,0xf3,0x0f,0x11,0x05,0xa8,0xcc,0x19,0x01,0x41,0x89,0xbd,0xd0,
    0x01,0x00,0x00,0x4c,0x8d,0x0d,0x26,0xcd,0x19,0x01,0x45,0x8b,0xc7,0x49,0x8b,0xcd,
    0xe8,0xfb,0x2e,0xff,0xff,0x41,0xf7,0x84,0x24,0x98,0x03,0x00,0x00,0x00,0x02,0x00,
    0x00,0x75,0x07,0xf3,0x0f,0x10,0x4d,0x77,0xeb,0x03,0x0f,0x28,0xcf,0x49,0x8b,0xcd,
    0xe8,0x0b,0x47,0x16,0x00,0x45,0x89,0xb5,0xd0,0x01,0x00,0x00,0x4c,0x8d,0x0d,0xed,
    0xcc,0x19,0x01,0x45,0x8b,0xc7,0xf3,0x0f,0x10,0x4d,0x77,0x49,0x8b,0xcd,0xe8,0xfd,
    0x20,0xff,0xff,0xf3,0x0f,0x10,0x75,0x77,0x8b,0xdf,0x66,0x0f,0x1f,0x44,0x00,0x00,
    0x85,0xdb,0x78,0x3c,0x3b,0x1d,0xde,0xcc,0x19,0x01,0x7d,0x34,0x48,0x63,0xfb,0x48,
    0x8b,0x05,0xca,0xcc,0x19,0x01,0x48,0x8b,0x0c,0xf8,0x48,0x85,0xc9,0x74,0x1d,0x48,
    0x8b,0x01,0xff,0x50,0x78,0x85,0xc0,0x75,0x13,0x0f,0x28,0xce,0x48,0x8b,0x0d,0xad,
    0xcc,0x19,0x01,0x48,0x8b,0x0c,0xf9,0xe8,0x44,0xa1,0xe0,0xff,0xff,0xc3,0xeb,0xc0,
    0x83,0x3d,0x41,0xd5,0xec,0x00,0x00,0x75,0x18,0x48,0x8d,0x0d,0x14,0x84,0xea,0x00,
    0xe8,0x0b,0x4a,0xca,0xff,0x48,0x8d,0x0d,0x08,0x84,0xea,0x00,0xe8,0x0f,0x18,0xc9,
    0xff,0x49,0x8b,0xcd,0xe8,0x67,0x59,0x16,0x00,0x41,0xc7,0x85,0xd0,0x01,0x00,0x00,
    0x02,0x00,0x00,0x00,0x49,0x8b,0x8d,0xfc,0x01,0x00,0x00,0x48,0x85,0xc9,0x74,0x05,
    0xe8,0x4b,0x2b,0x15,0x00,0x4c,0x8d,0x0d,0x44,0xcc,0x19,0x01,0x45,0x8b,0xc7,0xf3,
    0x0f,0x10,0x4d,0x77,0x49,0x8b,0xcd,0xe8,0x34,0x27,0xff,0xff,0xf3,0x0f,0x10,0x75,
    0x77,0x33,0xdb,0x85,0xdb,0x0f,0x88,0x5e,0x04,0x00,0x00,0x3b,0x1d,0x57,0xcc,0x19,
    0x01,0x0f,0x8d,0x52,0x04,0x00,0x00,0x48,0x63,0xfb,0x48,0x8b,0x05,0x3f,0xcc,0x19,
    0x01,0x48,0x8b,0x0c,0xf8,0x48,0x85,0xc9,0x74,0x1d,0x48,0x8b,0x01,0xff,0x50,0x78,
    0x85,0xc0,0x75,0x13,0x0f,0x28,0xce,0x48,0x8b,0x0d,0x22,0xcc,0x19,0x01,0x48,0x8b,
    0x0c,0xf9,0xe8,0x99,0xa0,0xe0,0xff,0xff,0xc3,0xeb,0xb8,0x49,0x8b,0xcd,0xe8,0xfd,
    0xa6,0xff,0xff,0x85,0xc0,0x0f,0x84,0x10,0x04,0x00,0x00,0x49,0x8b,0x8d,0xfc,0x01,
    0x00,0x00,0x48,0x85,0xc9,0x74,0x11,0xe8,0xc4,0x57,0x16,0x00,0x49,0x8b,0x8d,0xfc,
    0x01,0x00,0x00,0xe8,0x28,0x1f,0x15,0x00,0x41,0x89,0xbd,0xc0,0x01,0x00,0x00,0x41,
    0x83,0xbd,0xc4,0x01,0x00,0x00,0x00,0x74,0x25,0x41,0x89,0xbd,0xc4,0x01,0x00,0x00,
    0x49,0x8b,0x8d,0xb8,0x01,0x00,0x00,0x48,0x85,0xc9,0x74,0x12,0x33,0xd2,0x44,0x8d,
    0x42,0x08,0xe8,0xb9,0x95,0xa5,0xff,0x49,0x89,0x85,0xb8,0x01,0x00,0x00,0xc7,0x45,
    0xa7,0xff,0xff,0xff,0xff,0x48,0xc7,0x45,0xab,0x00,0x00,0x00,0x00,0x89,0x7d,0xb3,
    0x48,0x89,0x7d,0xb7,0x48,0x8d,0x4d,0xa7,0xe8,0xd3,0x44,0xff,0xff,0x8b,0x45,0xaf,
    0x89,0x45,0x67,0x85,0xc0,0x0f,0x85,0x01,0x03,0x00,0x00,0x48,0xb8,0x00,0x00,0x00,
    0x00,0x00,0x00,0x00,0x20,0x48,0x8b,0x75,0xb7,0x44,0x8b,0x75,0xb3,0x44,0x89,0x74,
    0x24,0x30,0x44,0x8b,0x65,0xab,0x44,0x8b,0x7d,0xa7,0x66,0x0f,0x1f,0x44,0x00,0x00,
    0xf7,0x46,0x64,0x00,0x00,0x00,0x04,0x0f,0x84,0xb2,0x00,0x00,0x00,0xf6,0x46,0x60,
    0x20,0x0f,0x85,0xa8,0x00,0x00,0x00,0x48,0x85,0x46,0x0c,0x0f,0x85,0x9e,0x00,0x00,
    0x00,0x48,0x89,0x75,0xa7,0x8b,0xdf,0x89,0x5d,0xaf,0x89,0x7d,0xb3,0x48,0x83,0x3d,
    0xb3,0x80,0xee,0x00,0x00,0x74,0x31,0x48,0xff,0x05,0x02,0x53,0xec,0x00,0x48,0x8d,
    0x4d,0xdf,0xff,0x15,0xe8,0x00,0x8a,0x00,0x8b,0x5d,0xdf,0x89,0x5d,0xaf,0x48,0x89,
    0x75,0xa7,0x41,0xb8,0x01,0x00,0x00,0x00,0x48,0x8b,0xd6,0x48,0x8b,0x0d,0x86,0x80,
    0xee,0x00,0xe8,0x19,0x2b,0xa3,0xff,0x90,0x48,0x8b,0x06,0x44,0x8b,0x45,0x6f,0xf3,
    0x0f,0x10,0x4d,0x77,0x48,0x8b,0xce,0xff,0x90,0x20,0x03,0x00,0x00,0x85,0xc0,0xb8,
    0x01,0x00,0x00,0x00,0x0f,0x44,0xf8,0x48,0x83,0x3d,0x59,0x80,0xee,0x00,0x00,0x0f,
    0x84,0x83,0x01,0x00,0x00,0x48,0xff,0x05,0xa4,0x52,0xec,0x00,0x48,0x8d,0x4d,0xc7,
    0xff,0x15,0x8a,0x00,0x8a,0x00,0x8b,0x55,0xc7,0x2b,0xd3,0x44,0x8b,0xc7,0x48,0x8b,
    0x0d,0x33,0x80,0xee,0x00,0xe8,0x56,0x46,0xa3,0xff,0xe9,0x59,0x01,0x00,0x00,0x48,
    0x8b,0x06,0x48,0x8b,0xce,0xff,0x90,0xe8,0x05,0x00,0x00,0x4c,0x8b,0xf0,0x48,0x85,
    0xc0,0x0f,0x84,0x27,0x01,0x00,0x00,0x48,0x8b,0xb8,0xc0,0x05,0x00,0x00,0x48,0x85,
    0xff,0x0f,0x84,0x17,0x01,0x00,0x00,0xf3,0x0f,0x10,0x45,0x77,0xf3,0x0f,0x11,0x45,
    0xbf,0x48,0x8b,0x1f,0x45,0x33,0xc0,0x48,0x8b,0x15,0xea,0x2b,0x19,0x01,0x48,0x8b,
    0xcf,0xe8,0xba,0x0c,0xac,0xff,0x48,0x8b,0xd0,0x45,0x33,0xc9,0x4c,0x8d,0x45,0xbf,
    0x48,0x8b,0xcf,0xff,0x93,0x08,0x02,0x00,0x00,0x49,0x8b,0x86,0xc0,0x05,0x00,0x00,
    0x48,0x8b,0x50,0x50,0x33,0xff,0x48,0x85,0xd2,0x74,0x09,0x48,0x8b,0x9a,0x80,0x00,
    0x00,0x00,0xeb,0x03,0x48,0x8b,0xdf,0x48,0x85,0xd2,0x74,0x4a,0x0f,0x1f,0x40,0x00,
    0x48,0x85,0xdb,0x74,0x24,0x66,0x66,0x66,0x0f,0x1f,0x84,0x00,0x00,0x00,0x00,0x00,
    0x48,0x8b,0x43,0x50,0xf7,0x80,0x40,0x01,0x00,0x00,0x00,0x01,0x00,0x00,0x75,0x26,
    0x48,0x8b,0x5b,0x60,0x48,0x85,0xdb,0x75,0xe7,0x48,0x8b,0x02,0x48,0x8b,0xca,0xff,
    0x90,0x68,0x02,0x00,0x00,0x48,0x8b,0xd0,0x48,0x85,0xc0,0x74,0x09,0x48,0x8b,0x98,
    0x80,0x00,0x00,0x00,0xeb,0xba,0x4c,0x8b,0xc3,0x48,0x85,0xdb,0x74,0x70,0x66,0x90,
    0x41,0xf6,0x40,0x70,0x04,0x74,0x11,0x49,0x63,0x88,0x8c,0x00,0x00,0x00,0x49,0x8b,
    0x86,0xc0,0x05,0x00,0x00,0x89,0x3c,0x01,0x49,0x8b,0x58,0x60,0x48,0x85,0xd2,0x74,
    0x45,0x48,0x85,0xdb,0x74,0x23,0x66,0x66,0x0f,0x1f,0x84,0x00,0x00,0x00,0x00,0x00,
    0x48,0x8b,0x43,0x50,0xf7,0x80,0x40,0x01,0x00,0x00,0x00,0x01,0x00,0x00,0x75,0x26,
    0x48,0x8b,0x5b,0x60,0x48,0x85,0xdb,0x75,0xe7,0x48,0x8b,0x02,0x48,0x8b,0xca,0xff,
    0x90,0x68,0x02,0x00,0x00,0x48,0x8b,0xd0,0x48,0x85,0xc0,0x74,0x09,0x48,0x8b,0x98,
    0x80,0x00,0x00,0x00,0xeb,0xbb,0x4c,0x8b,0xc3,0x48,0x85,0xdb,0x75,0x92,0x41,0x8b,
    0x85,0xcc,0x01,0x00,0x00,0xc1,0xe0,0x06,0x33,0x46,0x60,0x83,0xe0,0x40,0x31,0x46,
    0x60,0x44,0x8b,0x74,0x24,0x30,0xeb,0x02,0x33,0xff,0x48,0x8b,0xf7,0x4c,0x8b,0x15,
    0x74,0x09,0x1a,0x01,0x4d,0x8b,0x5a,0x70,0x49,0x63,0xc4,0x49,0x8b,0x0c,0xc3,0x44,
    0x8b,0x81,0x9c,0x03,0x00,0x00,0x49,0x63,0xd7,0x8b,0x45,0x67,0x85,0xc0,0x75,0x7e,
    0x44,0x8b,0x0d,0x8d,0x7a,0xed,0x00,0x48,0x85,0xf6,0x75,0x6d,0x39,0xb1,0x04,0x04,
    0x00,0x00,0x74,0x05,0x45,0x85,0xc9,0x74,0x0b,0x41,0xff,0xc7,0x48,0xff,0xc2,0x45,
    0x3b,0xf8,0x7c,0x30,0x41,0xff,0xc4,0x45,0x3b,0x62,0x78,0x7d,0x3c,0x49,0x63,0xc4,
    0x49,0x8b,0x0c,0xc3,0x44,0x8b,0x81,0x9c,0x03,0x00,0x00,0x83,0xb9,0x04,0x04,0x00,
    0x00,0x00,0x74,0x05,0x45,0x85,0xc9,0x74,0xbe,0x44,0x8b,0xff,0x48,0x8b,0xd7,0x45,
    0x85,0xc0,0x7e,0xb3,0x41,0xff,0xc6,0x44,0x89,0x74,0x24,0x30,0x48,0x8b,0x81,0x94,
    0x03,0x00,0x00,0x48,0x8b,0x34,0xd0,0xeb,0x9e,0x44,0x8b,0xff,0x44,0x8b,0xe7,0xb8,
    0x01,0x00,0x00,0x00,0x89,0x45,0x67,0xeb,0x03,0x8b,0x45,0x67,0x85,0xc0,0x48,0xb8,
    0x00,0x00,0x00,0x00,0x00,0x00,0x00,0x20,0x0f,0x84,0x32,0xfd,0xff,0xff,0x44,0x8b,
    0x7d,0x6f,0x4c,0x8b,0x65,0xd7,0x41,0xbe,0x01,0x00,0x00,0x00,0x45,0x8b,0xc7,0xf3,
    0x0f,0x10,0x4d,0x77,0x49,0x8b,0xcd,0xe8,0xe4,0x1a,0x00,0x00,0xf3,0x41,0x0f,0x10,
    0x84,0x24,0x0c,0x05,0x00,0x00,0x0f,0x2e,0xc7,0x74,0x70,0x41,0x0f,0x2f,0x84,0x24,
    0xfc,0x04,0x00,0x00,0x73,0x65,0x48,0x8b,0x05,0x7b,0x1c,0x19,0x01,0x83,0xb8,0x70,
    0x06,0x00,0x00,0x00,0x7e,0x49,0x48,0x8b,0x80,0x68,0x06,0x00,0x00,0x48,0x8b,0x38,
    0x48,0x85,0xff,0x74,0x38,0x48,0x8b,0x7f,0x68,0x48,0x85,0xff,0x74,0x2f,0xc7,0x45,
    0x67,0x00,0x00,0x00,0x00,0x48,0x8b,0x1f,0x45,0x33,0xc0,0x48,0x8b,0x15,0x3e,0x1f,
    0x19,0x01,0x48,0x8b,0xcf,0xe8,0x76,0x0a,0xac,0xff,0x48,0x8b,0xd0,0x45,0x33,0xc9,
    0x4c,0x8d,0x45,0x67,0x48,0x8b,0xcf,0xff,0x93,0x08,0x02,0x00,0x00,0x33,0xff,0x41,
    0x89,0xbc,0x24,0x0c,0x05,0x00,0x00,0xeb,0x02,0x33,0xff,0x45,0x85,0xff,0x74,0x59,
    0x49,0x8b,0xcd,0xe8,0xd8,0xa2,0xff,0xff,0x85,0xc0,0x75,0x4d,0x39,0x05,0x96,0xc7,
    0x19,0x01,0x0f,0x8e,0x09,0x01,0x00,0x00,0x33,0xf6,0x66,0x0f,0x1f,0x44,0x00,0x00,
    0x48,0x8b,0x05,0x79,0xc7,0x19,0x01,0x48,0x8b,0x1c,0x30,0x48,0x8b,0x03,0x48,0x8b,
    0xcb,0xff,0x50,0x10,0x85,0xc0,0x74,0x0e,0x48,0x8b,0x03,0xf3,0x0f,0x10,0x4d,0x77,
    0x48,0x8b,0xcb,0xff,0x50,0x08,0xff,0xc7,0x48,0x83,0xc6,0x08,0x3b,0x3d,0x56,0xc7,
    0x19,0x01,0x7c,0xcc,0xe9,0xc8,0x00,0x00,0x00,0x49,0x8b,0xcd,0xe8,0x7f,0xa2,0xff,
    0xff,0x85,0xc0,0x74,0x5e,0x83,0x3d,0x3c,0xc7,0x19,0x01,0x00,0x0f,0x8e,0xaf,0x00,
    0x00,0x00,0x33,0xf6,0x66,0x66,0x66,0x66,0x0f,0x1f,0x84,0x00,0x00,0x00,0x00,0x00,
    0x48,0x8b,0x05,0x19,0xc7,0x19,0x01,0x48,0x8b,0x1c,0x30,0x48,0x8b,0x03,0x48,0x8b,
    0xcb,0xff,0x50,0x10,0x85,0xc0,0x74,0x1b,0x48,0x8b,0x03,0x48,0x8b,0xcb,0xff,0x50,
    0x18,0x85,0xc0,0x74,0x0e,0x48,0x8b,0x03,0xf3,0x0f,0x10,0x4d,0x77,0x48,0x8b,0xcb,
    0xff,0x50,0x08,0xff,0xc7,0x48,0x83,0xc6,0x08,0x3b,0x3d,0xe9,0xc6,0x19,0x01,0x7c,
    0xbf,0xeb,0x5e,0x83,0x3d,0xae,0xcf,0xec,0x00,0x00,0x74,0x57,0x83,0x3d,0x81,0x78,
    0xed,0x00,0x00,0x75,0x4e,0x83,0x3d,0xcc,0xc6,0x19,0x01,0x00,0x7e,0x43,0x33,0xf6,
    0x48,0x8b,0x05,0xb9,0xc6,0x19,0x01,0x48,0x8b,0x1c,0x30,0x48,0x8b,0x03,0x48,0x8b,
    0xcb,0xff,0x50,0x10,0x85,0xc0,0x74,0x1b,0x48,0x8b,0x03,0x48,0x8b,0xcb,0xff,0x50,
    0x20,0x85,0xc0,0x74,0x0e,0x48,0x8b,0x03,0xf3,0x0f,0x10,0x4d,0x77,0x48,0x8b,0xcb,
    0xff,0x50,0x08,0xff,0xc7,0x48,0x83,0xc6,0x08,0x3b,0x3d,0x89,0xc6,0x19,0x01,0x7c,
    0xbf,0x33,0xff,0x45,0x89,0xb5,0xd4,0x01,0x00,0x00,0x45,0x33,0xf6,0x45,0x33,0xd2,
    0x83,0xcb,0xff,0x4c,0x8b,0x1d,0xee,0x06,0x1a,0x01,0x49,0x8b,0x73,0x70,0x48,0x8b,
    0x0e,0x44,0x8b,0x81,0x9c,0x03,0x00,0x00,0x48,0x83,0xca,0xff,0x44,0x8b,0x0d,0x11,
    0x78,0xed,0x00,0x4d,0x85,0xd2,0x75,0x5c,0x44,0x39,0xb1,0x04,0x04,0x00,0x00,0x74,
    0x05,0x45,0x85,0xc9,0x74,0x0a,0xff,0xc3,0x48,0xff,0xc2,0x41,0x3b,0xd8,0x7c,0x2d,
    0xff,0xc7,0x41,0x3b,0x7b,0x78,0x7d,0x32,0x48,0x63,0xc7,0x48,0x8b,0x0c,0xc6,0x44,
    0x8b,0x81,0x9c,0x03,0x00,0x00,0x44,0x39,0xb1,0x04,0x04,0x00,0x00,0x74,0x05,0x45,
    0x85,0xc9,0x74,0xbf,0x33,0xdb,0x33,0xd2,0x45,0x85,0xc0,0x7e,0xb6,0x48,0x8b,0x81,
    0x94,0x03,0x00,0x00,0x4c,0x8b,0x14,0xd0,0xeb,0xa9,0x33,0xdb,0x33,0xff,0x41,0xbe,
    0x01,0x00,0x00,0x00,0x45,0x85,0xf6,0x0f,0x85,0xb6,0x00,0x00,0x00,0x45,0x33,0xe4,
    0x45,0x8d,0x7e,0x01,0x33,0xd2,0x49,0x8b,0xca,0xe8,0x72,0x9b,0xe0,0xff,0x4d,0x8b,
    0xd4,0x4c,0x8b,0x1d,0x50,0x06,0x1a,0x01,0x49,0x8b,0x73,0x70,0x48,0x63,0xc7,0x48,
    0x8b,0x0c,0xc6,0x44,0x8b,0x81,0x9c,0x03,0x00,0x00,0x48,0x63,0xd3,0x45,0x85,0xf6,
    0x75,0x79,0x44,0x8b,0x0d,0x6b,0x77,0xed,0x00,0x0f,0x1f,0x80,0x00,0x00,0x00,0x00,
    0x4d,0x85,0xd2,0x75,0x5d,0x44,0x39,0xa1,0x04,0x04,0x00,0x00,0x74,0x05,0x45,0x85,
    0xc9,0x74,0x0a,0xff,0xc3,0x48,0xff,0xc2,0x41,0x3b,0xd8,0x7c,0x2f,0xff,0xc7,0x41,
    0x3b,0x7b,0x78,0x7d,0x34,0x48,0x63,0xc7,0x48,0x8b,0x0c,0xc6,0x44,0x8b,0x81,0x9c,
    0x03,0x00,0x00,0x44,0x39,0xa1,0x04,0x04,0x00,0x00,0x74,0x05,0x45,0x85,0xc9,0x74,
    0xbf,0x41,0x8b,0xdc,0x49,0x8b,0xd4,0x45,0x85,0xc0,0x7e,0xb4,0x48,0x8b,0x81,0x94,
    0x03,0x00,0x00,0x4c,0x8b,0x14,0xd0,0xeb,0xa7,0x41,0x8b,0xdc,0x41,0x8b,0xfc,0x45,
    0x8b,0xf7,0x45,0x85,0xf6,0x0f,0x84,0x59,0xff,0xff,0xff,0x44,0x8b,0x7d,0x6f,0x4c,
    0x8b,0x65,0xd7,0x45,0x33,0xf6,0x45,0x89,0xb5,0xd4,0x01,0x00,0x00,0x49,0x8b,0xcd,
    0xe8,0x5b,0xa0,0xff,0xff,0x85,0xc0,0x0f,0x85,0xa3,0x00,0x00,0x00,0x49,0x8b,0xcd,
    0xe8,0x9b,0x20,0x37,0x00,0x48,0x8b,0xf8,0x48,0x85,0xc0,0x74,0x5e,0x0f,0x1f,0x00,
    0x48,0x8b,0x17,0x48,0x8b,0xcf,0xff,0x92,0xe8,0x05,0x00,0x00,0x48,0x85,0xc0,0x74,
    0x3e,0x48,0x8b,0xb0,0x78,0x04,0x00,0x00,0x48,0x85,0xf6,0x74,0x32,0xf3,0x0f,0x10,
    0x45,0x77,0xf3,0x0f,0x11,0x45,0x6f,0x48,0x8b,0x1e,0x45,0x33,0xc0,0x48,0x8b,0x15,
    0x0c,0x2d,0x19,0x01,0x48,0x8b,0xce,0xe8,0x74,0x07,0xac,0xff,0x48,0x8b,0xd0,0x45,
    0x33,0xc9,0x4c,0x8d,0x45,0x6f,0x48,0x8b,0xce,0xff,0x93,0x08,0x02,0x00,0x00,0x48,
    0x8b,0xbf,0x84,0x02,0x00,0x00,0x48,0x85,0xff,0x75,0xa5,0x44,0x39,0x35,0x56,0x76,
    0xed,0x00,0x74,0x2c,0x48,0x8b,0x0d,0x1d,0x05,0x1a,0x01,0xe8,0x60,0x28,0x37,0x00,
    0x83,0xf8,0x01,0x74,0x1b,0x48,0x8b,0x0d,0x0c,0x05,0x1a,0x01,0xe8,0x4f,0x28,0x37,
    0x00,0x83,0xf8,0x02,0x74,0x0a,0x33,0xd2,0x49,0x8b,0xcd,0xe8,0xb0,0xae,0xff,0xff,
    0x45,0x85,0xff,0x0f,0x84,0x09,0x01,0x00,0x00,0x49,0x8b,0xcd,0xe8,0x9f,0x9f,0xff,
    0xff,0x85,0xc0,0x0f,0x85,0xf9,0x00,0x00,0x00,0x49,0x8b,0x85,0x20,0x01,0x00,0x00,
    0x48,0x85,0xc0,0x74,0x19,0x48,0x8b,0x88,0x80,0x00,0x00,0x00,0x48,0x85,0xc9,0x74,
    0x0d,0x83,0xb9,0x94,0x00,0x00,0x00,0x03,0x0f,0x85,0xd4,0x00,0x00,0x00,0x41,0xc7,
    0x85,0xd0,0x01,0x00,0x00,0x03,0x00,0x00,0x00,0x4c,0x8d,0x0d,0x40,0xc4,0x19,0x01,
    0x45,0x8b,0xc7,0xf3,0x0f,0x10,0x4d,0x77,0x49,0x8b,0xcd,0xe8,0xa0,0x22,0xff,0xff,
    0xf3,0x0f,0x10,0x75,0x77,0x41,0x8b,0xde,0x85,0xdb,0x78,0x3c,0x3b,0x1d,0x76,0xc4,
    0x19,0x01,0x7d,0x34,0x48,0x63,0xfb,0x48,0x8b,0x05,0x62,0xc4,0x19,0x01,0x48,0x8b,
    0x0c,0xf8,0x48,0x85,0xc9,0x74,0x1d,0x48,0x8b,0x01,0xff,0x50,0x78,0x85,0xc0,0x75,
    0x13,0x0f,0x28,0xce,0x48,0x8b,0x0d,0x45,0xc4,0x19,0x01,0x48,0x8b,0x0c,0xf9,0xe8,
    0x9c,0x98,0xe0,0xff,0xff,0xc3,0xeb,0xc0,0x41,0xc7,0x85,0xd0,0x01,0x00,0x00,0x04,
    0x00,0x00,0x00,0x4c,0x8d,0x0d,0xd6,0xc3,0x19,0x01,0x45,0x8b,0xc7,0xf3,0x0f,0x10,
    0x4d,0x77,0x49,0x8b,0xcd,0xe8,0x56,0x1b,0xff,0xff,0xf3,0x0f,0x10,0x75,0x77,0x41,
    0x8b,0xde,0x85,0xdb,0x78,0x3c,0x3b,0x1d,0x2c,0xc4,0x19,0x01,0x7d,0x34,0x48,0x63,
    0xfb,0x48,0x8b,0x05,0x18,0xc4,0x19,0x01,0x48,0x8b,0x0c,0xf8,0x48,0x85,0xc9,0x74,
    0x1d,0x48,0x8b,0x01,0xff,0x50,0x78,0x85,0xc0,0x75,0x13,0x0f,0x28,0xce,0x48,0x8b,
    0x0d,0xfb,0xc3,0x19,0x01,0x48,0x8b,0x0c,0xf9,0xe8,0x32,0x98,0xe0,0xff,0xff,0xc3,
    0xeb,0xc0,0x44,0x39,0x35,0x2f,0xcc,0xec,0x00,0x74,0x0c,0x48,0x8d,0x0d,0x02,0x7b,
    0xea,0x00,0xe8,0xf9,0x40,0xca,0xff,0x49,0x8b,0x85,0x20,0x01,0x00,0x00,0x48,0x85,
    0xc0,0x0f,0x84,0x90,0x00,0x00,0x00,0x48,0x8b,0x88,0x80,0x00,0x00,0x00,0x48,0x85,
    0xc9,0x74,0x67,0x44,0x39,0xb1,0x64,0x60,0x00,0x00,0x7e,0x6b,0x0f,0x1f,0x40,0x00,
    0x49,0x8b,0x85,0x20,0x01,0x00,0x00,0x48,0x8b,0x88,0x80,0x00,0x00,0x00,0x48,0x8b,
    0x91,0x5c,0x60,0x00,0x00,0x49,0x8b,0xcd,0xe8,0x23,0x21,0x38,0x00,0x85,0xc0,0x74,
    0x46,0x49,0x8b,0x85,0x20,0x01,0x00,0x00,0x48,0x8b,0x88,0x80,0x00,0x00,0x00,0x48,
    0x81,0xc1,0x5c,0x60,0x00,0x00,0x33,0xd2,0x44,0x8d,0x42,0x01,0xe8,0x5f,0x10,0xa8,
    0xff,0x49,0x8b,0x85,0x20,0x01,0x00,0x00,0x48,0x8b,0x88,0x80,0x00,0x00,0x00,0x44,
    0x39,0xb1,0x64,0x60,0x00,0x00,0x7f,0xa8,0xeb,0x0d,0xf3,0x0f,0x10,0x4d,0x77,0x49,
    0x8b,0xcd,0xe8,0x39,0x11,0x00,0x00,0x49,0x8b,0x8d,0x20,0x01,0x00,0x00,0x48,0x8b,
    0x01,0xff,0x90,0xa0,0x02,0x00,0x00,0x49,0x8b,0x8d,0x88,0x01,0x00,0x00,0x48,0x85,
    0xc9,0x74,0x51,0x49,0x8b,0x85,0x20,0x01,0x00,0x00,0x48,0x85,0xc0,0x74,0x12,0x48,
    0x8b,0x90,0x80,0x00,0x00,0x00,0x48,0x85,0xd2,0x74,0x06,0x48,0x8b,0x52,0x68,0xeb,
    0x03,0x49,0x8b,0xd6,0x48,0x8b,0x01,0xff,0x90,0x98,0x02,0x00,0x00,0x45,0x38,0xb4,
    0x24,0x9c,0x09,0x00,0x00,0x74,0x0d,0xf3,0x0f,0x10,0x4d,0x77,0x49,0x8b,0xcd,0xe8,
    0x3c,0x0d,0x00,0x00,0x49,0x8b,0x8d,0x88,0x01,0x00,0x00,0x48,0x8b,0x01,0xff,0x90,
    0xa0,0x02,0x00,0x00,0xe8,0xa7,0x63,0x09,0x00,0x49,0x8b,0x85,0x80,0x01,0x00,0x00,
    0x48,0x85,0xc0,0x74,0x2c,0x4c,0x39,0xb0,0x80,0x00,0x00,0x00,0x75,0x13,0x44,0x39,
    0x75,0x7f,0x74,0x0d,0xf3,0x0f,0x10,0x4d,0x77,0x49,0x8b,0xcd,0xe8,0xcf,0x09,0x00,
    0x00,0x49,0x8b,0x8d,0x80,0x01,0x00,0x00,0x48,0x8b,0x01,0xff,0x90,0xa0,0x02,0x00,
    0x00,0x48,0x8b,0x0d,0x28,0xa9,0xe7,0x00,0x48,0x8b,0x01,0xf3,0x0f,0x10,0x4d,0x77,
    0xff,0x50,0x40,0x41,0x8b,0x84,0x24,0x88,0x05,0x00,0x00,0x85,0xc0,0x0f,0x8e,0x90,
    0x01,0x00,0x00,0x33,0xf6,0x66,0x66,0x66,0x0f,0x1f,0x84,0x00,0x00,0x00,0x00,0x00,
    0x48,0x8b,0x1d,0x51,0x16,0x19,0x01,0x48,0x63,0xbb,0x88,0x06,0x00,0x00,0x8d,0x4f,
    0x01,0x89,0x8b,0x88,0x06,0x00,0x00,0x8b,0x93,0x8c,0x06,0x00,0x00,0x3b,0xca,0x7e,
    0x38,0x41,0xb8,0x10,0x00,0x00,0x00,0xe8,0x24,0x7e,0xa1,0xff,0x89,0x83,0x8c,0x06,
    0x00,0x00,0x48,0x8b,0x8b,0x80,0x06,0x00,0x00,0x48,0x85,0xc9,0x75,0x04,0x85,0xc0,
    0x74,0x17,0xc1,0xe0,0x04,0x41,0xb8,0x08,0x00,0x00,0x00,0x8b,0xd0,0xe8,0xde,0x8b,
    0xa5,0xff,0x48,0x89,0x83,0x80,0x06,0x00,0x00,0x48,0x8b,0x8b,0x80,0x06,0x00,0x00,
    0x48,0x8b,0xdf,0x48,0xc1,0xe3,0x04,0x48,0x03,0xd9,0x48,0x89,0x5d,0x67,0x74,0x7c,
    0x49,0x8b,0xbc,0x24,0x80,0x05,0x00,0x00,0x83,0x7c,0x37,0x08,0x00,0x74,0x21,0x48,
    0x8b,0x3c,0x37,0x48,0x85,0xff,0x74,0x1f,0x66,0x83,0x3f,0x00,0x74,0x19,0x48,0x83,
    0xc8,0xff,0x48,0xff,0xc0,0x66,0x83,0x3c,0x47,0x00,0x75,0xf6,0xff,0xc0,0xeb,0x09,
    0x48,0x8d,0x3d,0x99,0xf4,0x8a,0x00,0x33,0xc0,0x48,0xc7,0x03,0x00,0x00,0x00,0x00,
    0x89,0x43,0x08,0x89,0x43,0x0c,0x48,0x8b,0x0b,0x48,0x85,0xc9,0x75,0x04,0x85,0xc0,
    0x74,0x11,0x8d,0x14,0x00,0x41,0xb8,0x08,0x00,0x00,0x00,0xe8,0x60,0x8b,0xa5,0xff,
    0x48,0x89,0x03,0x48,0x63,0x43,0x08,0x85,0xc0,0x74,0x11,0x4c,0x8b,0xc0,0x4d,0x03,
    0xc0,0x48,0x8b,0xd7,0x48,0x8b,0x0b,0xe8,0x1a,0x27,0x73,0x00,0x41,0xff,0xc6,0x48,
    0x83,0xc6,0x10,0x45,0x3b,0xb4,0x24,0x88,0x05,0x00,0x00,0x0f,0x8c,0xff,0xfe,0xff,
    0xff,0x49,0x63,0xb4,0x24,0x88,0x05,0x00,0x00,0x45,0x33,0xf6,0x48,0x85,0xf6,0x7e,
    0x37,0x41,0x8b,0xde,0x66,0x66,0x66,0x66,0x0f,0x1f,0x84,0x00,0x00,0x00,0x00,0x00,
    0x49,0x8b,0xbc,0x24,0x80,0x05,0x00,0x00,0x4c,0x89,0x74,0x3b,0x08,0x48,0x8b,0x0c,
    0x3b,0x48,0x85,0xc9,0x74,0x09,0xe8,0x35,0x87,0xa5,0xff,0x4c,0x89,0x34,0x3b,0x48,
    0x83,0xc3,0x10,0x48,0xff,0xce,0x75,0xd8,0x45,0x89,0xb4,0x24,0x88,0x05,0x00,0x00,
    0x41,0x83,0xbc,0x24,0x8c,0x05,0x00,0x00,0x00,0x74,0x28,0x45,0x89,0xb4,0x24,0x8c,
    0x05,0x00,0x00,0x49,0x8b,0x8c,0x24,0x80,0x05,0x00,0x00,0x48,0x85,0xc9,0x74,0x13,
    0x33,0xd2,0x44,0x8d,0x42,0x08,0xe8,0xb5,0x8a,0xa5,0xff,0x49,0x89,0x84,0x24,0x80,
    0x05,0x00,0x00,0x45,0x8b,0xfe,0x41,0x83,0x7d,0x78,0x00,0x0f,0x8e,0x59,0x01,0x00,
    0x00,0x49,0x8b,0xfe,0x66,0x66,0x66,0x66,0x0f,0x1f,0x84,0x00,0x00,0x00,0x00,0x00,
    0x49,0x8b,0x45,0x70,0x48,0x8b,0x0c,0x07,0x83,0xb9,0xac,0x03,0x00,0x00,0x00,0x0f,
    0x8e,0xe4,0x00,0x00,0x00,0x33,0xf6,0x66,0x0f,0x1f,0x84,0x00,0x00,0x00,0x00,0x00,
    0x49,0x8b,0x5d,0x70,0x48,0x8b,0x04,0x1f,0x44,0x8b,0x98,0x9c,0x03,0x00,0x00,0x41,
    0xff,0xcb,0x49,0x63,0xd3,0x0f,0x88,0xa2,0x00,0x00,0x00,0x48,0x8b,0x88,0xa4,0x03,
    0x00,0x00,0x4c,0x8b,0x04,0x0e,0x66,0x66,0x0f,0x1f,0x84,0x00,0x00,0x00,0x00,0x00,
    0x48,0x8b,0x04,0x1f,0x48,0x8b,0x88,0x94,0x03,0x00,0x00,0x4c,0x39,0x04,0xd1,0x74,
    0x0a,0x41,0xff,0xcb,0x48,0xff,0xca,0x79,0xe7,0xeb,0x72,0x48,0x8d,0x98,0x94,0x03,
    0x00,0x00,0x44,0x8b,0x43,0x08,0x45,0x2b,0xc3,0x41,0xff,0xc8,0x74,0x22,0x4c,0x8b,
    0x13,0x4d,0x63,0xcb,0x46,0x8d,0x04,0xc5,0x00,0x00,0x00,0x00,0x41,0x8d,0x43,0x01,
    0x48,0x63,0xc8,0x49,0x8d,0x14,0xca,0x4b,0x8d,0x0c,0xca,0xe8,0xd0,0x87,0xa5,0xff,
    0xff,0x4b,0x08,0x41,0xb8,0x08,0x00,0x00,0x00,0x8b,0x53,0x0c,0x8b,0x4b,0x08,0xe8,
    0xfc,0x7b,0xa1,0xff,0x3b,0x43,0x0c,0x74,0x24,0x89,0x43,0x0c,0x48,0x8b,0x0b,0x48,
    0x85,0xc9,0x75,0x04,0x85,0xc0,0x74,0x15,0x8d,0x14,0xc5,0x00,0x00,0x00,0x00,0x41,
    0xb8,0x08,0x00,0x00,0x00,0xe8,0xb6,0x89,0xa5,0xff,0x48,0x89,0x03,0x41,0xff,0xc6,
    0x48,0x83,0xc6,0x08,0x49,0x8b,0x45,0x70,0x48,0x8b,0x0c,0x07,0x44,0x3b,0xb1,0xac,
    0x03,0x00,0x00,0x0f,0x8c,0x27,0xff,0xff,0xff,0x49,0x8b,0x45,0x70,0x48,0x8b,0x1c,
    0x07,0x45,0x33,0xf6,0x44,0x89,0xb3,0xac,0x03,0x00,0x00,0x44,0x39,0xb3,0xb0,0x03,
    0x00,0x00,0x74,0x25,0x44,0x89,0xb3,0xb0,0x03,0x00,0x00,0x48,0x8b,0x8b,0xa4,0x03,
    0x00,0x00,0x48,0x85,0xc9,0x74,0x12,0x33,0xd2,0x45,0x8d,0x46,0x08,0xe8,0x5e,0x89,
    0xa5,0xff,0x48,0x89,0x83,0xa4,0x03,0x00,0x00,0x41,0xff,0xc7,0x48,0x83,0xc7,0x08,
    0x45,0x3b,0x7d,0x78,0x0f,0x8c,0xb6,0xfe,0xff,0xff,0xbb,0x01,0x00,0x00,0x00,0x41,
    0x89,0x9d,0xd4,0x01,0x00,0x00,0x44,0x89,0x74,0x24,0x20,0x4c,0x8d,0x0d,0xbe,0xc5,
    0xe7,0x00,0x45,0x33,0xc0,0x49,0x8b,0x55,0x68,0x49,0x8b,0x8d,0xe0,0x01,0x00,0x00,
    0xe8,0xeb,0x3e,0xe3,0xff,0x44,0x89,0x74,0x24,0x20,0x4c,0x8d,0x0d,0x9f,0xc5,0xe7,
    0x00,0x45,0x33,0xc0,0x49,0x8b,0x55,0x68,0x49,0x8b,0x8d,0xe8,0x01,0x00,0x00,0xe8,
    0xcc,0x3e,0xe3,0xff,0x45,0x89,0xb5,0xd4,0x01,0x00,0x00,0x41,0x8b,0xc6,0x41,0x83,
    0xbd,0xcc,0x01,0x00,0x00,0x00,0x0f,0x94,0xc0,0x41,0x89,0x85,0xcc,0x01,0x00,0x00,
    0x45,0x89,0xb5,0xc8,0x01,0x00,0x00,0x83,0x7d,0x97,0x00,0x75,0x3c,0x89,0x5d,0x97,
    0x48,0x8b,0x44,0x24,0x38,0xff,0x48,0x2c,0x48,0x8b,0x55,0x8f,0x48,0x8b,0x4c,0x24,
    0x38,0x48,0x3b,0x51,0x14,0x74,0x0a,0xe8,0x84,0x4e,0xaa,0xff,0x48,0x8b,0x4c,0x24,
    0x38,0x48,0x8b,0x45,0x87,0x48,0x89,0x01,0x48,0x8b,0x4c,0x24,0x38,0x48,0x8b,0x45,
    0x9b,0x48,0x89,0x41,0x1c,0x4c,0x89,0x75,0x87,0x48,0x8b,0x0d,0x08,0xc7,0xec,0x00,
    0x48,0x8b,0x01,0xba,0x35,0x00,0x00,0x00,0xff,0x50,0x40,0x41,0x83,0xbd,0x30,0x02,
    0x00,0x00,0x00,0x74,0x2d,0x48,0xb9,0x00,0x00,0x00,0x00,0x00,0x00,0x00,0x04,0x48,
    0xb8,0x00,0x00,0x00,0x00,0x00,0x00,0x08,0x04,0x83,0x3d,0xe8,0xc6,0xec,0x00,0x00,
    0x48,0x0f,0x45,0xc8,0x8b,0xd3,0xe8,0x85,0xe0,0xad,0xff,0x45,0x89,0xb5,0x30,0x02,
    0x00,0x00,0x49,0x8b,0xcd,0xe8,0xe6,0x3f,0x37,0x00,0x85,0xc0,0x74,0x57,0xf3,0x0f,
    0x10,0x45,0x77,0xf3,0x41,0x0f,0x58,0x85,0x2c,0x02,0x00,0x00,0xf3,0x41,0x0f,0x11,
    0x85,0x2c,0x02,0x00,0x00,0xe8,0x26,0x92,0xae,0xff,0x85,0xc0,0x75,0x28,0x48,0x8b,
    0x05,0x43,0x12,0x19,0x01,0xf3,0x0f,0x10,0x80,0x5c,0x06,0x00,0x00,0x41,0x0f,0x2f,
    0x85,0x2c,0x02,0x00,0x00,0x73,0x0f,0x0f,0x2f,0xc7,0x76,0x0a,0x49,0x8b,0xcd,0xe8,
    0xec,0x9a,0xff,0xff,0xeb,0x0f,0xf3,0x0f,0x10,0x0d,0x72,0x12,0x8d,0x00,0x8b,0xcb,
    0xe8,0x6b,0x76,0xae,0xff,0x49,0x8b,0xcd,0xe8,0x83,0x3f,0x37,0x00,0x85,0xc0,0x74,
    0x11,0x49,0x8b,0xcd,0xe8,0x17,0x39,0x37,0x00,0x0f,0x2f,0x05,0x94,0x57,0x8b,0x00,
    0x73,0x10,0x48,0x8b,0x0d,0xef,0x11,0x19,0x01,0x48,0x8b,0x01,0xff,0x90,0x98,0x02,
    0x00,0x00,0x41,0x8b,0x8c,0x24,0x98,0x03,0x00,0x00,0x0f,0xba,0xe1,0x0a,0x73,0x19,
    0x8b,0xc1,0xd1,0xe8,0x25,0x00,0x02,0x00,0x00,0x81,0xe1,0xff,0xf9,0xff,0xff,0x0b,
    0xc1,0x41,0x89,0x84,0x24,0x98,0x03,0x00,0x00,0x8b,0x05,0xcd,0xe5,0x19,0x01,0x3b,
    0xc3,0x41,0x0f,0x44,0xc6,0x89,0x05,0xc1,0xe5,0x19,0x01,0x8b,0x05,0xc7,0xe5,0x19,
    0x01,0x3b,0xc3,0x41,0x0f,0x44,0xc6,0x89,0x05,0xbb,0xe5,0x19,0x01,0x8b,0x05,0xb9,
    0xe5,0x19,0x01,0x3b,0xc3,0x41,0x0f,0x44,0xc6,0x89,0x05,0xad,0xe5,0x19,0x01,0x8b,
    0x05,0x33,0xe5,0x19,0x01,0x3b,0xc3,0x41,0x0f,0x44,0xc6,0x89,0x05,0x27,0xe5,0x19,
    0x01,0x8b,0x05,0x25,0xe5,0x19,0x01,0x3b,0xc3,0x41,0x0f,0x44,0xc6,0x89,0x05,0x19,
    0xe5,0x19,0x01,0x8b,0x05,0x17,0xe5,0x19,0x01,0x3b,0xc3,0x41,0x0f,0x44,0xc6,0x89,
    0x05,0x0b,0xe5,0x19,0x01,0x8b,0x05,0x09,0xe5,0x19,0x01,0x3b,0xc3,0x41,0x0f,0x44,
    0xc6,0x89,0x05,0xfd,0xe4,0x19,0x01,0x39,0x1d,0xfb,0xe4,0x19,0x01,0x75,0x11,0xe8,
    0x5c,0x43,0x23,0x00,0xe8,0x87,0x61,0x22,0x00,0x44,0x89,0x35,0xe8,0xe4,0x19,0x01,
    0x39,0x1d,0xe6,0xe4,0x19,0x01,0x75,0x40,0x48,0x8d,0x15,0x71,0xae,0xa8,0x00,0x48,
    0x8b,0x0d,0x42,0xa4,0xe7,0x00,0xe8,0x05,0x7d,0xaa,0xff,0x48,0x8d,0x15,0xde,0xae,
    0xa8,0x00,0x48,0x8b,0x0d,0x2f,0xa4,0xe7,0x00,0xe8,0xf2,0x7c,0xaa,0xff,0x48,0x8d,
    0x15,0x0b,0xaf,0xa8,0x00,0x48,0x8b,0x0d,0x1c,0xa4,0xe7,0x00,0xe8,0xdf,0x7c,0xaa,
    0xff,0x44,0x89,0x35,0xa4,0xe4,0x19,0x01,0x8b,0x05,0xa2,0xe4,0x19,0x01,0x3b,0xc3,
    0x41,0x0f,0x44,0xc6,0x89,0x05,0x96,0xe4,0x19,0x01,0x39,0x1d,0x94,0xe4,0x19,0x01,
    0x75,0x40,0x48,0x8d,0x15,0x57,0xaf,0xa8,0x00,0x48,0x8b,0x0d,0xe8,0xa3,0xe7,0x00,
    0xe8,0xab,0x7c,0xaa,0xff,0x48,0x8d,0x15,0xc4,0xaf,0xa8,0x00,0x48,0x8b,0x0d,0xd5,
    0xa3,0xe7,0x00,0xe8,0x98,0x7c,0xaa,0xff,0x48,0x8d,0x15,0x21,0xb0,0xa8,0x00,0x48,
    0x8b,0x0d,0xc2,0xa3,0xe7,0x00,0xe8,0x85,0x7c,0xaa,0xff,0x44,0x89,0x35,0x52,0xe4,
    0x19,0x01,0x83,0x7d,0x97,0x00,0x75,0x38,0x89,0x5d,0x97,0x48,0x8b,0x44,0x24,0x38,
    0xff,0x48,0x2c,0x48,0x8b,0x55,0x8f,0x48,0x8b,0x4c,0x24,0x38,0x48,0x3b,0x51,0x14,
    0x74,0x0a,0xe8,0x09,0x4c,0xaa,0xff,0x48,0x8b,0x4c,0x24,0x38,0x48,0x8b,0x45,0x87,
    0x48,0x89,0x01,0x48,0x8b,0x4c,0x24,0x38,0x48,0x8b,0x45,0x9b,0x48,0x89,0x41,0x1c,
    0x0f,0x28,0xb4,0x24,0xc0,0x00,0x00,0x00,0x0f,0x28,0xbc,0x24,0xb0,0x00,0x00,0x00,
    0x48,0x81,0xc4,0xd8,0x00,0x00,0x00,0x41,0x5f,0x41,0x5e,0x41,0x5d,0x41,0x5c,0x5f,
    0x5e,0x5b,0x5d,0xc3,
};
constexpr std::uint8_t kReportingBytes39[] = {
    0x48,0x8b,0xc4,0x55,0x41,0x54,0x41,0x55,0x41,0x56,0x41,0x57,0x48,0x8d,0x68,0xa8,
    0x48,0x81,0xec,0x30,0x01,0x00,0x00,0x48,0xc7,0x45,0xb0,0xfe,0xff,0xff,0xff,0x48,
    0x89,0x58,0x10,0x48,0x89,0x70,0x18,0x48,0x89,0x78,0x20,0x0f,0x29,0x70,0xc8,0x0f,
    0x29,0x78,0xb8,0x0f,0x28,0xf1,0x48,0x8b,0xf1,0x48,0x8d,0x0d,0xb8,0x59,0x1f,0x01,
    0xe8,0x7b,0x7a,0xcf,0xff,0x83,0x3d,0xc0,0x6d,0xf4,0x00,0x00,0x74,0x24,0x48,0x8b,
    0x0d,0xe3,0xfb,0x20,0x01,0xe8,0xf6,0x18,0x3e,0x00,0x48,0x85,0xc0,0x74,0x13,0x83,
    0xb8,0xc0,0x02,0x00,0x00,0x00,0x75,0x0a,0xc7,0x80,0xc0,0x02,0x00,0x00,0x01,0x00,
    0x00,0x00,0x0f,0x57,0xff,0x0f,0x2f,0xf7,0x73,0x13,0x48,0x8d,0x15,0x0f,0x16,0xad,
    0x00,0x48,0x8b,0x0d,0xc8,0x6d,0xf4,0x00,0xe8,0x93,0x7b,0xb1,0xff,0x48,0x8b,0x0d,
    0x1c,0x6d,0xf4,0x00,0x48,0x85,0xc9,0x74,0x09,0x48,0x8b,0x01,0x0f,0x28,0xce,0xff,
    0x50,0x48,0x48,0x8b,0x06,0x0f,0x28,0xce,0x48,0x8b,0xce,0xff,0x90,0x80,0x02,0x00,
    0x00,0x48,0x8b,0x06,0x0f,0x28,0xce,0x48,0x8b,0xce,0xff,0x90,0x88,0x02,0x00,0x00,
    0xe8,0x8b,0xcf,0x27,0x00,0x48,0x8b,0x0d,0x24,0xc4,0xf3,0x00,0x48,0x85,0xc9,0x74,
    0x06,0x48,0x8b,0x01,0xff,0x50,0x10,0x48,0x8b,0x8e,0x60,0x06,0x00,0x00,0x48,0x85,
    0xc9,0x74,0x0c,0x48,0x8b,0x01,0x0f,0x28,0xce,0xff,0x90,0x58,0x02,0x00,0x00,0x45,
    0x33,0xe4,0x44,0x89,0xa6,0x98,0x06,0x00,0x00,0x48,0x8b,0x0d,0xf0,0xc3,0xf3,0x00,
    0x48,0x85,0xc9,0x74,0x1b,0x44,0x39,0x25,0xd4,0xc3,0xf3,0x00,0x74,0x12,0x48,0x8b,
    0x01,0x41,0x8d,0x54,0x24,0x01,0xff,0x50,0x38,0x4c,0x89,0x25,0xd0,0xc3,0xf3,0x00,
    0x48,0x8b,0xce,0xe8,0xf8,0x4d,0xf8,0xff,0x44,0x39,0x25,0x75,0xc3,0xf3,0x00,0x74,
    0x3f,0x4c,0x39,0xa6,0x78,0x06,0x00,0x00,0x75,0x36,0x48,0x8b,0x0d,0xaf,0xc3,0xf3,
    0x00,0x48,0x85,0xc9,0x74,0x0b,0x48,0x8b,0x01,0xba,0x01,0x00,0x00,0x00,0xff,0x50,
    0x38,0x48,0x8d,0x15,0xd0,0x15,0xad,0x00,0x48,0x8b,0x0d,0xf9,0xa1,0xee,0x00,0xe8,
    0xbc,0x7a,0xb1,0xff,0x33,0xc9,0xe8,0x65,0x49,0xb6,0xff,0xe9,0xf5,0x0c,0x00,0x00,
    0x48,0x8b,0x8e,0x78,0x06,0x00,0x00,0x48,0x85,0xc9,0x74,0x0c,0x48,0x8b,0x01,0x0f,
    0x28,0xce,0xff,0x90,0xb0,0x02,0x00,0x00,0x0f,0x28,0xc6,0xe8,0x70,0xb5,0xb4,0xff,
    0x44,0x39,0x25,0x09,0xfb,0x20,0x01,0x74,0x0c,0x48,0x8d,0x0d,0x00,0xfb,0x20,0x01,
    0xe8,0x7b,0xe1,0x3e,0x00,0x44,0x89,0xa6,0x94,0x06,0x00,0x00,0x0f,0x28,0xd6,0xba,
    0x02,0x00,0x00,0x00,0x48,0x8b,0x0d,0x7d,0xfa,0x20,0x01,0xe8,0x30,0xe8,0x06,0x00,
    0x4c,0x8d,0x35,0x49,0xed,0x91,0x00,0xf6,0x86,0xc4,0x08,0x00,0x00,0x01,0x0f,0x84,
    0xce,0x00,0x00,0x00,0x48,0x8d,0x8e,0xf0,0x07,0x00,0x00,0x45,0x33,0xc0,0x48,0x8d,
    0x15,0xf3,0x15,0xad,0x00,0xe8,0xd6,0xe6,0x3c,0x00,0x48,0x8b,0xf8,0x48,0x85,0xc0,
    0x0f,0x84,0xac,0x00,0x00,0x00,0x44,0x39,0xa6,0x70,0x06,0x00,0x00,0x0f,0x84,0x9f,
    0x00,0x00,0x00,0x48,0x8b,0x8e,0x68,0x06,0x00,0x00,0x4c,0x39,0x21,0x0f,0x84,0x8f,
    0x00,0x00,0x00,0x4c,0x8b,0xc0,0x48,0x8d,0x15,0x53,0x16,0xad,0x00,0x48,0x8b,0x0d,
    0x34,0xa1,0xee,0x00,0xe8,0xf7,0x79,0xb1,0xff,0x48,0x8b,0x86,0x68,0x06,0x00,0x00,
    0x48,0x8b,0x18,0x48,0x8d,0x15,0x16,0x17,0xad,0x00,0x48,0x8d,0x4c,0x24,0x78,0xe8,
    0xdc,0xe5,0xa7,0xff,0x90,0x4c,0x8b,0xc7,0x48,0x8d,0x54,0x24,0x60,0x48,0x8b,0xc8,
    0xe8,0xdb,0x09,0xa8,0xff,0x90,0x83,0x78,0x08,0x00,0x74,0x05,0x48,0x8b,0x10,0xeb,
    0x03,0x49,0x8b,0xd6,0x48,0x8b,0x43,0x60,0x4c,0x8b,0x05,0xe9,0xa0,0xee,0x00,0x48,
    0x8d,0x4b,0x60,0xff,0x10,0x90,0x4c,0x89,0x64,0x24,0x68,0x48,0x8b,0x4c,0x24,0x60,
    0x48,0x85,0xc9,0x74,0x0a,0xe8,0xb6,0x7f,0xac,0xff,0x4c,0x89,0x64,0x24,0x60,0x4c,
    0x89,0x65,0x80,0x48,0x8b,0x4c,0x24,0x78,0x48,0x85,0xc9,0x74,0x05,0xe8,0x9e,0x7f,
    0xac,0xff,0x48,0x8b,0x8e,0x78,0x06,0x00,0x00,0x48,0x85,0xc9,0x74,0x08,0x0f,0x28,
    0xce,0xe8,0x7a,0x2d,0x1d,0x00,0x48,0x8b,0x0d,0x7b,0xf9,0x20,0x01,0x48,0x85,0xc9,
    0x0f,0x84,0x75,0x01,0x00,0x00,0x33,0xd2,0xe8,0xd3,0x36,0x3e,0x00,0x83,0xb8,0x2c,
    0x06,0x00,0x00,0x00,0x74,0x09,0x48,0x8b,0x88,0x24,0x06,0x00,0x00,0xeb,0x03,0x49,
    0x8b,0xce,0x48,0x8d,0x15,0x2b,0xed,0xac,0x00,0xff,0x15,0x89,0xf7,0x90,0x00,0x85,
    0xc0,0x0f,0x84,0x44,0x01,0x00,0x00,0x33,0xd2,0x48,0x8b,0x0d,0x38,0xf9,0x20,0x01,
    0xe8,0x9b,0x36,0x3e,0x00,0xf3,0x0f,0x10,0x80,0x34,0x06,0x00,0x00,0xf3,0x0f,0x5c,
    0xc6,0xf3,0x0f,0x11,0x80,0x34,0x06,0x00,0x00,0x48,0x8b,0x0d,0x18,0xf9,0x20,0x01,
    0x48,0x85,0xc9,0x0f,0x84,0x12,0x01,0x00,0x00,0x33,0xd2,0xe8,0x70,0x36,0x3e,0x00,
    0x0f,0x2f,0xb8,0x34,0x06,0x00,0x00,0x0f,0x82,0xfe,0x00,0x00,0x00,0x33,0xd2,0x48,
    0x8b,0x0d,0xf2,0xf8,0x20,0x01,0xe8,0x55,0x36,0x3e,0x00,0x83,0xb8,0x2c,0x06,0x00,
    0x00,0x00,0x74,0x09,0x4c,0x8b,0x80,0x24,0x06,0x00,0x00,0xeb,0x03,0x4d,0x8b,0xc6,
    0x48,0x8d,0x15,0xb1,0x16,0xad,0x00,0x48,0x8b,0x0d,0xea,0x9f,0xee,0x00,0xe8,0xad,
    0x78,0xb1,0xff,0x48,0x8b,0x0d,0xbe,0xf8,0x20,0x01,0xe8,0xd1,0x15,0x3e,0x00,0x48,
    0x85,0xc0,0x74,0x14,0x48,0x8b,0x0d,0xad,0xf8,0x20,0x01,0xe8,0xc0,0x15,0x3e,0x00,
    0x48,0x8b,0xc8,0xe8,0xa8,0x71,0xfb,0xff,0x4c,0x89,0x64,0x24,0x78,0x4c,0x89,0x65,
    0x80,0x33,0xd2,0x48,0x8b,0x0d,0x8e,0xf8,0x20,0x01,0xe8,0xf1,0x35,0x3e,0x00,0x83,
    0xb8,0x2c,0x06,0x00,0x00,0x00,0x74,0x07,0x4c,0x8b,0xb0,0x24,0x06,0x00,0x00,0x33,
    0xd2,0x48,0x8b,0x0d,0x70,0xf8,0x20,0x01,0xe8,0xd3,0x35,0x3e,0x00,0x44,0x0f,0xb6,
    0x88,0x99,0x05,0x00,0x00,0x48,0x8d,0x96,0xf0,0x07,0x00,0x00,0x4d,0x8b,0xc6,0x48,
    0x8d,0x4d,0xb8,0xe8,0xe8,0x49,0x3c,0x00,0x4c,0x8b,0x0e,0x4c,0x8d,0x44,0x24,0x78,
    0x48,0x8b,0xd0,0x48,0x8b,0xce,0x41,0xff,0x91,0x58,0x03,0x00,0x00,0x33,0xd2,0x48,
    0x8b,0x0d,0x32,0xf8,0x20,0x01,0xe8,0x95,0x35,0x3e,0x00,0x48,0x8d,0x88,0x24,0x06,
    0x00,0x00,0x48,0x8d,0x15,0xdb,0xec,0xac,0x00,0xe8,0x82,0x3c,0xc6,0xff,0x90,0x4c,
    0x89,0x65,0x80,0x48,0x8b,0x4c,0x24,0x78,0x48,0x85,0xc9,0x0f,0x84,0x34,0x0a,0x00,
    0x00,0xe8,0x0a,0x7e,0xac,0xff,0xe9,0x2a,0x0a,0x00,0x00,0x83,0xbe,0xb8,0x08,0x00,
    0x00,0x00,0x74,0x09,0x48,0x8b,0x8e,0xb0,0x08,0x00,0x00,0xeb,0x03,0x49,0x8b,0xce,
    0x48,0x8d,0x15,0x5d,0xed,0xac,0x00,0xff,0x15,0x1b,0xf6,0x90,0x00,0x85,0xc0,0x0f,
    0x84,0xfa,0x00,0x00,0x00,0x48,0x8b,0x8e,0x60,0x06,0x00,0x00,0x48,0x85,0xc9,0x74,
    0x09,0x48,0x8b,0x01,0xff,0x90,0x98,0x02,0x00,0x00,0x48,0x8b,0x0d,0xb7,0xf7,0x20,
    0x01,0xe8,0xca,0x14,0x3e,0x00,0x48,0x85,0xc0,0x74,0x36,0x48,0x8b,0x0d,0xa6,0xf7,
    0x20,0x01,0xe8,0xb9,0x14,0x3e,0x00,0x48,0x8b,0xd8,0x48,0x8b,0x38,0x45,0x33,0xc0,
    0x48,0x8b,0x15,0x59,0x10,0x20,0x01,0x48,0x8b,0xc8,0xe8,0xb1,0xf9,0xb2,0xff,0x48,
    0x8b,0xd0,0x45,0x33,0xc9,0x45,0x33,0xc0,0x48,0x8b,0xcb,0xff,0x97,0x08,0x02,0x00,
    0x00,0x4c,0x89,0x64,0x24,0x78,0x4c,0x89,0x65,0x80,0x48,0x63,0x9e,0xb8,0x08,0x00,
    0x00,0x49,0x8b,0xfc,0x4c,0x89,0x64,0x24,0x60,0x89,0x5c,0x24,0x68,0x89,0x5c,0x24,
    0x6c,0x85,0xdb,0x74,0x16,0x8d,0x14,0x1b,0x33,0xc9,0x44,0x8d,0x41,0x08,0xe8,0x0d,
    0x81,0xac,0xff,0x48,0x8b,0xf8,0x48,0x89,0x44,0x24,0x60,0x85,0xdb,0x74,0x16,0x4c,
    0x8b,0xc3,0x4d,0x03,0xc0,0x48,0x8b,0x96,0xb0,0x08,0x00,0x00,0x48,0x8b,0xcf,0xe8,
    0xc2,0x1c,0x7a,0x00,0x90,0x85,0xdb,0x4c,0x0f,0x45,0xf7,0x44,0x0f,0xb6,0x8e,0xc0,
    0x08,0x00,0x00,0x48,0x8d,0x96,0xf0,0x07,0x00,0x00,0x4d,0x8b,0xc6,0x48,0x8d,0x4d,
    0xb8,0xe8,0x9a,0x48,0x3c,0x00,0x4c,0x8b,0x0e,0x4c,0x8d,0x44,0x24,0x78,0x48,0x8b,
    0xd0,0x48,0x8b,0xce,0x41,0xff,0x91,0x58,0x03,0x00,0x00,0x90,0x48,0x85,0xff,0x74,
    0x09,0x48,0x8b,0xcf,0xe8,0xe7,0x7c,0xac,0xff,0x90,0xe9,0xc0,0xfe,0xff,0xff,0x48,
    0x8b,0x8e,0xd8,0x07,0x00,0x00,0x48,0x85,0xc9,0x0f,0x84,0x69,0x03,0x00,0x00,0x48,
    0x8b,0x01,0x0f,0x28,0xce,0xff,0x90,0x50,0x02,0x00,0x00,0x4c,0x8b,0x86,0xd8,0x07,
    0x00,0x00,0x41,0x8b,0x80,0x04,0x01,0x00,0x00,0x85,0xc0,0x0f,0x84,0x4b,0x01,0x00,
    0x00,0xff,0xc8,0x85,0xc0,0x0f,0x8e,0x41,0x01,0x00,0x00,0x33,0xd2,0x48,0x8b,0xce,
    0xe8,0xbb,0x65,0xfb,0xff,0x48,0x8b,0x8e,0xd8,0x07,0x00,0x00,0x48,0x83,0xc1,0x78,
    0x45,0x33,0xc0,0x48,0x8d,0x55,0x90,0xe8,0x74,0x8a,0x3d,0x00,0x48,0x8b,0xd8,0x48,
    0x8b,0x8e,0xd8,0x07,0x00,0x00,0x48,0x83,0xc1,0x78,0x45,0x33,0xc0,0x48,0x8d,0x54,
    0x24,0x78,0xe8,0x59,0x8a,0x3d,0x00,0x4c,0x8b,0xf8,0x45,0x33,0xc9,0x4c,0x8d,0x05,
    0x84,0x1a,0xad,0x00,0x48,0x8d,0x15,0xd5,0x1a,0xad,0x00,0x48,0x8d,0x4c,0x24,0x60,
    0xe8,0x8b,0x70,0xb1,0xff,0x90,0x48,0x8b,0x8e,0xd8,0x07,0x00,0x00,0x83,0xb9,0x04,
    0x01,0x00,0x00,0x00,0x74,0x09,0x48,0x8b,0xb9,0xfc,0x00,0x00,0x00,0xeb,0x03,0x49,
    0x8b,0xfe,0x83,0x7b,0x08,0x00,0x74,0x05,0x48,0x8b,0x1b,0xeb,0x03,0x49,0x8b,0xde,
    0x83,0xb9,0x04,0x01,0x00,0x00,0x00,0x74,0x09,0x4c,0x8b,0x81,0xfc,0x00,0x00,0x00,
    0xeb,0x03,0x4d,0x8b,0xc6,0x41,0x83,0x7f,0x08,0x00,0x74,0x03,0x4d,0x8b,0x37,0x49,
    0x8b,0xd6,0x48,0x8b,0x08,0xe8,0x26,0xa0,0xa9,0xff,0x48,0x89,0x7c,0x24,0x20,0x4c,
    0x8b,0xcb,0x4c,0x8b,0xc0,0xba,0xf8,0x02,0x00,0x00,0x48,0x8b,0x0d,0xf7,0x9c,0xee,
    0x00,0xe8,0xaa,0x76,0xb1,0xff,0x90,0x4c,0x89,0x64,0x24,0x68,0x48,0x8b,0x4c,0x24,
    0x60,0x48,0x85,0xc9,0x74,0x0a,0xe8,0xc5,0x7b,0xac,0xff,0x4c,0x89,0x64,0x24,0x60,
    0x4c,0x89,0x65,0x80,0x48,0x8b,0x4c,0x24,0x78,0x48,0x85,0xc9,0x74,0x0a,0xe8,0xad,
    0x7b,0xac,0xff,0x4c,0x89,0x64,0x24,0x78,0x4c,0x89,0x65,0x98,0x48,0x8b,0x4d,0x90,
    0x48,0x85,0xc9,0x74,0x05,0xe8,0x96,0x7b,0xac,0xff,0x4c,0x8b,0x86,0xd8,0x07,0x00,
    0x00,0x48,0x8b,0x06,0x4d,0x8d,0x88,0xfc,0x00,0x00,0x00,0x49,0x81,0xc0,0x0c,0x01,
    0x00,0x00,0xba,0x04,0x00,0x00,0x00,0x48,0x8b,0xce,0xff,0x90,0x78,0x02,0x00,0x00,
    0x4c,0x89,0xa6,0xd8,0x07,0x00,0x00,0xe9,0xfc,0x01,0x00,0x00,0x41,0x83,0xb8,0xf0,
    0x00,0x00,0x00,0x00,0x0f,0x84,0xee,0x01,0x00,0x00,0x41,0x83,0xb8,0xf8,0x00,0x00,
    0x00,0x00,0x0f,0x85,0xe0,0x01,0x00,0x00,0x41,0x83,0xb8,0xf4,0x00,0x00,0x00,0x00,
    0x0f,0x85,0xd2,0x01,0x00,0x00,0x4c,0x89,0x64,0x24,0x78,0x4c,0x89,0x65,0x80,0x48,
    0x8b,0x06,0x49,0x8d,0x50,0x78,0x4c,0x8d,0x4c,0x24,0x78,0x48,0x8b,0xce,0xff,0x90,
    0x60,0x03,0x00,0x00,0x85,0xc0,0x74,0x6f,0x83,0x7d,0x80,0x00,0x4c,0x0f,0x45,0x74,
    0x24,0x78,0x48,0x8d,0x15,0xcb,0xea,0xac,0x00,0x49,0x8b,0xce,0xff,0x15,0x36,0xf3,
    0x90,0x00,0x85,0xc0,0x75,0x51,0xc6,0x86,0xfc,0x06,0x00,0x00,0x04,0x8d,0x50,0x01,
    0x48,0x8b,0xce,0xe8,0x58,0xad,0xff,0xff,0x48,0x8b,0x8e,0xd8,0x07,0x00,0x00,0x48,
    0x8b,0x01,0xff,0x90,0x60,0x02,0x00,0x00,0x48,0x8b,0x86,0xd8,0x07,0x00,0x00,0x4c,
    0x89,0xa0,0xd8,0x00,0x00,0x00,0x48,0x8b,0x86,0xd8,0x07,0x00,0x00,0x4c,0x89,0xa0,
    0xe0,0x00,0x00,0x00,0x48,0x8b,0x86,0xd8,0x07,0x00,0x00,0x4c,0x89,0xa0,0xe8,0x00,
    0x00,0x00,0xe9,0x27,0x01,0x00,0x00,0x48,0x8b,0x9e,0x68,0x06,0x00,0x00,0x48,0x8b,
    0x03,0x48,0x83,0x78,0x68,0x00,0x0f,0x85,0xc7,0x00,0x00,0x00,0x48,0x83,0x3d,0x84,
    0xf4,0x20,0x01,0x00,0x74,0x6c,0x4c,0x89,0x65,0xa0,0x44,0x89,0x65,0xa8,0x48,0xc7,
    0x45,0x90,0x00,0x00,0x00,0x00,0xc7,0x45,0x98,0x00,0x00,0x00,0x00,0x4c,0x89,0x65,
    0x60,0xe8,0x9a,0x42,0xc0,0xff,0x48,0x8b,0xd0,0x44,0x89,0x64,0x24,0x50,0x4c,0x89,
    0x64,0x24,0x48,0x4c,0x89,0x64,0x24,0x40,0x44,0x89,0x64,0x24,0x38,0x44,0x89,0x64,
    0x24,0x30,0x4c,0x89,0x64,0x24,0x28,0x48,0x8d,0x45,0xa0,0x48,0x89,0x44,0x24,0x20,
    0x4c,0x8d,0x4d,0x90,0x4d,0x8b,0xc4,0x48,0x8b,0x0d,0x2a,0xf4,0x20,0x01,0xe8,0x4d,
    0xbc,0x05,0x00,0x48,0x8b,0xc8,0xe8,0x95,0x09,0xbe,0xff,0x48,0x8b,0x0b,0x48,0x89,
    0x41,0x68,0x4c,0x89,0x64,0x24,0x60,0x4c,0x89,0x64,0x24,0x68,0x48,0x8d,0x96,0xf0,
    0x07,0x00,0x00,0x41,0xb9,0x02,0x00,0x00,0x00,0x4c,0x8d,0x05,0xb8,0x1d,0xad,0x00,
    0x48,0x8d,0x4d,0xb8,0xe8,0x87,0x45,0x3c,0x00,0x4c,0x8b,0x0e,0x4c,0x8d,0x44,0x24,
    0x60,0x48,0x8b,0xd0,0x48,0x8b,0xce,0x41,0xff,0x91,0x58,0x03,0x00,0x00,0x90,0x4c,
    0x89,0x64,0x24,0x68,0x48,0x8b,0x4c,0x24,0x60,0x48,0x85,0xc9,0x74,0x05,0xe8,0xcd,
    0x79,0xac,0xff,0x45,0x33,0xc9,0x4c,0x8d,0x05,0x8b,0x1d,0xad,0x00,0x48,0x8d,0x15,
    0x94,0x1d,0xad,0x00,0x48,0x8d,0x4c,0x24,0x60,0xe8,0xf2,0x6d,0xb1,0xff,0x90,0x4c,
    0x8b,0x16,0x4c,0x8d,0x4c,0x24,0x78,0x4c,0x8b,0xc0,0xba,0x04,0x00,0x00,0x00,0x48,
    0x8b,0xce,0x41,0xff,0x92,0x78,0x02,0x00,0x00,0x90,0x4c,0x89,0x64,0x24,0x68,0x48,
    0x8b,0x4c,0x24,0x60,0x48,0x85,0xc9,0x74,0x05,0xe8,0x82,0x79,0xac,0xff,0x4c,0x89,
    0xa6,0xd8,0x07,0x00,0x00,0x4c,0x89,0x65,0x80,0x48,0x8b,0x4c,0x24,0x78,0x48,0x85,
    0xc9,0x74,0x05,0xe8,0x68,0x79,0xac,0xff,0x0f,0xb6,0x86,0xfc,0x06,0x00,0x00,0x3c,
    0x04,0x75,0x70,0xc6,0x86,0xfc,0x06,0x00,0x00,0x00,0x83,0xca,0xff,0x0f,0x1f,0x00,
    0xff,0xc2,0x78,0x1c,0x3b,0x96,0x70,0x06,0x00,0x00,0x7d,0x14,0x48,0x8b,0x8e,0x68,
    0x06,0x00,0x00,0x48,0x63,0xc2,0x48,0x83,0x3c,0xc1,0x00,0x74,0xe3,0x0f,0x1f,0x00,
    0x85,0xd2,0x78,0x62,0x44,0x8b,0x86,0x70,0x06,0x00,0x00,0x41,0x3b,0xd0,0x7d,0x56,
    0x4c,0x8b,0x8e,0x68,0x06,0x00,0x00,0x48,0x63,0xc2,0x49,0x8b,0x0c,0xc1,0x48,0x83,
    0x79,0x68,0x00,0x74,0x15,0xff,0xc2,0x78,0xd7,0x41,0x3b,0xd0,0x7d,0xd2,0x48,0x63,
    0xc2,0x49,0x83,0x3c,0xc1,0x00,0x74,0xed,0xeb,0xc6,0xc6,0x86,0xfc,0x06,0x00,0x00,
    0x04,0xeb,0x23,0x3c,0x01,0x77,0x1f,0x33,0xd2,0x48,0x8b,0x0d,0xd8,0xf2,0x20,0x01,
    0xe8,0x3b,0x30,0x3e,0x00,0x48,0x83,0xb8,0x10,0x05,0x00,0x00,0x00,0x0f,0x95,0xc0,
    0x88,0x86,0xfc,0x06,0x00,0x00,0x83,0x3d,0xeb,0x63,0xf4,0x00,0x00,0x74,0x1a,0x83,
    0x3d,0x46,0x54,0xf1,0x00,0x00,0x74,0x11,0x44,0x89,0x25,0x3d,0x54,0xf1,0x00,0xe8,
    0xac,0x6a,0xdd,0xff,0xe8,0x97,0x42,0xb6,0xff,0x48,0x8b,0xbe,0x78,0x06,0x00,0x00,
    0x48,0x85,0xff,0x74,0x41,0x48,0x8b,0x1f,0x45,0x33,0xc0,0x48,0x8b,0x15,0x86,0x0f,
    0x20,0x01,0x48,0x8b,0xcf,0xe8,0xa6,0xf4,0xb2,0xff,0x48,0x8b,0xd0,0x45,0x33,0xc9,
    0x45,0x33,0xc0,0x48,0x8b,0xcf,0xff,0x93,0x08,0x02,0x00,0x00,0x48,0x8b,0x86,0x78,
    0x06,0x00,0x00,0x48,0x8b,0x48,0x70,0x48,0x85,0xc9,0x74,0x0a,0xba,0x01,0x00,0x00,
    0x00,0xe8,0x7a,0x16,0xef,0xff,0x33,0xd2,0x48,0x8b,0x0d,0x49,0xf2,0x20,0x01,0xe8,
    0xac,0x2f,0x3e,0x00,0x4c,0x8d,0x35,0xdd,0x99,0x97,0x00,0xf6,0x80,0x98,0x03,0x00,
    0x00,0x80,0x0f,0x84,0x7d,0x02,0x00,0x00,0xe8,0xf3,0x07,0xac,0xff,0x85,0xc0,0x75,
    0x22,0x33,0xd2,0x48,0x8b,0x0d,0x1e,0xf2,0x20,0x01,0xe8,0x71,0xf9,0x3e,0x00,0x48,
    0x8b,0x0d,0x12,0xf2,0x20,0x01,0xe8,0xc5,0x44,0x3e,0x00,0x85,0xc0,0x0f,0x84,0x3a,
    0x02,0x00,0x00,0x48,0x8b,0x05,0xee,0x05,0x20,0x01,0x48,0x8b,0x88,0x60,0x06,0x00,
    0x00,0x48,0x85,0xc9,0x74,0x09,0x48,0x8b,0x01,0xff,0x90,0x98,0x02,0x00,0x00,0x48,
    0x8b,0x0d,0xe2,0xf1,0x20,0x01,0xe8,0xe5,0x0c,0x3e,0x00,0x48,0x8b,0xf8,0x48,0x85,
    0xc0,0x0f,0x84,0x8d,0x00,0x00,0x00,0x66,0x0f,0x1f,0x84,0x00,0x00,0x00,0x00,0x00,
    0x48,0x8b,0x17,0x48,0x8b,0xcf,0xff,0x92,0xe8,0x05,0x00,0x00,0x4c,0x8b,0xf8,0x48,
    0x85,0xc0,0x74,0x5d,0x48,0x8b,0x88,0x70,0x04,0x00,0x00,0xe8,0x80,0x17,0xf1,0xff,
    0x4c,0x8b,0xf0,0x48,0x85,0xc0,0x74,0x49,0x48,0x8b,0x10,0x48,0x8b,0xc8,0xff,0x92,
    0x58,0x02,0x00,0x00,0x48,0x85,0xc0,0x75,0x38,0x49,0x8b,0x1f,0x45,0x33,0xc0,0x48,
    0x8b,0x15,0x02,0x08,0x20,0x01,0x49,0x8b,0xcf,0xe8,0xa2,0xf3,0xb2,0xff,0x48,0x8b,
    0xd0,0x45,0x33,0xc9,0x45,0x33,0xc0,0x49,0x8b,0xcf,0xff,0x93,0x08,0x02,0x00,0x00,
    0x49,0x8b,0x06,0xba,0x01,0x00,0x00,0x00,0x49,0x8b,0xce,0xff,0x90,0x90,0x02,0x00,
    0x00,0x48,0x8b,0xbf,0x84,0x02,0x00,0x00,0x48,0x85,0xff,0x75,0x83,0x4c,0x8d,0x35,
    0xe4,0x98,0x97,0x00,0x83,0x3d,0xa5,0x57,0x1f,0x01,0x00,0x0f,0x84,0x8e,0x00,0x00,
    0x00,0x41,0xb8,0x08,0x00,0x00,0x00,0x48,0x8d,0x15,0xda,0x57,0x1f,0x01,0x48,0x8d,
    0x4c,0x24,0x60,0xe8,0x98,0xc9,0xa9,0xff,0x90,0x8b,0x4c,0x24,0x70,0x48,0x8b,0x44,
    0x24,0x68,0x2b,0xc8,0x83,0xf9,0x08,0x73,0x4b,0x48,0x85,0xc0,0x74,0x06,0x4c,0x89,
    0x30,0x89,0x48,0x08,0x48,0x8d,0x4c,0x24,0x60,0xe8,0x62,0xda,0xa9,0xff,0x41,0xb8,
    0x08,0x00,0x00,0x00,0x48,0x8d,0x15,0x9d,0x57,0x1f,0x01,0x48,0x8d,0x4c,0x24,0x78,
    0xe8,0x5b,0xc9,0xa9,0xff,0x48,0x8b,0x50,0x08,0x48,0x85,0xd2,0x74,0x0a,0x48,0x8d,
    0x0d,0x2b,0x7d,0xad,0x00,0x48,0x89,0x0a,0x48,0x8d,0x4c,0x24,0x78,0xe8,0x2e,0xda,
    0xa9,0xff,0xeb,0x0f,0x48,0x85,0xc0,0x74,0x0a,0x48,0x8d,0x0d,0x10,0x7d,0xad,0x00,
    0x48,0x89,0x08,0x48,0x8d,0x4c,0x24,0x60,0xe8,0x13,0xda,0xa9,0xff,0xeb,0x0a,0xc7,
    0x05,0xf3,0x55,0x1f,0x01,0x01,0x00,0x00,0x00,0xe8,0xe2,0xde,0xd6,0xff,0x45,0x33,
    0xc0,0x33,0xd2,0x48,0x8b,0x0d,0x8e,0xf0,0x20,0x01,0xe8,0x31,0x06,0x3e,0x00,0x83,
    0x3d,0xea,0x56,0x1f,0x01,0x00,0x0f,0x84,0x8e,0x00,0x00,0x00,0x41,0xb8,0x08,0x00,
    0x00,0x00,0x48,0x8d,0x15,0x1f,0x57,0x1f,0x01,0x48,0x8d,0x4c,0x24,0x60,0xe8,0xdd,
    0xc8,0xa9,0xff,0x90,0x8b,0x4c,0x24,0x70,0x48,0x8b,0x44,0x24,0x68,0x2b,0xc8,0x83,
    0xf9,0x08,0x73,0x4b,0x48,0x85,0xc0,0x74,0x06,0x4c,0x89,0x30,0x89,0x48,0x08,0x48,
    0x8d,0x4c,0x24,0x60,0xe8,0xa7,0xd9,0xa9,0xff,0x41,0xb8,0x08,0x00,0x00,0x00,0x48,
    0x8d,0x15,0xe2,0x56,0x1f,0x01,0x48,0x8d,0x4c,0x24,0x78,0xe8,0xa0,0xc8,0xa9,0xff,
    0x48,0x8b,0x50,0x08,0x48,0x85,0xd2,0x74,0x0a,0x48,0x8d,0x0d,0x88,0x7c,0xad,0x00,
    0x48,0x89,0x0a,0x48,0x8d,0x4c,0x24,0x78,0xe8,0x73,0xd9,0xa9,0xff,0xeb,0x0f,0x48,
    0x85,0xc0,0x74,0x0a,0x48,0x8d,0x0d,0x6d,0x7c,0xad,0x00,0x48,0x89,0x08,0x48,0x8d,
    0x4c,0x24,0x60,0xe8,0x58,0xd9,0xa9,0xff,0xeb,0x23,0x48,0x8d,0x0d,0x57,0x7c,0xad,
    0x00,0x48,0x89,0x4d,0x60,0x44,0x89,0x25,0x30,0x55,0x1f,0x01,0x48,0x8b,0x0d,0xed,
    0x2c,0x1f,0x01,0x48,0x8b,0x01,0xff,0x90,0x50,0x06,0x00,0x00,0x90,0x33,0xd2,0x48,
    0x8b,0x0d,0xc2,0xef,0x20,0x01,0xe8,0x25,0x2d,0x3e,0x00,0x81,0xa0,0x98,0x03,0x00,
    0x00,0x7f,0xff,0xff,0xff,0x33,0xd2,0x48,0x8b,0x0d,0xaa,0xef,0x20,0x01,0xe8,0xfd,
    0xf6,0x3e,0x00,0x48,0x8b,0x8e,0x60,0x06,0x00,0x00,0x48,0x85,0xc9,0x74,0x41,0x48,
    0x8b,0x01,0xff,0x90,0x88,0x02,0x00,0x00,0x48,0x85,0xc0,0x74,0x33,0x48,0x8b,0x8e,
    0x60,0x06,0x00,0x00,0x48,0x8b,0x01,0xff,0x90,0x88,0x02,0x00,0x00,0x48,0x8b,0xd8,
    0x48,0x8b,0x38,0x48,0x8b,0x0d,0x6e,0xef,0x20,0x01,0xe8,0x21,0x8a,0x06,0x00,0x41,
    0x8b,0xd4,0x85,0xc0,0x0f,0x94,0xc2,0x48,0x8b,0xcb,0xff,0x97,0x88,0x02,0x00,0x00,
    0x48,0x8b,0x8e,0x60,0x06,0x00,0x00,0x48,0x85,0xc9,0x74,0x41,0x48,0x8b,0x01,0xff,
    0x90,0x90,0x02,0x00,0x00,0x48,0x85,0xc0,0x74,0x33,0x48,0x8b,0x8e,0x60,0x06,0x00,
    0x00,0x48,0x8b,0x01,0xff,0x90,0x90,0x02,0x00,0x00,0x48,0x8b,0xd8,0x48,0x8b,0x38,
    0x48,0x8b,0x0d,0x21,0xef,0x20,0x01,0xe8,0xd4,0x89,0x06,0x00,0x41,0x8b,0xd4,0x85,
    0xc0,0x0f,0x94,0xc2,0x48,0x8b,0xcb,0xff,0x97,0x60,0x02,0x00,0x00,0x83,0x3d,0x70,
    0xb7,0xf3,0x00,0x00,0x74,0x13,0x48,0x8b,0x0d,0xa3,0x00,0x20,0x01,0x48,0x8b,0x01,
    0x45,0x33,0xc0,0x0f,0x28,0xce,0xff,0x50,0x08,0x83,0xa6,0xc4,0x08,0x00,0x00,0xfe,
    0x44,0x89,0xa6,0x90,0x06,0x00,0x00,0x48,0x8b,0x06,0x48,0x8b,0xce,0xff,0x90,0x50,
    0x03,0x00,0x00,0x48,0x8b,0xce,0xe8,0x95,0x65,0xfd,0xff,0x83,0x3d,0xc2,0xd7,0x20,
    0x01,0x00,0x0f,0x85,0xd7,0x00,0x00,0x00,0x83,0x3d,0x21,0x55,0x1f,0x01,0x00,0x0f,
    0x84,0xae,0x00,0x00,0x00,0x41,0xb8,0x14,0x00,0x00,0x00,0x48,0x8d,0x15,0x56,0x55,
    0x1f,0x01,0x48,0x8d,0x4c,0x24,0x60,0xe8,0x14,0xc7,0xa9,0xff,0x90,0x8b,0x4c,0x24,
    0x70,0x48,0x8b,0x44,0x24,0x68,0x2b,0xc8,0x83,0xf9,0x14,0x73,0x5b,0x48,0x85,0xc0,
    0x74,0x06,0x4c,0x89,0x30,0x89,0x48,0x08,0x48,0x8d,0x4c,0x24,0x60,0xe8,0xde,0xd7,
    0xa9,0xff,0x41,0xb8,0x14,0x00,0x00,0x00,0x48,0x8d,0x15,0x19,0x55,0x1f,0x01,0x48,
    0x8d,0x4c,0x24,0x78,0xe8,0xd7,0xc6,0xa9,0xff,0x48,0x8b,0x48,0x08,0x48,0x85,0xc9,
    0x74,0x1a,0x48,0x8d,0x15,0xd7,0x7a,0xad,0x00,0x48,0x89,0x11,0x48,0x8d,0x15,0xf5,
    0xd8,0x20,0x01,0x48,0x89,0x51,0x08,0xf3,0x0f,0x11,0x71,0x10,0x48,0x8d,0x4c,0x24,
    0x78,0xe8,0x9a,0xd7,0xa9,0xff,0xeb,0x1f,0x48,0x85,0xc0,0x74,0x1a,0x48,0x8d,0x15,
    0xac,0x7a,0xad,0x00,0x48,0x89,0x10,0x48,0x8d,0x15,0xca,0xd8,0x20,0x01,0x48,0x89,
    0x50,0x08,0xf3,0x0f,0x11,0x70,0x10,0x48,0x8d,0x4c,0x24,0x60,0xe8,0x6f,0xd7,0xa9,
    0xff,0xeb,0x1c,0xf3,0x0f,0x11,0x35,0xad,0xd8,0x20,0x01,0xf3,0x0f,0x10,0x05,0xa9,
    0xd8,0x20,0x01,0xf3,0x0f,0x58,0xc6,0xf3,0x0f,0x11,0x05,0x9d,0xd8,0x20,0x01,0xf6,
    0x86,0xc4,0x08,0x00,0x00,0x02,0x74,0x08,0x48,0x8b,0xce,0xe8,0x00,0x03,0x00,0x00,
    0xe8,0x7b,0x02,0xab,0xff,0x4c,0x8d,0x9c,0x24,0x30,0x01,0x00,0x00,0x49,0x8b,0x5b,
    0x38,0x49,0x8b,0x73,0x40,0x49,0x8b,0x7b,0x48,0x41,0x0f,0x28,0x73,0xf0,0x41,0x0f,
    0x28,0x7b,0xe0,0x49,0x8b,0xe3,0x41,0x5f,0x41,0x5e,0x41,0x5d,0x41,0x5c,0x5d,0xc3,
};
constexpr std::uint8_t kReportingBytes40[] = {
    0x40,0x53,0x48,0x83,0xec,0x40,0x48,0xc7,0x44,0x24,0x20,0xfe,0xff,0xff,0xff,0x48,
    0x8b,0xd9,0xe8,0x29,0x9b,0xf6,0xff,0x90,0x48,0x8d,0x05,0x11,0x8a,0x7a,0x00,0x48,
    0x89,0x03,0x48,0x8d,0x05,0x9f,0x90,0x7a,0x00,0x48,0x89,0x43,0x60,0x33,0xc0,0x48,
    0x89,0x83,0x8c,0x06,0x00,0x00,0x48,0x89,0x83,0x94,0x06,0x00,0x00,0x48,0x89,0x83,
    0xac,0x06,0x00,0x00,0x48,0x89,0x83,0xb4,0x06,0x00,0x00,0x48,0x89,0x83,0xbc,0x06,
    0x00,0x00,0x48,0x89,0x83,0xc8,0x06,0x00,0x00,0x89,0x83,0xd0,0x06,0x00,0x00,0x48,
    0x8b,0xc3,0x48,0x83,0xc4,0x40,0x5b,0xc3,
};
constexpr std::uint8_t kReportingBytes41[] = {
    0x48,0x89,0x4c,0x24,0x08,0x57,0x48,0x83,0xec,0x30,0x48,0xc7,0x44,0x24,0x20,0xfe,
    0xff,0xff,0xff,0x48,0x89,0x5c,0x24,0x48,0x48,0x89,0x74,0x24,0x50,0x48,0x8b,0xd9,
    0xe8,0xcb,0x5f,0x73,0xff,0x90,0x48,0x8d,0x7b,0x60,0x48,0x8d,0x05,0xf7,0x03,0x5a,
    0x00,0x48,0x89,0x07,0x83,0x3d,0x35,0x71,0xb4,0x00,0x00,0x75,0x6e,0x48,0x63,0x0d,
    0x14,0x68,0xe1,0x00,0x48,0x8b,0xf1,0xff,0xc1,0x89,0x0d,0x09,0x68,0xe1,0x00,0x8b,
    0x15,0x07,0x68,0xe1,0x00,0x3b,0xca,0x7e,0x3f,0x41,0xb8,0x08,0x00,0x00,0x00,0xe8,
    0x5c,0x24,0x69,0xff,0x89,0x05,0xf2,0x67,0xe1,0x00,0x48,0x8b,0x0d,0xdf,0x67,0xe1,
    0x00,0x48,0x85,0xc9,0x75,0x04,0x85,0xc0,0x74,0x25,0x8d,0x14,0xc5,0x00,0x00,0x00,
    0x00,0x41,0xb8,0x08,0x00,0x00,0x00,0xe8,0x14,0x32,0x6d,0xff,0x48,0x8b,0xc8,0x48,
    0x89,0x05,0xba,0x67,0xe1,0x00,0xeb,0x07,0x48,0x8b,0x0d,0xb1,0x67,0xe1,0x00,0x48,
    0x8d,0x14,0xf1,0x48,0x85,0xd2,0x74,0x03,0x48,0x89,0x3a,0x48,0x8d,0x05,0xde,0x86,
    0x7e,0x00,0x48,0x89,0x03,0x48,0x8d,0x05,0x5c,0x89,0x7e,0x00,0x48,0x89,0x07,0x33,
    0xc0,0x48,0x89,0x43,0x68,0x48,0x89,0x43,0x70,0x48,0x89,0x43,0x78,0x48,0x89,0x83,
    0x80,0x00,0x00,0x00,0x48,0x89,0x83,0x88,0x00,0x00,0x00,0x48,0x89,0x83,0x90,0x00,
    0x00,0x00,0x48,0x89,0x83,0x98,0x00,0x00,0x00,0x48,0x89,0x83,0xa0,0x00,0x00,0x00,
    0x48,0x89,0x83,0xa8,0x00,0x00,0x00,0x48,0x89,0x83,0xb0,0x00,0x00,0x00,0x48,0x89,
    0x83,0xb8,0x00,0x00,0x00,0x48,0x89,0x83,0xc0,0x00,0x00,0x00,0x48,0x89,0x83,0xc8,
    0x00,0x00,0x00,0x48,0x89,0x83,0xd0,0x00,0x00,0x00,0x48,0x89,0x83,0xd8,0x00,0x00,
    0x00,0x48,0x89,0x83,0xe0,0x00,0x00,0x00,0x48,0x89,0x83,0xe8,0x00,0x00,0x00,0x48,
    0x89,0x83,0xf0,0x00,0x00,0x00,0x48,0x89,0x83,0xf8,0x00,0x00,0x00,0x48,0x89,0x83,
    0x00,0x01,0x00,0x00,0x48,0x89,0x83,0x08,0x01,0x00,0x00,0x48,0x89,0x83,0x10,0x01,
    0x00,0x00,0x48,0x8b,0xc3,0x48,0x8b,0x5c,0x24,0x48,0x48,0x8b,0x74,0x24,0x50,0x48,
    0x83,0xc4,0x30,0x5f,0xc3,
};
constexpr std::uint8_t kReportingBytes42[] = {
    0x21,0x05,0x02,0x00,0x05,0x68,0x02,0x00,0x10,0xde,0x0a,0x00,0x81,0xde,0x0a,0x00,
    0x5c,0x0a,0x35,0x01,
};
constexpr std::uint8_t kReportingBytes43[] = {
    0x01,0x19,0x06,0x00,0x19,0x68,0x02,0x00,0x0a,0x34,0x08,0x00,0x0a,0x52,0x06,0x70,
};
constexpr std::uint8_t kReportingBytes44[] = {
    0x01,0x04,0x01,0x00,0x04,0x62,0x00,0x00,
};
constexpr std::uint8_t kReportingBytes45[] = {
    0x01,0x06,0x02,0x00,0x06,0x32,0x02,0x30,
};
constexpr std::uint8_t kReportingBytes46[] = {
    0x01,0x14,0x08,0x00,0x14,0x64,0x09,0x00,0x14,0x54,0x08,0x00,0x14,0x34,0x06,0x00,
    0x14,0x32,0x10,0x70,
};
constexpr std::uint8_t kReportingBytes47[] = {
    0x11,0x33,0x11,0x00,0x33,0x78,0x11,0x00,0x2f,0x68,0x12,0x00,0x2b,0x74,0x2f,0x00,
    0x27,0x64,0x2e,0x00,0x23,0x34,0x2d,0x00,0x17,0x01,0x26,0x00,0x0c,0xf0,0x0a,0xe0,
    0x08,0xd0,0x06,0xc0,0x04,0x50,0x00,0x00,0xb2,0x74,0xd2,0x00,
};
constexpr std::uint8_t kReportingBytes48[] = {
    0x11,0x2f,0x0e,0x00,0x2f,0x78,0x0b,0x00,0x2b,0x68,0x0c,0x00,0x1f,0x01,0x1b,0x00,
    0x14,0xf0,0x12,0xe0,0x10,0xd0,0x0e,0xc0,0x0c,0x70,0x0b,0x60,0x0a,0x30,0x09,0x50,
    0xb2,0x74,0xd2,0x00,
};
constexpr std::uint8_t kReportingBytes49[] = {
    0x19,0x4c,0x13,0x00,0x3b,0x88,0x8a,0x00,0x36,0x78,0x8b,0x00,0x32,0x68,0x8c,0x00,
    0x2e,0x74,0x23,0x01,0x2a,0x64,0x22,0x01,0x26,0x34,0x21,0x01,0x1a,0x01,0x1a,0x01,
    0x0c,0xf0,0x0a,0xe0,0x08,0xd0,0x06,0xc0,0x04,0x50,0x00,0x00,0x3c,0x75,0xd2,0x00,
};
constexpr std::uint8_t kReportingBytes50[] = {
    0x01,0x19,0x03,0x00,0x19,0x34,0x04,0x00,0x04,0x42,0x00,0x00,
};
constexpr std::uint8_t kReportingBytes51[] = {
    0x19,0x3f,0x0d,0x00,0x2e,0x68,0x19,0x00,0x2a,0x74,0x3a,0x00,0x26,0x64,0x39,0x00,
    0x22,0x34,0x38,0x00,0x16,0x01,0x34,0x00,0x08,0xf0,0x06,0xe0,0x04,0x50,0x00,0x00,
    0x3c,0x75,0xd2,0x00,
};
constexpr std::uint8_t kReportingBytes52[] = {
    0x19,0x31,0x09,0x00,0x23,0x68,0x0d,0x00,0x1f,0x74,0x20,0x00,0x1b,0x34,0x1f,0x00,
    0x0f,0x01,0x1c,0x00,0x04,0x50,0x00,0x00,0x3c,0x75,0xd2,0x00,
};
constexpr std::uint8_t kReportingBytes53[] = {
    0x19,0x38,0x0d,0x00,0x2a,0x68,0x08,0x00,0x26,0x64,0x1a,0x00,0x22,0x34,0x19,0x00,
    0x16,0x01,0x12,0x00,0x0b,0xe0,0x09,0xd0,0x07,0xc0,0x05,0x70,0x04,0x50,0x00,0x00,
    0x3c,0x75,0xd2,0x00,
};
constexpr std::uint8_t kReportingBytes54[] = {
    0x01,0x1d,0x0b,0x00,0x1d,0x74,0x04,0x00,0x16,0x64,0x05,0x00,0x11,0x34,0x06,0x00,
    0x0c,0x62,0x08,0xf0,0x06,0xe0,0x04,0xc0,0x02,0x50,0x00,0x00,
};
constexpr std::uint8_t kReportingBytes55[] = {
    0x00,0x00,0xa0,0x41,
};
constexpr std::uint8_t kReportingBytes56[] = {
    0x0f,0xb7,0x41,0x0a,0xc3,
};
constexpr std::uint8_t kReportingBytes57[] = {
    0x48,0x8b,0x41,0x10,0xc3,
};
constexpr std::uint8_t kReportingBytes58[] = {
    0x48,0x8b,0x41,0x18,0xc3,
};
constexpr ReportingSpan kReportingSpans[] = {
    {{0x966DE0,sizeof(kReportingBytes0),kReportingBytes0},SpanKind::Code},
    {{0x969230,sizeof(kReportingBytes1),kReportingBytes1},SpanKind::Code},
    {{0x1012A0,sizeof(kReportingBytes2),kReportingBytes2},SpanKind::Code},
    {{0x466B0,sizeof(kReportingBytes3),kReportingBytes3},SpanKind::Code},
    {{0xA2CDA0,sizeof(kReportingBytes4),kReportingBytes4},SpanKind::Code},
    {{0xA3D820,sizeof(kReportingBytes5),kReportingBytes5},SpanKind::Code},
    {{0xA555A0,sizeof(kReportingBytes6),kReportingBytes6},SpanKind::Code},
    {{0xA568A0,sizeof(kReportingBytes7),kReportingBytes7},SpanKind::Code},
    {{0xA538A0,sizeof(kReportingBytes8),kReportingBytes8},SpanKind::Code},
    {{0xA52070,sizeof(kReportingBytes9),kReportingBytes9},SpanKind::Code},
    {{0xA550B0,sizeof(kReportingBytes10),kReportingBytes10},SpanKind::Code},
    {{0xA53560,sizeof(kReportingBytes11),kReportingBytes11},SpanKind::Code},
    {{0xBA9420,sizeof(kReportingBytes12),kReportingBytes12},SpanKind::Code},
    {{0xA5CAA0,sizeof(kReportingBytes13),kReportingBytes13},SpanKind::Code},
    {{0xBA9490,sizeof(kReportingBytes14),kReportingBytes14},SpanKind::Code},
    {{0xBA98B0,sizeof(kReportingBytes15),kReportingBytes15},SpanKind::Code},
    {{0xBA9FD0,sizeof(kReportingBytes16),kReportingBytes16},SpanKind::Code},
    {{0xBEFDE0,sizeof(kReportingBytes17),kReportingBytes17},SpanKind::Code},
    {{0xBEAAD0,sizeof(kReportingBytes18),kReportingBytes18},SpanKind::Code},
    {{0xBF6F10,sizeof(kReportingBytes19),kReportingBytes19},SpanKind::Code},
    {{0xBF7F60,sizeof(kReportingBytes20),kReportingBytes20},SpanKind::Code},
    {{0xBF7E00,sizeof(kReportingBytes21),kReportingBytes21},SpanKind::Code},
    {{0xBF6D20,sizeof(kReportingBytes22),kReportingBytes22},SpanKind::Code},
    {{0xBF8010,sizeof(kReportingBytes23),kReportingBytes23},SpanKind::Code},
    {{0xBAB380,sizeof(kReportingBytes24),kReportingBytes24},SpanKind::Code},
    {{0xBAB120,sizeof(kReportingBytes25),kReportingBytes25},SpanKind::Code},
    {{0xBAF0C0,sizeof(kReportingBytes26),kReportingBytes26},SpanKind::Code},
    {{0xA34180,sizeof(kReportingBytes27),kReportingBytes27},SpanKind::Code},
    {{0xA34910,sizeof(kReportingBytes28),kReportingBytes28},SpanKind::Code},
    {{0xA4B2F0,sizeof(kReportingBytes29),kReportingBytes29},SpanKind::Code},
    {{0xBA59D0,sizeof(kReportingBytes30),kReportingBytes30},SpanKind::Code},
    {{0xBF8130,sizeof(kReportingBytes31),kReportingBytes31},SpanKind::Code},
    {{0xA48C50,sizeof(kReportingBytes32),kReportingBytes32},SpanKind::Code},
    {{0xA494A0,sizeof(kReportingBytes33),kReportingBytes33},SpanKind::Code},
    {{0xA48B60,sizeof(kReportingBytes34),kReportingBytes34},SpanKind::Code},
    {{0xADE10,sizeof(kReportingBytes35),kReportingBytes35},SpanKind::Code},
    {{0xA49360,sizeof(kReportingBytes36),kReportingBytes36},SpanKind::Code},
    {{0xA491D0,sizeof(kReportingBytes37),kReportingBytes37},SpanKind::Code},
    {{0x5F3E80,sizeof(kReportingBytes38),kReportingBytes38},SpanKind::Code},
    {{0x585490,sizeof(kReportingBytes39),kReportingBytes39},SpanKind::Code},
    {{0xA10CB0,sizeof(kReportingBytes40),kReportingBytes40},SpanKind::Code},
    {{0x97A7F0,sizeof(kReportingBytes41),kReportingBytes41},SpanKind::Code},
    {{0x12CBDD0,sizeof(kReportingBytes42),kReportingBytes42},SpanKind::ImmutableData},
    {{0x131E288,sizeof(kReportingBytes43),kReportingBytes43},SpanKind::ImmutableData},
    {{0x1350A5C,sizeof(kReportingBytes44),kReportingBytes44},SpanKind::ImmutableData},
    {{0x1353DC4,sizeof(kReportingBytes45),kReportingBytes45},SpanKind::ImmutableData},
    {{0x136F660,sizeof(kReportingBytes46),kReportingBytes46},SpanKind::ImmutableData},
    {{0x13766B4,sizeof(kReportingBytes47),kReportingBytes47},SpanKind::ImmutableData},
    {{0x1389E74,sizeof(kReportingBytes48),kReportingBytes48},SpanKind::ImmutableData},
    {{0x140CA88,sizeof(kReportingBytes49),kReportingBytes49},SpanKind::ImmutableData},
    {{0x1412510,sizeof(kReportingBytes50),kReportingBytes50},SpanKind::ImmutableData},
    {{0x1413718,sizeof(kReportingBytes51),kReportingBytes51},SpanKind::ImmutableData},
    {{0x14139E8,sizeof(kReportingBytes52),kReportingBytes52},SpanKind::ImmutableData},
    {{0x1416020,sizeof(kReportingBytes53),kReportingBytes53},SpanKind::ImmutableData},
    {{0x1449B2C,sizeof(kReportingBytes54),kReportingBytes54},SpanKind::ImmutableData},
    {{0xEA55A0,sizeof(kReportingBytes55),kReportingBytes55},SpanKind::ImmutableData},
    {{0xBF5940,sizeof(kReportingBytes56),kReportingBytes56},SpanKind::Code},
    {{0xBF5930,sizeof(kReportingBytes57),kReportingBytes57},SpanKind::Code},
    {{0xBF5950,sizeof(kReportingBytes58),kReportingBytes58},SpanKind::Code},
};
constexpr PointerRvaRecipe kReportingPointers[] = {
    {0x11B9D78,0xA12774},
    {0x11B9D80,0xA34180},
    {0x11B9D88,0x9EDDF0},
    {0x11B9D90,0x416D50},
    {0x11B9D98,0x9A7F10},
    {0x11B9DA0,0x9A7F10},
    {0x1276DC8,0xBEFDE0},
    {0x1276DD0,0xBF3A60},
    {0x1276E00,0xBF1B70},
    {0x1276D98,0xBF5940},
    {0x1276DA8,0xBF5930},
    {0x1276DB8,0xBF5950},
};
constexpr RuntimeFunctionRecipe kReportingExceptions[] = {
    {0x1877C18,0xBEFDE0,0xBEFEE4,0x136F660},
    {0x18780D4,0xBF6F10,0xBF7147,0x1449B2C},
    {0x187820C,0xBF8130,0xBF8152,0x1353DC4},
    {0x18730E8,0xBA59D0,0xBA5A94,0x1353DC4},
    {0x1861370,0xA4B2F0,0xA4B612,0x14139E8},
    {0x18605B4,0xA34180,0xA34269,0x131E288},
    {0x18611FC,0xA48C50,0xA49024,0x1416020},
    {0x1861268,0xA494A0,0xA49FCF,0x1413718},
    {0x18611E4,0xA48B60,0xA48BE1,0x1412510},
    {0x17EE788,0xADE10,0xADE81,0x1350A5C},
    {0x17EE794,0xADE81,0xADEA6,0x12CBDD0},
    {0x182F4EC,0x5F3E80,0x5F5494,0x1389E74},
    {0x1829D50,0x585490,0x586320,0x13766B4},
    {0x18605E4,0xA34910,0xA34F37,0x140CA88},
};
constexpr ReportingProfile kReportingProduction{
    kReportingSpans, sizeof(kReportingSpans)/sizeof(kReportingSpans[0]),
    kReportingPointers, sizeof(kReportingPointers)/sizeof(kReportingPointers[0]),
    kReportingExceptions, sizeof(kReportingExceptions)/sizeof(kReportingExceptions[0]),
    {0xE95570,"steam_api64.dll","SteamGameServer_RunCallbacks"}
};
